/tmp/ncnn-compile-274d00/libmvec_probe.c:8:11: warning: AVX vector argument of type 'vsf' (vector of 8 'float' values) without 'avx' enabled changes the ABI [-Wpsabi]
    8 |   vsf r = _ZGVdN8v_expf(x);
      |           ^
/tmp/ncnn-compile-274d00/libmvec_probe.c:9:8: warning: AVX vector argument of type 'vsf' (vector of 8 'float' values) without 'avx' enabled changes the ABI [-Wpsabi]
    9 |   r += _ZGVdN8v_tanhf(x);
      |        ^
/tmp/ncnn-compile-274d00/libmvec_probe.c:10:8: warning: AVX vector argument of type 'vsf' (vector of 8 'float' values) without 'avx' enabled changes the ABI [-Wpsabi]
   10 |   r += _ZGVdN8v_erff(x);
      |        ^
/tmp/ncnn-compile-274d00/libmvec_probe.c:11:8: warning: AVX vector argument of type 'vsf' (vector of 8 'float' values) without 'avx' enabled changes the ABI [-Wpsabi]
   11 |   r += _ZGVdN8v_logf(x);
      |        ^
/tmp/ncnn-compile-274d00/libmvec_probe.c:12:8: warning: AVX vector argument of type 'vsf' (vector of 8 'float' values) without 'avx' enabled changes the ABI [-Wpsabi]
   12 |   r += _ZGVdN8vv_powf(x, x);
      |        ^
5 warnings generated.
/tmp/ncnn-compile-274d00/model.capi.mlir:692:5: error: 'scf.parallel' op remains after parallel lowering; op=scf.parallel
    scf.parallel (%arg3, %arg4) = (%c0, %c0) to (%c640, %c640) step (%c1, %c1) {
    ^
/tmp/ncnn-compile-274d00/model.capi.mlir:692:5: note: see current operation: 
"scf.parallel"(%1054, %1054, %1058, %1058, %1011, %1011) <{operandSegmentSizes = array<i32: 2, 2, 2, 0>}> ({
^bb0(%arg3246: index, %arg3247: index):
  %8429 = "vector.transfer_read"(%1367, %1054, %arg3246, %arg3247, %1054, %1014) <{in_bounds = [true], operandSegmentSizes = array<i32: 1, 4, 1, 0>, permutation_map = affine_map<(d0, d1, d2, d3) -> (d3)>}> : (memref<1x640x640x3xf32>, index, index, index, index, f32) -> vector<3xf32>
  "vector.transfer_write"(%8429, %1369, %1054, %arg3246, %arg3247, %1054) <{in_bounds = [true], operandSegmentSizes = array<i32: 1, 1, 4, 0>, permutation_map = affine_map<(d0, d1, d2, d3) -> (d3)>}> : (vector<3xf32>, memref<1x640x640x3xf32, strided<[1244208, 1932, 3, 1], offset: 3870>>, index, index, index, index) -> ()
  "scf.reduce"() : () -> ()
}) : (index, index, index, index, index, index) -> ()
/tmp/ncnn-compile-274d00/model.capi.mlir:710:5: error: 'scf.parallel' op remains after parallel lowering; op=scf.parallel
    scf.parallel (%arg3, %arg4) = (%c0, %c0) to (%c320, %c320) step (%c1, %c1) {
    ^
/tmp/ncnn-compile-274d00/model.capi.mlir:710:5: note: see current operation: 
"scf.parallel"(%1054, %1054, %1059, %1059, %1011, %1011) <{operandSegmentSizes = array<i32: 2, 2, 2, 0>}> ({
^bb0(%arg3242: index, %arg3243: index):
  "scf.for"(%1054, %1013, %1011) ({
  ^bb0(%arg3245: index):
    %8427 = "arith.muli"(%arg3245, %1012) <{overflowFlags = #arith.overflow<none>}> : (index, index) -> index
    %8428 = "vector.transfer_read"(%1365, %8427, %1014) <{in_bounds = [true], operandSegmentSizes = array<i32: 1, 1, 1, 0>, permutation_map = affine_map<(d0) -> (d0)>}> : (memref<80xf32>, index, f32) -> vector<32xf32>
    "vector.transfer_write"(%8428, %1370, %1054, %arg3242, %arg3243, %8427) <{in_bounds = [true], operandSegmentSizes = array<i32: 1, 1, 4, 0>, permutation_map = affine_map<(d0, d1, d2, d3) -> (d3)>}> : (vector<32xf32>, memref<1x320x320x80xf32>, index, index, index, index) -> ()
    "scf.yield"() : () -> ()
  }) : (index, index, index) -> ()
  "scf.for"(%1054, %1016, %1011) ({
  ^bb0(%arg3244: index):
    %8425 = "arith.addi"(%arg3244, %1015) <{overflowFlags = #arith.overflow<none>}> : (index, index) -> index
    %8426 = "memref.load"(%1365, %8425) : (memref<80xf32>, index) -> f32
    "memref.store"(%8426, %1370, %1054, %arg3242, %arg3243, %8425) : (f32, memref<1x320x320x80xf32>, index, index, index, index) -> ()
    "scf.yield"() : () -> ()
  }) : (index, index, index) -> ()
  "scf.reduce"() : () -> ()
}) : (index, index, index, index, index, index) -> ()
/tmp/ncnn-compile-274d00/model.capi.mlir:737:5: error: 'scf.parallel' op remains after parallel lowering; op=scf.parallel
    scf.parallel (%arg3, %arg4, %arg5, %arg6) = (%c0, %c0, %c0, %c0) to (%c320, %c320, %c6, %c6) step (%c1, %c1, %c1, %c1) {
    ^
/tmp/ncnn-compile-274d00/model.capi.mlir:737:5: note: see current operation: 
"scf.parallel"(%1054, %1054, %1054, %1054, %1059, %1059, %1060, %1060, %1011, %1011, %1011, %1011) <{operandSegmentSizes = array<i32: 4, 4, 4, 0>}> ({
^bb0(%arg3238: index, %arg3239: index, %arg3240: index, %arg3241: index):
  %8422 = "affine.apply"(%arg3238, %arg3240) <{map = affine_map<(d0, d1) -> (d0 * 2 + d1)>}> : (index, index) -> index
  %8423 = "affine.apply"(%arg3239, %arg3241) <{map = affine_map<(d0, d1) -> (d0 * 2 + d1)>}> : (index, index) -> index
  %8424 = "vector.transfer_read"(%1368, %1054, %8422, %8423, %1054, %1014) <{in_bounds = [true], operandSegmentSizes = array<i32: 1, 4, 1, 0>, permutation_map = affine_map<(d0, d1, d2, d3) -> (d3)>}> : (memref<1x644x644x3xf32>, index, index, index, index, f32) -> vector<3xf32>
  "vector.transfer_write"(%8424, %1372, %arg3238, %arg3239, %arg3240, %arg3241, %1054) <{in_bounds = [true], operandSegmentSizes = array<i32: 1, 1, 5, 0>, permutation_map = affine_map<(d0, d1, d2, d3, d4) -> (d4)>}> : (vector<3xf32>, memref<320x320x6x6x3xf32>, index, index, index, index, index) -> ()
  "scf.reduce"() : () -> ()
}) : (index, index, index, index, index, index, index, index, index, index, index, index) -> ()
/tmp/ncnn-compile-274d00/model.capi.mlir:889:5: error: 'scf.parallel' op remains after parallel lowering; op=scf.parallel
    scf.parallel (%arg3, %arg4) = (%c0, %c0) to (%c320, %c320) step (%c1, %c1) {
    ^
/tmp/ncnn-compile-274d00/model.capi.mlir:889:5: note: see current operation: 
"scf.parallel"(%1054, %1054, %1059, %1059, %1011, %1011) <{operandSegmentSizes = array<i32: 2, 2, 2, 0>}> ({
^bb0(%arg3211: index, %arg3212: index):
  "scf.for"(%1054, %1013, %1011) ({
  ^bb0(%arg3214: index):
    %8357 = "arith.muli"(%arg3214, %1012) <{overflowFlags = #arith.overflow<none>}> : (index, index) -> index
    %8358 = "vector.transfer_read"(%1375, %1054, %arg3211, %arg3212, %8357, %1014) <{in_bounds = [true], operandSegmentSizes = array<i32: 1, 4, 1, 0>, permutation_map = affine_map<(d0, d1, d2, d3) -> (d3)>}> : (memref<1x320x320x80xf32>, index, index, index, index, f32) -> vector<32xf32>
    "vector.transfer_write"(%8358, %1377, %1054, %arg3211, %arg3212, %8357) <{in_bounds = [true], operandSegmentSizes = array<i32: 1, 1, 4, 0>, permutation_map = affine_map<(d0, d1, d2, d3) -> (d3)>}> : (vector<32xf32>, memref<1x320x320x80xf32, strided<[8346320, 25840, 80, 1], offset: 25920>>, index, index, index, index) -> ()
    "scf.yield"() : () -> ()
  }) : (index, index, index) -> ()
  "scf.for"(%1054, %1016, %1011) ({
  ^bb0(%arg3213: index):
    %8355 = "arith.addi"(%arg3213, %1015) <{overflowFlags = #arith.overflow<none>}> : (index, index) -> index
    %8356 = "memref.load"(%1375, %1054, %arg3211, %arg3212, %8355) : (memref<1x320x320x80xf32>, index, index, index, index) -> f32
    "memref.store"(%8356, %1377, %1054, %arg3211, %arg3212, %8355) : (f32, memref<1x320x320x80xf32, strided<[8346320, 25840, 80, 1], offset: 25920>>, index, index, index, index) -> ()
    "scf.yield"() : () -> ()
  }) : (index, index, index) -> ()
  "scf.reduce"() : () -> ()
}) : (index, index, index, index, index, index) -> ()
/tmp/ncnn-compile-274d00/model.capi.mlir:915:5: error: 'scf.parallel' op remains after parallel lowering; op=scf.parallel
    scf.parallel (%arg3, %arg4) = (%c0, %c0) to (%c161, %c161) step (%c1, %c1) {
    ^
/tmp/ncnn-compile-274d00/model.capi.mlir:915:5: note: see current operation: 
"scf.parallel"(%1054, %1054, %1064, %1064, %1011, %1011) <{operandSegmentSizes = array<i32: 2, 2, 2, 0>}> ({
^bb0(%arg3208: index, %arg3209: index):
  "scf.for"(%1054, %1017, %1011) ({
  ^bb0(%arg3210: index):
    %8353 = "arith.muli"(%arg3210, %1012) <{overflowFlags = #arith.overflow<none>}> : (index, index) -> index
    %8354 = "vector.transfer_read"(%1364, %8353, %1014) <{in_bounds = [true], operandSegmentSizes = array<i32: 1, 1, 1, 0>, permutation_map = affine_map<(d0) -> (d0)>}> : (memref<160xf32>, index, f32) -> vector<32xf32>
    "vector.transfer_write"(%8354, %1378, %1054, %arg3208, %arg3209, %8353) <{in_bounds = [true], operandSegmentSizes = array<i32: 1, 1, 4, 0>, permutation_map = affine_map<(d0, d1, d2, d3) -> (d3)>}> : (vector<32xf32>, memref<1x161x161x160xf32>, index, index, index, index) -> ()
    "scf.yield"() : () -> ()
  }) : (index, index, index) -> ()
  "scf.reduce"() : () -> ()
}) : (index, index, index, index, index, index) -> ()
/tmp/ncnn-compile-274d00/model.capi.mlir:937:5: error: 'scf.parallel' op remains after parallel lowering; op=scf.parallel
    scf.parallel (%arg3, %arg4, %arg5, %arg6) = (%c0, %c0, %c0, %c0) to (%c161, %c161, %c3, %c3) step (%c1, %c1, %c1, %c1) {
    ^
/tmp/ncnn-compile-274d00/model.capi.mlir:937:5: note: see current operation: 
"scf.parallel"(%1054, %1054, %1054, %1054, %1064, %1064, %1062, %1062, %1011, %1011, %1011, %1011) <{operandSegmentSizes = array<i32: 4, 4, 4, 0>}> ({
^bb0(%arg3202: index, %arg3203: index, %arg3204: index, %arg3205: index):
  "scf.for"(%1054, %1013, %1011) ({
  ^bb0(%arg3207: index):
    %8349 = "arith.muli"(%arg3207, %1012) <{overflowFlags = #arith.overflow<none>}> : (index, index) -> index
    %8350 = "affine.apply"(%arg3202, %arg3204) <{map = affine_map<(d0, d1) -> (d0 * 2 + d1)>}> : (index, index) -> index
    %8351 = "affine.apply"(%arg3203, %arg3205) <{map = affine_map<(d0, d1) -> (d0 * 2 + d1)>}> : (index, index) -> index
    %8352 = "vector.transfer_read"(%1376, %1054, %8350, %8351, %8349, %1014) <{in_bounds = [true], operandSegmentSizes = array<i32: 1, 4, 1, 0>, permutation_map = affine_map<(d0, d1, d2, d3) -> (d3)>}> : (memref<1x323x323x80xf32>, index, index, index, index, f32) -> vector<32xf32>
    "vector.transfer_write"(%8352, %1380, %arg3202, %arg3203, %arg3204, %arg3205, %8349) <{in_bounds = [true], operandSegmentSizes = array<i32: 1, 1, 5, 0>, permutation_map = affine_map<(d0, d1, d2, d3, d4) -> (d4)>}> : (vector<32xf32>, memref<161x161x3x3x80xf32>, index, index, index, index, index) -> ()
    "scf.yield"() : () -> ()
  }) : (index, index, index) -> ()
  "scf.for"(%1054, %1016, %1011) ({
  ^bb0(%arg3206: index):
    %8345 = "arith.addi"(%arg3206, %1015) <{overflowFlags = #arith.overflow<none>}> : (index, index) -> index
    %8346 = "affine.apply"(%arg3202, %arg3204) <{map = affine_map<(d0, d1) -> (d0 * 2 + d1)>}> : (index, index) -> index
    %8347 = "affine.apply"(%arg3203, %arg3205) <{map = affine_map<(d0, d1) -> (d0 * 2 + d1)>}> : (index, index) -> index
    %8348 = "memref.load"(%1376, %1054, %8346, %8347, %8345) : (memref<1x323x323x80xf32>, index, index, index, index) -> f32
    "memref.store"(%8348, %1380, %arg3202, %arg3203, %arg3204, %arg3205, %8345) : (f32, memref<161x161x3x3x80xf32>, index, index, index, index, index) -> ()
    "scf.yield"() : () -> ()
  }) : (index, index, index) -> ()
  "scf.reduce"() : () -> ()
}) : (index, index, index, index, index, index, index, index, index, index, index, index) -> ()
/tmp/ncnn-compile-274d00/model.capi.mlir:1065:5: error: 'scf.parallel' op remains after parallel lowering; op=scf.parallel
    scf.parallel (%arg3, %arg4) = (%c0, %c0) to (%c160, %c160) step (%c1, %c1) {
    ^
/tmp/ncnn-compile-274d00/model.capi.mlir:1065:5: note: see current operation: 
"scf.parallel"(%1054, %1054, %1067, %1067, %1011, %1011) <{operandSegmentSizes = array<i32: 2, 2, 2, 0>}> ({
^bb0(%arg3180: index, %arg3181: index):
  "scf.for"(%1054, %1013, %1011) ({
  ^bb0(%arg3183: index):
    %8301 = "arith.muli"(%arg3183, %1012) <{overflowFlags = #arith.overflow<none>}> : (index, index) -> index
    %8302 = "vector.transfer_read"(%1363, %8301, %1014) <{in_bounds = [true], operandSegmentSizes = array<i32: 1, 1, 1, 0>, permutation_map = affine_map<(d0) -> (d0)>}> : (memref<80xf32>, index, f32) -> vector<32xf32>
    "vector.transfer_write"(%8302, %1384, %1054, %arg3180, %arg3181, %8301) <{in_bounds = [true], operandSegmentSizes = array<i32: 1, 1, 4, 0>, permutation_map = affine_map<(d0, d1, d2, d3) -> (d3)>}> : (vector<32xf32>, memref<1x160x160x80xf32>, index, index, index, index) -> ()
    "scf.yield"() : () -> ()
  }) : (index, index, index) -> ()
  "scf.for"(%1054, %1016, %1011) ({
  ^bb0(%arg3182: index):
    %8299 = "arith.addi"(%arg3182, %1015) <{overflowFlags = #arith.overflow<none>}> : (index, index) -> index
    %8300 = "memref.load"(%1363, %8299) : (memref<80xf32>, index) -> f32
    "memref.store"(%8300, %1384, %1054, %arg3180, %arg3181, %8299) : (f32, memref<1x160x160x80xf32>, index, index, index, index) -> ()
    "scf.yield"() : () -> ()
  }) : (index, index, index) -> ()
  "scf.reduce"() : () -> ()
}) : (index, index, index, index, index, index) -> ()
/tmp/ncnn-compile-274d00/model.capi.mlir:1214:5: error: 'scf.parallel' op remains after parallel lowering; op=scf.parallel
    scf.parallel (%arg3, %arg4) = (%c0, %c0) to (%c160, %c160) step (%c1, %c1) {
    ^
/tmp/ncnn-compile-274d00/model.capi.mlir:1214:5: note: see current operation: 
"scf.parallel"(%1054, %1054, %1067, %1067, %1011, %1011) <{operandSegmentSizes = array<i32: 2, 2, 2, 0>}> ({
^bb0(%arg3157: index, %arg3158: index):
  "scf.for"(%1054, %1013, %1011) ({
  ^bb0(%arg3160: index):
    %8234 = "arith.muli"(%arg3160, %1012) <{overflowFlags = #arith.overflow<none>}> : (index, index) -> index
    %8235 = "vector.transfer_read"(%1362, %8234, %1014) <{in_bounds = [true], operandSegmentSizes = array<i32: 1, 1, 1, 0>, permutation_map = affine_map<(d0) -> (d0)>}> : (memref<80xf32>, index, f32) -> vector<32xf32>
    "vector.transfer_write"(%8235, %1384, %1054, %arg3157, %arg3158, %8234) <{in_bounds = [true], operandSegmentSizes = array<i32: 1, 1, 4, 0>, permutation_map = affine_map<(d0, d1, d2, d3) -> (d3)>}> : (vector<32xf32>, memref<1x160x160x80xf32>, index, index, index, index) -> ()
    "scf.yield"() : () -> ()
  }) : (index, index, index) -> ()
  "scf.for"(%1054, %1016, %1011) ({
  ^bb0(%arg3159: index):
    %8232 = "arith.addi"(%arg3159, %1015) <{overflowFlags = #arith.overflow<none>}> : (index, index) -> index
    %8233 = "memref.load"(%1362, %8232) : (memref<80xf32>, index) -> f32
    "memref.store"(%8233, %1384, %1054, %arg3157, %arg3158, %8232) : (f32, memref<1x160x160x80xf32>, index, index, index, index) -> ()
    "scf.yield"() : () -> ()
  }) : (index, index, index) -> ()
  "scf.reduce"() : () -> ()
}) : (index, index, index, index, index, index) -> ()
/tmp/ncnn-compile-274d00/model.capi.mlir:1363:5: error: 'scf.parallel' op remains after parallel lowering; op=scf.parallel
    scf.parallel (%arg3, %arg4) = (%c0, %c0) to (%c160, %c160) step (%c1, %c1) {
    ^
/tmp/ncnn-compile-274d00/model.capi.mlir:1363:5: note: see current operation: 
"scf.parallel"(%1054, %1054, %1067, %1067, %1011, %1011) <{operandSegmentSizes = array<i32: 2, 2, 2, 0>}> ({
^bb0(%arg3130: index, %arg3131: index):
  "scf.for"(%1054, %1013, %1011) ({
  ^bb0(%arg3133: index):
    %8167 = "arith.muli"(%arg3133, %1012) <{overflowFlags = #arith.overflow<none>}> : (index, index) -> index
    %8168 = "vector.transfer_read"(%1390, %1054, %arg3130, %arg3131, %8167, %1014) <{in_bounds = [true], operandSegmentSizes = array<i32: 1, 4, 1, 0>, permutation_map = affine_map<(d0, d1, d2, d3) -> (d3)>}> : (memref<1x160x160x80xf32>, index, index, index, index, f32) -> vector<32xf32>
    "vector.transfer_write"(%8168, %1392, %1054, %arg3130, %arg3131, %8167) <{in_bounds = [true], operandSegmentSizes = array<i32: 1, 1, 4, 0>, permutation_map = affine_map<(d0, d1, d2, d3) -> (d3)>}> : (vector<32xf32>, memref<1x160x160x80xf32, strided<[2099520, 12960, 80, 1], offset: 13040>>, index, index, index, index) -> ()
    "scf.yield"() : () -> ()
  }) : (index, index, index) -> ()
  "scf.for"(%1054, %1016, %1011) ({
  ^bb0(%arg3132: index):
    %8165 = "arith.addi"(%arg3132, %1015) <{overflowFlags = #arith.overflow<none>}> : (index, index) -> index
    %8166 = "memref.load"(%1390, %1054, %arg3130, %arg3131, %8165) : (memref<1x160x160x80xf32>, index, index, index, index) -> f32
    "memref.store"(%8166, %1392, %1054, %arg3130, %arg3131, %8165) : (f32, memref<1x160x160x80xf32, strided<[2099520, 12960, 80, 1], offset: 13040>>, index, index, index, index) -> ()
    "scf.yield"() : () -> ()
  }) : (index, index, index) -> ()
  "scf.reduce"() : () -> ()
}) : (index, index, index, index, index, index) -> ()
/tmp/ncnn-compile-274d00/model.capi.mlir:1381:5: error: 'scf.parallel' op remains after parallel lowering; op=scf.parallel
    scf.parallel (%arg3, %arg4) = (%c0, %c0) to (%c160, %c160) step (%c1, %c1) {
    ^
/tmp/ncnn-compile-274d00/model.capi.mlir:1381:5: note: see current operation: 
"scf.parallel"(%1054, %1054, %1067, %1067, %1011, %1011) <{operandSegmentSizes = array<i32: 2, 2, 2, 0>}> ({
^bb0(%arg3126: index, %arg3127: index):
  "scf.for"(%1054, %1013, %1011) ({
  ^bb0(%arg3129: index):
    %8163 = "arith.muli"(%arg3129, %1012) <{overflowFlags = #arith.overflow<none>}> : (index, index) -> index
    %8164 = "vector.transfer_read"(%1361, %8163, %1014) <{in_bounds = [true], operandSegmentSizes = array<i32: 1, 1, 1, 0>, permutation_map = affine_map<(d0) -> (d0)>}> : (memref<80xf32>, index, f32) -> vector<32xf32>
    "vector.transfer_write"(%8164, %1384, %1054, %arg3126, %arg3127, %8163) <{in_bounds = [true], operandSegmentSizes = array<i32: 1, 1, 4, 0>, permutation_map = affine_map<(d0, d1, d2, d3) -> (d3)>}> : (vector<32xf32>, memref<1x160x160x80xf32>, index, index, index, index) -> ()
    "scf.yield"() : () -> ()
  }) : (index, index, index) -> ()
  "scf.for"(%1054, %1016, %1011) ({
  ^bb0(%arg3128: index):
    %8161 = "arith.addi"(%arg3128, %1015) <{overflowFlags = #arith.overflow<none>}> : (index, index) -> index
    %8162 = "memref.load"(%1361, %8161) : (memref<80xf32>, index) -> f32
    "memref.store"(%8162, %1384, %1054, %arg3126, %arg3127, %8161) : (f32, memref<1x160x160x80xf32>, index, index, index, index) -> ()
    "scf.yield"() : () -> ()
  }) : (index, index, index) -> ()
  "scf.reduce"() : () -> ()
}) : (index, index, index, index, index, index) -> ()
/tmp/ncnn-compile-274d00/model.capi.mlir:1407:5: error: 'scf.parallel' op remains after parallel lowering; op=scf.parallel
    scf.parallel (%arg3, %arg4, %arg5, %arg6) = (%c0, %c0, %c0, %c0) to (%c160, %c160, %c3, %c3) step (%c1, %c1, %c1, %c1) {
    ^
/tmp/ncnn-compile-274d00/model.capi.mlir:1407:5: note: see current operation: 
"scf.parallel"(%1054, %1054, %1054, %1054, %1067, %1067, %1062, %1062, %1011, %1011, %1011, %1011) <{operandSegmentSizes = array<i32: 4, 4, 4, 0>}> ({
^bb0(%arg3120: index, %arg3121: index, %arg3122: index, %arg3123: index):
  "scf.for"(%1054, %1013, %1011) ({
  ^bb0(%arg3125: index):
    %8157 = "arith.muli"(%arg3125, %1012) <{overflowFlags = #arith.overflow<none>}> : (index, index) -> index
    %8158 = "affine.apply"(%arg3120, %arg3122) <{map = affine_map<(d0, d1) -> (d0 + d1)>}> : (index, index) -> index
    %8159 = "affine.apply"(%arg3121, %arg3123) <{map = affine_map<(d0, d1) -> (d0 + d1)>}> : (index, index) -> index
    %8160 = "vector.transfer_read"(%1391, %1054, %8158, %8159, %8157, %1014) <{in_bounds = [true], operandSegmentSizes = array<i32: 1, 4, 1, 0>, permutation_map = affine_map<(d0, d1, d2, d3) -> (d3)>}> : (memref<1x162x162x80xf32>, index, index, index, index, f32) -> vector<32xf32>
    "vector.transfer_write"(%8160, %1393, %arg3120, %arg3121, %arg3122, %arg3123, %8157) <{in_bounds = [true], operandSegmentSizes = array<i32: 1, 1, 5, 0>, permutation_map = affine_map<(d0, d1, d2, d3, d4) -> (d4)>}> : (vector<32xf32>, memref<160x160x3x3x80xf32>, index, index, index, index, index) -> ()
    "scf.yield"() : () -> ()
  }) : (index, index, index) -> ()
  "scf.for"(%1054, %1016, %1011) ({
  ^bb0(%arg3124: index):
    %8153 = "arith.addi"(%arg3124, %1015) <{overflowFlags = #arith.overflow<none>}> : (index, index) -> index
    %8154 = "affine.apply"(%arg3120, %arg3122) <{map = affine_map<(d0, d1) -> (d0 + d1)>}> : (index, index) -> index
    %8155 = "affine.apply"(%arg3121, %arg3123) <{map = affine_map<(d0, d1) -> (d0 + d1)>}> : (index, index) -> index
    %8156 = "memref.load"(%1391, %1054, %8154, %8155, %8153) : (memref<1x162x162x80xf32>, index, index, index, index) -> f32
    "memref.store"(%8156, %1393, %arg3120, %arg3121, %arg3122, %arg3123, %8153) : (f32, memref<160x160x3x3x80xf32>, index, index, index, index, index) -> ()
    "scf.yield"() : () -> ()
  }) : (index, index, index) -> ()
  "scf.reduce"() : () -> ()
}) : (index, index, index, index, index, index, index, index, index, index, index, index) -> ()
/tmp/ncnn-compile-274d00/model.capi.mlir:1554:5: error: 'scf.parallel' op remains after parallel lowering; op=scf.parallel
    scf.parallel (%arg3, %arg4) = (%c0, %c0) to (%c160, %c160) step (%c1, %c1) {
    ^
/tmp/ncnn-compile-274d00/model.capi.mlir:1554:5: note: see current operation: 
"scf.parallel"(%1054, %1054, %1067, %1067, %1011, %1011) <{operandSegmentSizes = array<i32: 2, 2, 2, 0>}> ({
^bb0(%arg3096: index, %arg3097: index):
  "scf.for"(%1054, %1013, %1011) ({
  ^bb0(%arg3099: index):
    %8084 = "arith.muli"(%arg3099, %1012) <{overflowFlags = #arith.overflow<none>}> : (index, index) -> index
    %8085 = "vector.transfer_read"(%1360, %8084, %1014) <{in_bounds = [true], operandSegmentSizes = array<i32: 1, 1, 1, 0>, permutation_map = affine_map<(d0) -> (d0)>}> : (memref<80xf32>, index, f32) -> vector<32xf32>
    "vector.transfer_write"(%8085, %1384, %1054, %arg3096, %arg3097, %8084) <{in_bounds = [true], operandSegmentSizes = array<i32: 1, 1, 4, 0>, permutation_map = affine_map<(d0, d1, d2, d3) -> (d3)>}> : (vector<32xf32>, memref<1x160x160x80xf32>, index, index, index, index) -> ()
    "scf.yield"() : () -> ()
  }) : (index, index, index) -> ()
  "scf.for"(%1054, %1016, %1011) ({
  ^bb0(%arg3098: index):
    %8082 = "arith.addi"(%arg3098, %1015) <{overflowFlags = #arith.overflow<none>}> : (index, index) -> index
    %8083 = "memref.load"(%1360, %8082) : (memref<80xf32>, index) -> f32
    "memref.store"(%8083, %1384, %1054, %arg3096, %arg3097, %8082) : (f32, memref<1x160x160x80xf32>, index, index, index, index) -> ()
    "scf.yield"() : () -> ()
  }) : (index, index, index) -> ()
  "scf.reduce"() : () -> ()
}) : (index, index, index, index, index, index) -> ()
/tmp/ncnn-compile-274d00/model.capi.mlir:1703:5: error: 'scf.parallel' op remains after parallel lowering; op=scf.parallel
    scf.parallel (%arg3, %arg4) = (%c0, %c0) to (%c160, %c160) step (%c1, %c1) {
    ^
/tmp/ncnn-compile-274d00/model.capi.mlir:1703:5: note: see current operation: 
"scf.parallel"(%1054, %1054, %1067, %1067, %1011, %1011) <{operandSegmentSizes = array<i32: 2, 2, 2, 0>}> ({
^bb0(%arg3069: index, %arg3070: index):
  "scf.for"(%1054, %1013, %1011) ({
  ^bb0(%arg3072: index):
    %8017 = "arith.muli"(%arg3072, %1012) <{overflowFlags = #arith.overflow<none>}> : (index, index) -> index
    %8018 = "vector.transfer_read"(%1390, %1054, %arg3069, %arg3070, %8017, %1014) <{in_bounds = [true], operandSegmentSizes = array<i32: 1, 4, 1, 0>, permutation_map = affine_map<(d0, d1, d2, d3) -> (d3)>}> : (memref<1x160x160x80xf32>, index, index, index, index, f32) -> vector<32xf32>
    "vector.transfer_write"(%8018, %1398, %1054, %arg3069, %arg3070, %8017) <{in_bounds = [true], operandSegmentSizes = array<i32: 1, 1, 4, 0>, permutation_map = affine_map<(d0, d1, d2, d3) -> (d3)>}> : (vector<32xf32>, memref<1x160x160x80xf32, strided<[2099520, 12960, 80, 1], offset: 13040>>, index, index, index, index) -> ()
    "scf.yield"() : () -> ()
  }) : (index, index, index) -> ()
  "scf.for"(%1054, %1016, %1011) ({
  ^bb0(%arg3071: index):
    %8015 = "arith.addi"(%arg3071, %1015) <{overflowFlags = #arith.overflow<none>}> : (index, index) -> index
    %8016 = "memref.load"(%1390, %1054, %arg3069, %arg3070, %8015) : (memref<1x160x160x80xf32>, index, index, index, index) -> f32
    "memref.store"(%8016, %1398, %1054, %arg3069, %arg3070, %8015) : (f32, memref<1x160x160x80xf32, strided<[2099520, 12960, 80, 1], offset: 13040>>, index, index, index, index) -> ()
    "scf.yield"() : () -> ()
  }) : (index, index, index) -> ()
  "scf.reduce"() : () -> ()
}) : (index, index, index, index, index, index) -> ()
/tmp/ncnn-compile-274d00/model.capi.mlir:1721:5: error: 'scf.parallel' op remains after parallel lowering; op=scf.parallel
    scf.parallel (%arg3, %arg4) = (%c0, %c0) to (%c160, %c160) step (%c1, %c1) {
    ^
/tmp/ncnn-compile-274d00/model.capi.mlir:1721:5: note: see current operation: 
"scf.parallel"(%1054, %1054, %1067, %1067, %1011, %1011) <{operandSegmentSizes = array<i32: 2, 2, 2, 0>}> ({
^bb0(%arg3065: index, %arg3066: index):
  "scf.for"(%1054, %1013, %1011) ({
  ^bb0(%arg3068: index):
    %8013 = "arith.muli"(%arg3068, %1012) <{overflowFlags = #arith.overflow<none>}> : (index, index) -> index
    %8014 = "vector.transfer_read"(%1359, %8013, %1014) <{in_bounds = [true], operandSegmentSizes = array<i32: 1, 1, 1, 0>, permutation_map = affine_map<(d0) -> (d0)>}> : (memref<80xf32>, index, f32) -> vector<32xf32>
    "vector.transfer_write"(%8014, %1384, %1054, %arg3065, %arg3066, %8013) <{in_bounds = [true], operandSegmentSizes = array<i32: 1, 1, 4, 0>, permutation_map = affine_map<(d0, d1, d2, d3) -> (d3)>}> : (vector<32xf32>, memref<1x160x160x80xf32>, index, index, index, index) -> ()
    "scf.yield"() : () -> ()
  }) : (index, index, index) -> ()
  "scf.for"(%1054, %1016, %1011) ({
  ^bb0(%arg3067: index):
    %8011 = "arith.addi"(%arg3067, %1015) <{overflowFlags = #arith.overflow<none>}> : (index, index) -> index
    %8012 = "memref.load"(%1359, %8011) : (memref<80xf32>, index) -> f32
    "memref.store"(%8012, %1384, %1054, %arg3065, %arg3066, %8011) : (f32, memref<1x160x160x80xf32>, index, index, index, index) -> ()
    "scf.yield"() : () -> ()
  }) : (index, index, index) -> ()
  "scf.reduce"() : () -> ()
}) : (index, index, index, index, index, index) -> ()
/tmp/ncnn-compile-274d00/model.capi.mlir:1739:5: error: 'scf.parallel' op remains after parallel lowering; op=scf.parallel
    scf.parallel (%arg3, %arg4, %arg5, %arg6) = (%c0, %c0, %c0, %c0) to (%c160, %c160, %c3, %c3) step (%c1, %c1, %c1, %c1) {
    ^
/tmp/ncnn-compile-274d00/model.capi.mlir:1739:5: note: see current operation: 
"scf.parallel"(%1054, %1054, %1054, %1054, %1067, %1067, %1062, %1062, %1011, %1011, %1011, %1011) <{operandSegmentSizes = array<i32: 4, 4, 4, 0>}> ({
^bb0(%arg3059: index, %arg3060: index, %arg3061: index, %arg3062: index):
  "scf.for"(%1054, %1013, %1011) ({
  ^bb0(%arg3064: index):
    %8007 = "arith.muli"(%arg3064, %1012) <{overflowFlags = #arith.overflow<none>}> : (index, index) -> index
    %8008 = "affine.apply"(%arg3059, %arg3061) <{map = affine_map<(d0, d1) -> (d0 + d1)>}> : (index, index) -> index
    %8009 = "affine.apply"(%arg3060, %arg3062) <{map = affine_map<(d0, d1) -> (d0 + d1)>}> : (index, index) -> index
    %8010 = "vector.transfer_read"(%1397, %1054, %8008, %8009, %8007, %1014) <{in_bounds = [true], operandSegmentSizes = array<i32: 1, 4, 1, 0>, permutation_map = affine_map<(d0, d1, d2, d3) -> (d3)>}> : (memref<1x162x162x80xf32>, index, index, index, index, f32) -> vector<32xf32>
    "vector.transfer_write"(%8010, %1393, %arg3059, %arg3060, %arg3061, %arg3062, %8007) <{in_bounds = [true], operandSegmentSizes = array<i32: 1, 1, 5, 0>, permutation_map = affine_map<(d0, d1, d2, d3, d4) -> (d4)>}> : (vector<32xf32>, memref<160x160x3x3x80xf32>, index, index, index, index, index) -> ()
    "scf.yield"() : () -> ()
  }) : (index, index, index) -> ()
  "scf.for"(%1054, %1016, %1011) ({
  ^bb0(%arg3063: index):
    %8003 = "arith.addi"(%arg3063, %1015) <{overflowFlags = #arith.overflow<none>}> : (index, index) -> index
    %8004 = "affine.apply"(%arg3059, %arg3061) <{map = affine_map<(d0, d1) -> (d0 + d1)>}> : (index, index) -> index
    %8005 = "affine.apply"(%arg3060, %arg3062) <{map = affine_map<(d0, d1) -> (d0 + d1)>}> : (index, index) -> index
    %8006 = "memref.load"(%1397, %1054, %8004, %8005, %8003) : (memref<1x162x162x80xf32>, index, index, index, index) -> f32
    "memref.store"(%8006, %1393, %arg3059, %arg3060, %arg3061, %arg3062, %8003) : (f32, memref<160x160x3x3x80xf32>, index, index, index, index, index) -> ()
    "scf.yield"() : () -> ()
  }) : (index, index, index) -> ()
  "scf.reduce"() : () -> ()
}) : (index, index, index, index, index, index, index, index, index, index, index, index) -> ()
/tmp/ncnn-compile-274d00/model.capi.mlir:1885:5: error: 'scf.parallel' op remains after parallel lowering; op=scf.parallel
    scf.parallel (%arg3, %arg4) = (%c0, %c0) to (%c160, %c160) step (%c1, %c1) {
    ^
/tmp/ncnn-compile-274d00/model.capi.mlir:1885:5: note: see current operation: 
"scf.parallel"(%1054, %1054, %1067, %1067, %1011, %1011) <{operandSegmentSizes = array<i32: 2, 2, 2, 0>}> ({
^bb0(%arg3035: index, %arg3036: index):
  "scf.for"(%1054, %1013, %1011) ({
  ^bb0(%arg3038: index):
    %7934 = "arith.muli"(%arg3038, %1012) <{overflowFlags = #arith.overflow<none>}> : (index, index) -> index
    %7935 = "vector.transfer_read"(%1358, %7934, %1014) <{in_bounds = [true], operandSegmentSizes = array<i32: 1, 1, 1, 0>, permutation_map = affine_map<(d0) -> (d0)>}> : (memref<80xf32>, index, f32) -> vector<32xf32>
    "vector.transfer_write"(%7935, %1384, %1054, %arg3035, %arg3036, %7934) <{in_bounds = [true], operandSegmentSizes = array<i32: 1, 1, 4, 0>, permutation_map = affine_map<(d0, d1, d2, d3) -> (d3)>}> : (vector<32xf32>, memref<1x160x160x80xf32>, index, index, index, index) -> ()
    "scf.yield"() : () -> ()
  }) : (index, index, index) -> ()
  "scf.for"(%1054, %1016, %1011) ({
  ^bb0(%arg3037: index):
    %7932 = "arith.addi"(%arg3037, %1015) <{overflowFlags = #arith.overflow<none>}> : (index, index) -> index
    %7933 = "memref.load"(%1358, %7932) : (memref<80xf32>, index) -> f32
    "memref.store"(%7933, %1384, %1054, %arg3035, %arg3036, %7932) : (f32, memref<1x160x160x80xf32>, index, index, index, index) -> ()
    "scf.yield"() : () -> ()
  }) : (index, index, index) -> ()
  "scf.reduce"() : () -> ()
}) : (index, index, index, index, index, index) -> ()
/tmp/ncnn-compile-274d00/model.capi.mlir:2034:5: error: 'scf.parallel' op remains after parallel lowering; op=scf.parallel
    scf.parallel (%arg3, %arg4) = (%c0, %c0) to (%c160, %c160) step (%c1, %c1) {
    ^
/tmp/ncnn-compile-274d00/model.capi.mlir:2034:5: note: see current operation: 
"scf.parallel"(%1054, %1054, %1067, %1067, %1011, %1011) <{operandSegmentSizes = array<i32: 2, 2, 2, 0>}> ({
^bb0(%arg3008: index, %arg3009: index):
  "scf.for"(%1054, %1013, %1011) ({
  ^bb0(%arg3011: index):
    %7867 = "arith.muli"(%arg3011, %1012) <{overflowFlags = #arith.overflow<none>}> : (index, index) -> index
    %7868 = "vector.transfer_read"(%1390, %1054, %arg3008, %arg3009, %7867, %1014) <{in_bounds = [true], operandSegmentSizes = array<i32: 1, 4, 1, 0>, permutation_map = affine_map<(d0, d1, d2, d3) -> (d3)>}> : (memref<1x160x160x80xf32>, index, index, index, index, f32) -> vector<32xf32>
    "vector.transfer_write"(%7868, %1402, %1054, %arg3008, %arg3009, %7867) <{in_bounds = [true], operandSegmentSizes = array<i32: 1, 1, 4, 0>, permutation_map = affine_map<(d0, d1, d2, d3) -> (d3)>}> : (vector<32xf32>, memref<1x160x160x80xf32, strided<[2099520, 12960, 80, 1], offset: 13040>>, index, index, index, index) -> ()
    "scf.yield"() : () -> ()
  }) : (index, index, index) -> ()
  "scf.for"(%1054, %1016, %1011) ({
  ^bb0(%arg3010: index):
    %7865 = "arith.addi"(%arg3010, %1015) <{overflowFlags = #arith.overflow<none>}> : (index, index) -> index
    %7866 = "memref.load"(%1390, %1054, %arg3008, %arg3009, %7865) : (memref<1x160x160x80xf32>, index, index, index, index) -> f32
    "memref.store"(%7866, %1402, %1054, %arg3008, %arg3009, %7865) : (f32, memref<1x160x160x80xf32, strided<[2099520, 12960, 80, 1], offset: 13040>>, index, index, index, index) -> ()
    "scf.yield"() : () -> ()
  }) : (index, index, index) -> ()
  "scf.reduce"() : () -> ()
}) : (index, index, index, index, index, index) -> ()
/tmp/ncnn-compile-274d00/model.capi.mlir:2052:5: error: 'scf.parallel' op remains after parallel lowering; op=scf.parallel
    scf.parallel (%arg3, %arg4) = (%c0, %c0) to (%c160, %c160) step (%c1, %c1) {
    ^
/tmp/ncnn-compile-274d00/model.capi.mlir:2052:5: note: see current operation: 
"scf.parallel"(%1054, %1054, %1067, %1067, %1011, %1011) <{operandSegmentSizes = array<i32: 2, 2, 2, 0>}> ({
^bb0(%arg3004: index, %arg3005: index):
  "scf.for"(%1054, %1013, %1011) ({
  ^bb0(%arg3007: index):
    %7863 = "arith.muli"(%arg3007, %1012) <{overflowFlags = #arith.overflow<none>}> : (index, index) -> index
    %7864 = "vector.transfer_read"(%1357, %7863, %1014) <{in_bounds = [true], operandSegmentSizes = array<i32: 1, 1, 1, 0>, permutation_map = affine_map<(d0) -> (d0)>}> : (memref<80xf32>, index, f32) -> vector<32xf32>
    "vector.transfer_write"(%7864, %1384, %1054, %arg3004, %arg3005, %7863) <{in_bounds = [true], operandSegmentSizes = array<i32: 1, 1, 4, 0>, permutation_map = affine_map<(d0, d1, d2, d3) -> (d3)>}> : (vector<32xf32>, memref<1x160x160x80xf32>, index, index, index, index) -> ()
    "scf.yield"() : () -> ()
  }) : (index, index, index) -> ()
  "scf.for"(%1054, %1016, %1011) ({
  ^bb0(%arg3006: index):
    %7861 = "arith.addi"(%arg3006, %1015) <{overflowFlags = #arith.overflow<none>}> : (index, index) -> index
    %7862 = "memref.load"(%1357, %7861) : (memref<80xf32>, index) -> f32
    "memref.store"(%7862, %1384, %1054, %arg3004, %arg3005, %7861) : (f32, memref<1x160x160x80xf32>, index, index, index, index) -> ()
    "scf.yield"() : () -> ()
  }) : (index, index, index) -> ()
  "scf.reduce"() : () -> ()
}) : (index, index, index, index, index, index) -> ()
/tmp/ncnn-compile-274d00/model.capi.mlir:2070:5: error: 'scf.parallel' op remains after parallel lowering; op=scf.parallel
    scf.parallel (%arg3, %arg4, %arg5, %arg6) = (%c0, %c0, %c0, %c0) to (%c160, %c160, %c3, %c3) step (%c1, %c1, %c1, %c1) {
    ^
/tmp/ncnn-compile-274d00/model.capi.mlir:2070:5: note: see current operation: 
"scf.parallel"(%1054, %1054, %1054, %1054, %1067, %1067, %1062, %1062, %1011, %1011, %1011, %1011) <{operandSegmentSizes = array<i32: 4, 4, 4, 0>}> ({
^bb0(%arg2998: index, %arg2999: index, %arg3000: index, %arg3001: index):
  "scf.for"(%1054, %1013, %1011) ({
  ^bb0(%arg3003: index):
    %7857 = "arith.muli"(%arg3003, %1012) <{overflowFlags = #arith.overflow<none>}> : (index, index) -> index
    %7858 = "affine.apply"(%arg2998, %arg3000) <{map = affine_map<(d0, d1) -> (d0 + d1)>}> : (index, index) -> index
    %7859 = "affine.apply"(%arg2999, %arg3001) <{map = affine_map<(d0, d1) -> (d0 + d1)>}> : (index, index) -> index
    %7860 = "vector.transfer_read"(%1401, %1054, %7858, %7859, %7857, %1014) <{in_bounds = [true], operandSegmentSizes = array<i32: 1, 4, 1, 0>, permutation_map = affine_map<(d0, d1, d2, d3) -> (d3)>}> : (memref<1x162x162x80xf32>, index, index, index, index, f32) -> vector<32xf32>
    "vector.transfer_write"(%7860, %1393, %arg2998, %arg2999, %arg3000, %arg3001, %7857) <{in_bounds = [true], operandSegmentSizes = array<i32: 1, 1, 5, 0>, permutation_map = affine_map<(d0, d1, d2, d3, d4) -> (d4)>}> : (vector<32xf32>, memref<160x160x3x3x80xf32>, index, index, index, index, index) -> ()
    "scf.yield"() : () -> ()
  }) : (index, index, index) -> ()
  "scf.for"(%1054, %1016, %1011) ({
  ^bb0(%arg3002: index):
    %7853 = "arith.addi"(%arg3002, %1015) <{overflowFlags = #arith.overflow<none>}> : (index, index) -> index
    %7854 = "affine.apply"(%arg2998, %arg3000) <{map = affine_map<(d0, d1) -> (d0 + d1)>}> : (index, index) -> index
    %7855 = "affine.apply"(%arg2999, %arg3001) <{map = affine_map<(d0, d1) -> (d0 + d1)>}> : (index, index) -> index
    %7856 = "memref.load"(%1401, %1054, %7854, %7855, %7853) : (memref<1x162x162x80xf32>, index, index, index, index) -> f32
    "memref.store"(%7856, %1393, %arg2998, %arg2999, %arg3000, %arg3001, %7853) : (f32, memref<160x160x3x3x80xf32>, index, index, index, index, index) -> ()
    "scf.yield"() : () -> ()
  }) : (index, index, index) -> ()
  "scf.reduce"() : () -> ()
}) : (index, index, index, index, index, index, index, index, index, index, index, index) -> ()
/tmp/ncnn-compile-274d00/model.capi.mlir:2216:5: error: 'scf.parallel' op remains after parallel lowering; op=scf.parallel
    scf.parallel (%arg3, %arg4) = (%c0, %c0) to (%c160, %c160) step (%c1, %c1) {
    ^
/tmp/ncnn-compile-274d00/model.capi.mlir:2216:5: note: see current operation: 
"scf.parallel"(%1054, %1054, %1067, %1067, %1011, %1011) <{operandSegmentSizes = array<i32: 2, 2, 2, 0>}> ({
^bb0(%arg2974: index, %arg2975: index):
  "scf.for"(%1054, %1013, %1011) ({
  ^bb0(%arg2977: index):
    %7784 = "arith.muli"(%arg2977, %1012) <{overflowFlags = #arith.overflow<none>}> : (index, index) -> index
    %7785 = "vector.transfer_read"(%1356, %7784, %1014) <{in_bounds = [true], operandSegmentSizes = array<i32: 1, 1, 1, 0>, permutation_map = affine_map<(d0) -> (d0)>}> : (memref<80xf32>, index, f32) -> vector<32xf32>
    "vector.transfer_write"(%7785, %1384, %1054, %arg2974, %arg2975, %7784) <{in_bounds = [true], operandSegmentSizes = array<i32: 1, 1, 4, 0>, permutation_map = affine_map<(d0, d1, d2, d3) -> (d3)>}> : (vector<32xf32>, memref<1x160x160x80xf32>, index, index, index, index) -> ()
    "scf.yield"() : () -> ()
  }) : (index, index, index) -> ()
  "scf.for"(%1054, %1016, %1011) ({
  ^bb0(%arg2976: index):
    %7782 = "arith.addi"(%arg2976, %1015) <{overflowFlags = #arith.overflow<none>}> : (index, index) -> index
    %7783 = "memref.load"(%1356, %7782) : (memref<80xf32>, index) -> f32
    "memref.store"(%7783, %1384, %1054, %arg2974, %arg2975, %7782) : (f32, memref<1x160x160x80xf32>, index, index, index, index) -> ()
    "scf.yield"() : () -> ()
  }) : (index, index, index) -> ()
  "scf.reduce"() : () -> ()
}) : (index, index, index, index, index, index) -> ()
/tmp/ncnn-compile-274d00/model.capi.mlir:2365:5: error: 'scf.parallel' op remains after parallel lowering; op=scf.parallel
    scf.parallel (%arg3, %arg4) = (%c0, %c0) to (%c160, %c160) step (%c1, %c1) {
    ^
/tmp/ncnn-compile-274d00/model.capi.mlir:2365:5: note: see current operation: 
"scf.parallel"(%1054, %1054, %1067, %1067, %1011, %1011) <{operandSegmentSizes = array<i32: 2, 2, 2, 0>}> ({
^bb0(%arg2947: index, %arg2948: index):
  "scf.for"(%1054, %1013, %1011) ({
  ^bb0(%arg2950: index):
    %7717 = "arith.muli"(%arg2950, %1012) <{overflowFlags = #arith.overflow<none>}> : (index, index) -> index
    %7718 = "vector.transfer_read"(%1390, %1054, %arg2947, %arg2948, %7717, %1014) <{in_bounds = [true], operandSegmentSizes = array<i32: 1, 4, 1, 0>, permutation_map = affine_map<(d0, d1, d2, d3) -> (d3)>}> : (memref<1x160x160x80xf32>, index, index, index, index, f32) -> vector<32xf32>
    "vector.transfer_write"(%7718, %1406, %1054, %arg2947, %arg2948, %7717) <{in_bounds = [true], operandSegmentSizes = array<i32: 1, 1, 4, 0>, permutation_map = affine_map<(d0, d1, d2, d3) -> (d3)>}> : (vector<32xf32>, memref<1x160x160x80xf32, strided<[2099520, 12960, 80, 1], offset: 13040>>, index, index, index, index) -> ()
    "scf.yield"() : () -> ()
  }) : (index, index, index) -> ()
  "scf.for"(%1054, %1016, %1011) ({
  ^bb0(%arg2949: index):
    %7715 = "arith.addi"(%arg2949, %1015) <{overflowFlags = #arith.overflow<none>}> : (index, index) -> index
    %7716 = "memref.load"(%1390, %1054, %arg2947, %arg2948, %7715) : (memref<1x160x160x80xf32>, index, index, index, index) -> f32
    "memref.store"(%7716, %1406, %1054, %arg2947, %arg2948, %7715) : (f32, memref<1x160x160x80xf32, strided<[2099520, 12960, 80, 1], offset: 13040>>, index, index, index, index) -> ()
    "scf.yield"() : () -> ()
  }) : (index, index, index) -> ()
  "scf.reduce"() : () -> ()
}) : (index, index, index, index, index, index) -> ()
/tmp/ncnn-compile-274d00/model.capi.mlir:2383:5: error: 'scf.parallel' op remains after parallel lowering; op=scf.parallel
    scf.parallel (%arg3, %arg4) = (%c0, %c0) to (%c160, %c160) step (%c1, %c1) {
    ^
/tmp/ncnn-compile-274d00/model.capi.mlir:2383:5: note: see current operation: 
"scf.parallel"(%1054, %1054, %1067, %1067, %1011, %1011) <{operandSegmentSizes = array<i32: 2, 2, 2, 0>}> ({
^bb0(%arg2943: index, %arg2944: index):
  "scf.for"(%1054, %1013, %1011) ({
  ^bb0(%arg2946: index):
    %7713 = "arith.muli"(%arg2946, %1012) <{overflowFlags = #arith.overflow<none>}> : (index, index) -> index
    %7714 = "vector.transfer_read"(%1355, %7713, %1014) <{in_bounds = [true], operandSegmentSizes = array<i32: 1, 1, 1, 0>, permutation_map = affine_map<(d0) -> (d0)>}> : (memref<80xf32>, index, f32) -> vector<32xf32>
    "vector.transfer_write"(%7714, %1384, %1054, %arg2943, %arg2944, %7713) <{in_bounds = [true], operandSegmentSizes = array<i32: 1, 1, 4, 0>, permutation_map = affine_map<(d0, d1, d2, d3) -> (d3)>}> : (vector<32xf32>, memref<1x160x160x80xf32>, index, index, index, index) -> ()
    "scf.yield"() : () -> ()
  }) : (index, index, index) -> ()
  "scf.for"(%1054, %1016, %1011) ({
  ^bb0(%arg2945: index):
    %7711 = "arith.addi"(%arg2945, %1015) <{overflowFlags = #arith.overflow<none>}> : (index, index) -> index
    %7712 = "memref.load"(%1355, %7711) : (memref<80xf32>, index) -> f32
    "memref.store"(%7712, %1384, %1054, %arg2943, %arg2944, %7711) : (f32, memref<1x160x160x80xf32>, index, index, index, index) -> ()
    "scf.yield"() : () -> ()
  }) : (index, index, index) -> ()
  "scf.reduce"() : () -> ()
}) : (index, index, index, index, index, index) -> ()
/tmp/ncnn-compile-274d00/model.capi.mlir:2401:5: error: 'scf.parallel' op remains after parallel lowering; op=scf.parallel
    scf.parallel (%arg3, %arg4, %arg5, %arg6) = (%c0, %c0, %c0, %c0) to (%c160, %c160, %c3, %c3) step (%c1, %c1, %c1, %c1) {
    ^
/tmp/ncnn-compile-274d00/model.capi.mlir:2401:5: note: see current operation: 
"scf.parallel"(%1054, %1054, %1054, %1054, %1067, %1067, %1062, %1062, %1011, %1011, %1011, %1011) <{operandSegmentSizes = array<i32: 4, 4, 4, 0>}> ({
^bb0(%arg2937: index, %arg2938: index, %arg2939: index, %arg2940: index):
  "scf.for"(%1054, %1013, %1011) ({
  ^bb0(%arg2942: index):
    %7707 = "arith.muli"(%arg2942, %1012) <{overflowFlags = #arith.overflow<none>}> : (index, index) -> index
    %7708 = "affine.apply"(%arg2937, %arg2939) <{map = affine_map<(d0, d1) -> (d0 + d1)>}> : (index, index) -> index
    %7709 = "affine.apply"(%arg2938, %arg2940) <{map = affine_map<(d0, d1) -> (d0 + d1)>}> : (index, index) -> index
    %7710 = "vector.transfer_read"(%1405, %1054, %7708, %7709, %7707, %1014) <{in_bounds = [true], operandSegmentSizes = array<i32: 1, 4, 1, 0>, permutation_map = affine_map<(d0, d1, d2, d3) -> (d3)>}> : (memref<1x162x162x80xf32>, index, index, index, index, f32) -> vector<32xf32>
    "vector.transfer_write"(%7710, %1393, %arg2937, %arg2938, %arg2939, %arg2940, %7707) <{in_bounds = [true], operandSegmentSizes = array<i32: 1, 1, 5, 0>, permutation_map = affine_map<(d0, d1, d2, d3, d4) -> (d4)>}> : (vector<32xf32>, memref<160x160x3x3x80xf32>, index, index, index, index, index) -> ()
    "scf.yield"() : () -> ()
  }) : (index, index, index) -> ()
  "scf.for"(%1054, %1016, %1011) ({
  ^bb0(%arg2941: index):
    %7703 = "arith.addi"(%arg2941, %1015) <{overflowFlags = #arith.overflow<none>}> : (index, index) -> index
    %7704 = "affine.apply"(%arg2937, %arg2939) <{map = affine_map<(d0, d1) -> (d0 + d1)>}> : (index, index) -> index
    %7705 = "affine.apply"(%arg2938, %arg2940) <{map = affine_map<(d0, d1) -> (d0 + d1)>}> : (index, index) -> index
    %7706 = "memref.load"(%1405, %1054, %7704, %7705, %7703) : (memref<1x162x162x80xf32>, index, index, index, index) -> f32
    "memref.store"(%7706, %1393, %arg2937, %arg2938, %arg2939, %arg2940, %7703) : (f32, memref<160x160x3x3x80xf32>, index, index, index, index, index) -> ()
    "scf.yield"() : () -> ()
  }) : (index, index, index) -> ()
  "scf.reduce"() : () -> ()
}) : (index, index, index, index, index, index, index, index, index, index, index, index) -> ()
/tmp/ncnn-compile-274d00/model.capi.mlir:2547:5: error: 'scf.parallel' op remains after parallel lowering; op=scf.parallel
    scf.parallel (%arg3, %arg4) = (%c0, %c0) to (%c160, %c160) step (%c1, %c1) {
    ^
/tmp/ncnn-compile-274d00/model.capi.mlir:2547:5: note: see current operation: 
"scf.parallel"(%1054, %1054, %1067, %1067, %1011, %1011) <{operandSegmentSizes = array<i32: 2, 2, 2, 0>}> ({
^bb0(%arg2913: index, %arg2914: index):
  "scf.for"(%1054, %1013, %1011) ({
  ^bb0(%arg2916: index):
    %7634 = "arith.muli"(%arg2916, %1012) <{overflowFlags = #arith.overflow<none>}> : (index, index) -> index
    %7635 = "vector.transfer_read"(%1354, %7634, %1014) <{in_bounds = [true], operandSegmentSizes = array<i32: 1, 1, 1, 0>, permutation_map = affine_map<(d0) -> (d0)>}> : (memref<80xf32>, index, f32) -> vector<32xf32>
    "vector.transfer_write"(%7635, %1384, %1054, %arg2913, %arg2914, %7634) <{in_bounds = [true], operandSegmentSizes = array<i32: 1, 1, 4, 0>, permutation_map = affine_map<(d0, d1, d2, d3) -> (d3)>}> : (vector<32xf32>, memref<1x160x160x80xf32>, index, index, index, index) -> ()
    "scf.yield"() : () -> ()
  }) : (index, index, index) -> ()
  "scf.for"(%1054, %1016, %1011) ({
  ^bb0(%arg2915: index):
    %7632 = "arith.addi"(%arg2915, %1015) <{overflowFlags = #arith.overflow<none>}> : (index, index) -> index
    %7633 = "memref.load"(%1354, %7632) : (memref<80xf32>, index) -> f32
    "memref.store"(%7633, %1384, %1054, %arg2913, %arg2914, %7632) : (f32, memref<1x160x160x80xf32>, index, index, index, index) -> ()
    "scf.yield"() : () -> ()
  }) : (index, index, index) -> ()
  "scf.reduce"() : () -> ()
}) : (index, index, index, index, index, index) -> ()
/tmp/ncnn-compile-274d00/model.capi.mlir:2686:5: error: 'scf.parallel' op remains after parallel lowering; op=scf.parallel
    scf.parallel (%arg3, %arg4) = (%c0, %c0) to (%c160, %c160) step (%c1, %c1) {
    ^
/tmp/ncnn-compile-274d00/model.capi.mlir:2686:5: note: see current operation: 
"scf.parallel"(%1054, %1054, %1067, %1067, %1011, %1011) <{operandSegmentSizes = array<i32: 2, 2, 2, 0>}> ({
^bb0(%arg2890: index, %arg2891: index):
  "scf.for"(%1054, %1013, %1011) ({
  ^bb0(%arg2893: index):
    %7567 = "arith.muli"(%arg2893, %1012) <{overflowFlags = #arith.overflow<none>}> : (index, index) -> index
    %7568 = "vector.transfer_read"(%1407, %1054, %arg2890, %arg2891, %7567, %1014) <{in_bounds = [true], operandSegmentSizes = array<i32: 1, 4, 1, 0>, permutation_map = affine_map<(d0, d1, d2, d3) -> (d3)>}> : (memref<1x160x160x80xf32>, index, index, index, index, f32) -> vector<32xf32>
    "vector.transfer_write"(%7568, %1409, %1054, %arg2890, %arg2891, %7567) <{in_bounds = [true], operandSegmentSizes = array<i32: 1, 1, 4, 0>, permutation_map = affine_map<(d0, d1, d2, d3) -> (d3)>}> : (vector<32xf32>, memref<1x160x160x80xf32, strided<[4096000, 25600, 160, 1]>>, index, index, index, index) -> ()
    "scf.yield"() : () -> ()
  }) : (index, index, index) -> ()
  "scf.for"(%1054, %1016, %1011) ({
  ^bb0(%arg2892: index):
    %7565 = "arith.addi"(%arg2892, %1015) <{overflowFlags = #arith.overflow<none>}> : (index, index) -> index
    %7566 = "memref.load"(%1407, %1054, %arg2890, %arg2891, %7565) : (memref<1x160x160x80xf32>, index, index, index, index) -> f32
    "memref.store"(%7566, %1409, %1054, %arg2890, %arg2891, %7565) : (f32, memref<1x160x160x80xf32, strided<[4096000, 25600, 160, 1]>>, index, index, index, index) -> ()
    "scf.yield"() : () -> ()
  }) : (index, index, index) -> ()
  "scf.reduce"() : () -> ()
}) : (index, index, index, index, index, index) -> ()
/tmp/ncnn-compile-274d00/model.capi.mlir:2705:5: error: 'scf.parallel' op remains after parallel lowering; op=scf.parallel
    scf.parallel (%arg3, %arg4) = (%c0, %c0) to (%c160, %c160) step (%c1, %c1) {
    ^
/tmp/ncnn-compile-274d00/model.capi.mlir:2705:5: note: see current operation: 
"scf.parallel"(%1054, %1054, %1067, %1067, %1011, %1011) <{operandSegmentSizes = array<i32: 2, 2, 2, 0>}> ({
^bb0(%arg2886: index, %arg2887: index):
  "scf.for"(%1054, %1013, %1011) ({
  ^bb0(%arg2889: index):
    %7563 = "arith.muli"(%arg2889, %1012) <{overflowFlags = #arith.overflow<none>}> : (index, index) -> index
    %7564 = "vector.transfer_read"(%1390, %1054, %arg2886, %arg2887, %7563, %1014) <{in_bounds = [true], operandSegmentSizes = array<i32: 1, 4, 1, 0>, permutation_map = affine_map<(d0, d1, d2, d3) -> (d3)>}> : (memref<1x160x160x80xf32>, index, index, index, index, f32) -> vector<32xf32>
    "vector.transfer_write"(%7564, %1410, %1054, %arg2886, %arg2887, %7563) <{in_bounds = [true], operandSegmentSizes = array<i32: 1, 1, 4, 0>, permutation_map = affine_map<(d0, d1, d2, d3) -> (d3)>}> : (vector<32xf32>, memref<1x160x160x80xf32, strided<[4096000, 25600, 160, 1], offset: 80>>, index, index, index, index) -> ()
    "scf.yield"() : () -> ()
  }) : (index, index, index) -> ()
  "scf.for"(%1054, %1016, %1011) ({
  ^bb0(%arg2888: index):
    %7561 = "arith.addi"(%arg2888, %1015) <{overflowFlags = #arith.overflow<none>}> : (index, index) -> index
    %7562 = "memref.load"(%1390, %1054, %arg2886, %arg2887, %7561) : (memref<1x160x160x80xf32>, index, index, index, index) -> f32
    "memref.store"(%7562, %1410, %1054, %arg2886, %arg2887, %7561) : (f32, memref<1x160x160x80xf32, strided<[4096000, 25600, 160, 1], offset: 80>>, index, index, index, index) -> ()
    "scf.yield"() : () -> ()
  }) : (index, index, index) -> ()
  "scf.reduce"() : () -> ()
}) : (index, index, index, index, index, index) -> ()
/tmp/ncnn-compile-274d00/model.capi.mlir:2723:5: error: 'scf.parallel' op remains after parallel lowering; op=scf.parallel
    scf.parallel (%arg3, %arg4) = (%c0, %c0) to (%c160, %c160) step (%c1, %c1) {
    ^
/tmp/ncnn-compile-274d00/model.capi.mlir:2723:5: note: see current operation: 
"scf.parallel"(%1054, %1054, %1067, %1067, %1011, %1011) <{operandSegmentSizes = array<i32: 2, 2, 2, 0>}> ({
^bb0(%arg2883: index, %arg2884: index):
  "scf.for"(%1054, %1017, %1011) ({
  ^bb0(%arg2885: index):
    %7559 = "arith.muli"(%arg2885, %1012) <{overflowFlags = #arith.overflow<none>}> : (index, index) -> index
    %7560 = "vector.transfer_read"(%1353, %7559, %1014) <{in_bounds = [true], operandSegmentSizes = array<i32: 1, 1, 1, 0>, permutation_map = affine_map<(d0) -> (d0)>}> : (memref<160xf32>, index, f32) -> vector<32xf32>
    "vector.transfer_write"(%7560, %1383, %1054, %arg2883, %arg2884, %7559) <{in_bounds = [true], operandSegmentSizes = array<i32: 1, 1, 4, 0>, permutation_map = affine_map<(d0, d1, d2, d3) -> (d3)>}> : (vector<32xf32>, memref<1x160x160x160xf32>, index, index, index, index) -> ()
    "scf.yield"() : () -> ()
  }) : (index, index, index) -> ()
  "scf.reduce"() : () -> ()
}) : (index, index, index, index, index, index) -> ()
/tmp/ncnn-compile-274d00/model.capi.mlir:2846:5: error: 'scf.parallel' op remains after parallel lowering; op=scf.parallel
    scf.parallel (%arg3, %arg4) = (%c0, %c0) to (%c160, %c160) step (%c1, %c1) {
    ^
/tmp/ncnn-compile-274d00/model.capi.mlir:2846:5: note: see current operation: 
"scf.parallel"(%1054, %1054, %1067, %1067, %1011, %1011) <{operandSegmentSizes = array<i32: 2, 2, 2, 0>}> ({
^bb0(%arg2863: index, %arg2864: index):
  "scf.for"(%1054, %1017, %1011) ({
  ^bb0(%arg2865: index):
    %7514 = "arith.muli"(%arg2865, %1012) <{overflowFlags = #arith.overflow<none>}> : (index, index) -> index
    %7515 = "vector.transfer_read"(%1413, %1054, %arg2863, %arg2864, %7514, %1014) <{in_bounds = [true], operandSegmentSizes = array<i32: 1, 4, 1, 0>, permutation_map = affine_map<(d0, d1, d2, d3) -> (d3)>}> : (memref<1x160x160x160xf32>, index, index, index, index, f32) -> vector<32xf32>
    "vector.transfer_write"(%7515, %1415, %1054, %arg2863, %arg2864, %7514) <{in_bounds = [true], operandSegmentSizes = array<i32: 1, 1, 4, 0>, permutation_map = affine_map<(d0, d1, d2, d3) -> (d3)>}> : (vector<32xf32>, memref<1x160x160x160xf32, strided<[4251040, 26080, 160, 1], offset: 26240>>, index, index, index, index) -> ()
    "scf.yield"() : () -> ()
  }) : (index, index, index) -> ()
  "scf.reduce"() : () -> ()
}) : (index, index, index, index, index, index) -> ()
/tmp/ncnn-compile-274d00/model.capi.mlir:2867:5: error: 'scf.parallel' op remains after parallel lowering; op=scf.parallel
    scf.parallel (%arg3, %arg4) = (%c0, %c0) to (%c81, %c81) step (%c1, %c1) {
    ^
/tmp/ncnn-compile-274d00/model.capi.mlir:2867:5: note: see current operation: 
"scf.parallel"(%1054, %1054, %1069, %1069, %1011, %1011) <{operandSegmentSizes = array<i32: 2, 2, 2, 0>}> ({
^bb0(%arg2860: index, %arg2861: index):
  "scf.for"(%1054, %1018, %1011) ({
  ^bb0(%arg2862: index):
    %7512 = "arith.muli"(%arg2862, %1012) <{overflowFlags = #arith.overflow<none>}> : (index, index) -> index
    %7513 = "vector.transfer_read"(%1352, %7512, %1014) <{in_bounds = [true], operandSegmentSizes = array<i32: 1, 1, 1, 0>, permutation_map = affine_map<(d0) -> (d0)>}> : (memref<320xf32>, index, f32) -> vector<32xf32>
    "vector.transfer_write"(%7513, %1416, %1054, %arg2860, %arg2861, %7512) <{in_bounds = [true], operandSegmentSizes = array<i32: 1, 1, 4, 0>, permutation_map = affine_map<(d0, d1, d2, d3) -> (d3)>}> : (vector<32xf32>, memref<1x81x81x320xf32>, index, index, index, index) -> ()
    "scf.yield"() : () -> ()
  }) : (index, index, index) -> ()
  "scf.reduce"() : () -> ()
}) : (index, index, index, index, index, index) -> ()
/tmp/ncnn-compile-274d00/model.capi.mlir:2889:5: error: 'scf.parallel' op remains after parallel lowering; op=scf.parallel
    scf.parallel (%arg3, %arg4, %arg5, %arg6) = (%c0, %c0, %c0, %c0) to (%c81, %c81, %c3, %c3) step (%c1, %c1, %c1, %c1) {
    ^
/tmp/ncnn-compile-274d00/model.capi.mlir:2889:5: note: see current operation: 
"scf.parallel"(%1054, %1054, %1054, %1054, %1069, %1069, %1062, %1062, %1011, %1011, %1011, %1011) <{operandSegmentSizes = array<i32: 4, 4, 4, 0>}> ({
^bb0(%arg2855: index, %arg2856: index, %arg2857: index, %arg2858: index):
  "scf.for"(%1054, %1017, %1011) ({
  ^bb0(%arg2859: index):
    %7508 = "arith.muli"(%arg2859, %1012) <{overflowFlags = #arith.overflow<none>}> : (index, index) -> index
    %7509 = "affine.apply"(%arg2855, %arg2857) <{map = affine_map<(d0, d1) -> (d0 * 2 + d1)>}> : (index, index) -> index
    %7510 = "affine.apply"(%arg2856, %arg2858) <{map = affine_map<(d0, d1) -> (d0 * 2 + d1)>}> : (index, index) -> index
    %7511 = "vector.transfer_read"(%1414, %1054, %7509, %7510, %7508, %1014) <{in_bounds = [true], operandSegmentSizes = array<i32: 1, 4, 1, 0>, permutation_map = affine_map<(d0, d1, d2, d3) -> (d3)>}> : (memref<1x163x163x160xf32>, index, index, index, index, f32) -> vector<32xf32>
    "vector.transfer_write"(%7511, %1418, %arg2855, %arg2856, %arg2857, %arg2858, %7508) <{in_bounds = [true], operandSegmentSizes = array<i32: 1, 1, 5, 0>, permutation_map = affine_map<(d0, d1, d2, d3, d4) -> (d4)>}> : (vector<32xf32>, memref<81x81x3x3x160xf32>, index, index, index, index, index) -> ()
    "scf.yield"() : () -> ()
  }) : (index, index, index) -> ()
  "scf.reduce"() : () -> ()
}) : (index, index, index, index, index, index, index, index, index, index, index, index) -> ()
/tmp/ncnn-compile-274d00/model.capi.mlir:3010:5: error: 'scf.parallel' op remains after parallel lowering; op=scf.parallel
    scf.parallel (%arg3, %arg4) = (%c0, %c0) to (%c80, %c80) step (%c1, %c1) {
    ^
/tmp/ncnn-compile-274d00/model.capi.mlir:3010:5: note: see current operation: 
"scf.parallel"(%1054, %1054, %1068, %1068, %1011, %1011) <{operandSegmentSizes = array<i32: 2, 2, 2, 0>}> ({
^bb0(%arg2834: index, %arg2835: index):
  "scf.for"(%1054, %1017, %1011) ({
  ^bb0(%arg2836: index):
    %7464 = "arith.muli"(%arg2836, %1012) <{overflowFlags = #arith.overflow<none>}> : (index, index) -> index
    %7465 = "vector.transfer_read"(%1351, %7464, %1014) <{in_bounds = [true], operandSegmentSizes = array<i32: 1, 1, 1, 0>, permutation_map = affine_map<(d0) -> (d0)>}> : (memref<160xf32>, index, f32) -> vector<32xf32>
    "vector.transfer_write"(%7465, %1422, %1054, %arg2834, %arg2835, %7464) <{in_bounds = [true], operandSegmentSizes = array<i32: 1, 1, 4, 0>, permutation_map = affine_map<(d0, d1, d2, d3) -> (d3)>}> : (vector<32xf32>, memref<1x80x80x160xf32>, index, index, index, index) -> ()
    "scf.yield"() : () -> ()
  }) : (index, index, index) -> ()
  "scf.reduce"() : () -> ()
}) : (index, index, index, index, index, index) -> ()
/tmp/ncnn-compile-274d00/model.capi.mlir:3124:5: error: 'scf.parallel' op remains after parallel lowering; op=scf.parallel
    scf.parallel (%arg3, %arg4) = (%c0, %c0) to (%c80, %c80) step (%c1, %c1) {
    ^
/tmp/ncnn-compile-274d00/model.capi.mlir:3124:5: note: see current operation: 
"scf.parallel"(%1054, %1054, %1068, %1068, %1011, %1011) <{operandSegmentSizes = array<i32: 2, 2, 2, 0>}> ({
^bb0(%arg2818: index, %arg2819: index):
  "scf.for"(%1054, %1017, %1011) ({
  ^bb0(%arg2820: index):
    %7419 = "arith.muli"(%arg2820, %1012) <{overflowFlags = #arith.overflow<none>}> : (index, index) -> index
    %7420 = "vector.transfer_read"(%1350, %7419, %1014) <{in_bounds = [true], operandSegmentSizes = array<i32: 1, 1, 1, 0>, permutation_map = affine_map<(d0) -> (d0)>}> : (memref<160xf32>, index, f32) -> vector<32xf32>
    "vector.transfer_write"(%7420, %1422, %1054, %arg2818, %arg2819, %7419) <{in_bounds = [true], operandSegmentSizes = array<i32: 1, 1, 4, 0>, permutation_map = affine_map<(d0, d1, d2, d3) -> (d3)>}> : (vector<32xf32>, memref<1x80x80x160xf32>, index, index, index, index) -> ()
    "scf.yield"() : () -> ()
  }) : (index, index, index) -> ()
  "scf.reduce"() : () -> ()
}) : (index, index, index, index, index, index) -> ()
/tmp/ncnn-compile-274d00/model.capi.mlir:3238:5: error: 'scf.parallel' op remains after parallel lowering; op=scf.parallel
    scf.parallel (%arg3, %arg4) = (%c0, %c0) to (%c80, %c80) step (%c1, %c1) {
    ^
/tmp/ncnn-compile-274d00/model.capi.mlir:3238:5: note: see current operation: 
"scf.parallel"(%1054, %1054, %1068, %1068, %1011, %1011) <{operandSegmentSizes = array<i32: 2, 2, 2, 0>}> ({
^bb0(%arg2798: index, %arg2799: index):
  "scf.for"(%1054, %1017, %1011) ({
  ^bb0(%arg2800: index):
    %7374 = "arith.muli"(%arg2800, %1012) <{overflowFlags = #arith.overflow<none>}> : (index, index) -> index
    %7375 = "vector.transfer_read"(%1428, %1054, %arg2798, %arg2799, %7374, %1014) <{in_bounds = [true], operandSegmentSizes = array<i32: 1, 4, 1, 0>, permutation_map = affine_map<(d0, d1, d2, d3) -> (d3)>}> : (memref<1x80x80x160xf32>, index, index, index, index, f32) -> vector<32xf32>
    "vector.transfer_write"(%7375, %1430, %1054, %arg2798, %arg2799, %7374) <{in_bounds = [true], operandSegmentSizes = array<i32: 1, 1, 4, 0>, permutation_map = affine_map<(d0, d1, d2, d3) -> (d3)>}> : (vector<32xf32>, memref<1x80x80x160xf32, strided<[1075840, 13120, 160, 1], offset: 13280>>, index, index, index, index) -> ()
    "scf.yield"() : () -> ()
  }) : (index, index, index) -> ()
  "scf.reduce"() : () -> ()
}) : (index, index, index, index, index, index) -> ()
/tmp/ncnn-compile-274d00/model.capi.mlir:3251:5: error: 'scf.parallel' op remains after parallel lowering; op=scf.parallel
    scf.parallel (%arg3, %arg4) = (%c0, %c0) to (%c80, %c80) step (%c1, %c1) {
    ^
/tmp/ncnn-compile-274d00/model.capi.mlir:3251:5: note: see current operation: 
"scf.parallel"(%1054, %1054, %1068, %1068, %1011, %1011) <{operandSegmentSizes = array<i32: 2, 2, 2, 0>}> ({
^bb0(%arg2795: index, %arg2796: index):
  "scf.for"(%1054, %1017, %1011) ({
  ^bb0(%arg2797: index):
    %7372 = "arith.muli"(%arg2797, %1012) <{overflowFlags = #arith.overflow<none>}> : (index, index) -> index
    %7373 = "vector.transfer_read"(%1349, %7372, %1014) <{in_bounds = [true], operandSegmentSizes = array<i32: 1, 1, 1, 0>, permutation_map = affine_map<(d0) -> (d0)>}> : (memref<160xf32>, index, f32) -> vector<32xf32>
    "vector.transfer_write"(%7373, %1422, %1054, %arg2795, %arg2796, %7372) <{in_bounds = [true], operandSegmentSizes = array<i32: 1, 1, 4, 0>, permutation_map = affine_map<(d0, d1, d2, d3) -> (d3)>}> : (vector<32xf32>, memref<1x80x80x160xf32>, index, index, index, index) -> ()
    "scf.yield"() : () -> ()
  }) : (index, index, index) -> ()
  "scf.reduce"() : () -> ()
}) : (index, index, index, index, index, index) -> ()
/tmp/ncnn-compile-274d00/model.capi.mlir:3272:5: error: 'scf.parallel' op remains after parallel lowering; op=scf.parallel
    scf.parallel (%arg3, %arg4, %arg5, %arg6) = (%c0, %c0, %c0, %c0) to (%c80, %c80, %c3, %c3) step (%c1, %c1, %c1, %c1) {
    ^
/tmp/ncnn-compile-274d00/model.capi.mlir:3272:5: note: see current operation: 
"scf.parallel"(%1054, %1054, %1054, %1054, %1068, %1068, %1062, %1062, %1011, %1011, %1011, %1011) <{operandSegmentSizes = array<i32: 4, 4, 4, 0>}> ({
^bb0(%arg2790: index, %arg2791: index, %arg2792: index, %arg2793: index):
  "scf.for"(%1054, %1017, %1011) ({
  ^bb0(%arg2794: index):
    %7368 = "arith.muli"(%arg2794, %1012) <{overflowFlags = #arith.overflow<none>}> : (index, index) -> index
    %7369 = "affine.apply"(%arg2790, %arg2792) <{map = affine_map<(d0, d1) -> (d0 + d1)>}> : (index, index) -> index
    %7370 = "affine.apply"(%arg2791, %arg2793) <{map = affine_map<(d0, d1) -> (d0 + d1)>}> : (index, index) -> index
    %7371 = "vector.transfer_read"(%1429, %1054, %7369, %7370, %7368, %1014) <{in_bounds = [true], operandSegmentSizes = array<i32: 1, 4, 1, 0>, permutation_map = affine_map<(d0, d1, d2, d3) -> (d3)>}> : (memref<1x82x82x160xf32>, index, index, index, index, f32) -> vector<32xf32>
    "vector.transfer_write"(%7371, %1431, %arg2790, %arg2791, %arg2792, %arg2793, %7368) <{in_bounds = [true], operandSegmentSizes = array<i32: 1, 1, 5, 0>, permutation_map = affine_map<(d0, d1, d2, d3, d4) -> (d4)>}> : (vector<32xf32>, memref<80x80x3x3x160xf32>, index, index, index, index, index) -> ()
    "scf.yield"() : () -> ()
  }) : (index, index, index) -> ()
  "scf.reduce"() : () -> ()
}) : (index, index, index, index, index, index, index, index, index, index, index, index) -> ()
/tmp/ncnn-compile-274d00/model.capi.mlir:3380:5: error: 'scf.parallel' op remains after parallel lowering; op=scf.parallel
    scf.parallel (%arg3, %arg4) = (%c0, %c0) to (%c80, %c80) step (%c1, %c1) {
    ^
/tmp/ncnn-compile-274d00/model.capi.mlir:3380:5: note: see current operation: 
"scf.parallel"(%1054, %1054, %1068, %1068, %1011, %1011) <{operandSegmentSizes = array<i32: 2, 2, 2, 0>}> ({
^bb0(%arg2773: index, %arg2774: index):
  "scf.for"(%1054, %1017, %1011) ({
  ^bb0(%arg2775: index):
    %7321 = "arith.muli"(%arg2775, %1012) <{overflowFlags = #arith.overflow<none>}> : (index, index) -> index
    %7322 = "vector.transfer_read"(%1348, %7321, %1014) <{in_bounds = [true], operandSegmentSizes = array<i32: 1, 1, 1, 0>, permutation_map = affine_map<(d0) -> (d0)>}> : (memref<160xf32>, index, f32) -> vector<32xf32>
    "vector.transfer_write"(%7322, %1422, %1054, %arg2773, %arg2774, %7321) <{in_bounds = [true], operandSegmentSizes = array<i32: 1, 1, 4, 0>, permutation_map = affine_map<(d0, d1, d2, d3) -> (d3)>}> : (vector<32xf32>, memref<1x80x80x160xf32>, index, index, index, index) -> ()
    "scf.yield"() : () -> ()
  }) : (index, index, index) -> ()
  "scf.reduce"() : () -> ()
}) : (index, index, index, index, index, index) -> ()
/tmp/ncnn-compile-274d00/model.capi.mlir:3494:5: error: 'scf.parallel' op remains after parallel lowering; op=scf.parallel
    scf.parallel (%arg3, %arg4) = (%c0, %c0) to (%c80, %c80) step (%c1, %c1) {
    ^
/tmp/ncnn-compile-274d00/model.capi.mlir:3494:5: note: see current operation: 
"scf.parallel"(%1054, %1054, %1068, %1068, %1011, %1011) <{operandSegmentSizes = array<i32: 2, 2, 2, 0>}> ({
^bb0(%arg2753: index, %arg2754: index):
  "scf.for"(%1054, %1017, %1011) ({
  ^bb0(%arg2755: index):
    %7276 = "arith.muli"(%arg2755, %1012) <{overflowFlags = #arith.overflow<none>}> : (index, index) -> index
    %7277 = "vector.transfer_read"(%1428, %1054, %arg2753, %arg2754, %7276, %1014) <{in_bounds = [true], operandSegmentSizes = array<i32: 1, 4, 1, 0>, permutation_map = affine_map<(d0, d1, d2, d3) -> (d3)>}> : (memref<1x80x80x160xf32>, index, index, index, index, f32) -> vector<32xf32>
    "vector.transfer_write"(%7277, %1436, %1054, %arg2753, %arg2754, %7276) <{in_bounds = [true], operandSegmentSizes = array<i32: 1, 1, 4, 0>, permutation_map = affine_map<(d0, d1, d2, d3) -> (d3)>}> : (vector<32xf32>, memref<1x80x80x160xf32, strided<[1075840, 13120, 160, 1], offset: 13280>>, index, index, index, index) -> ()
    "scf.yield"() : () -> ()
  }) : (index, index, index) -> ()
  "scf.reduce"() : () -> ()
}) : (index, index, index, index, index, index) -> ()
/tmp/ncnn-compile-274d00/model.capi.mlir:3507:5: error: 'scf.parallel' op remains after parallel lowering; op=scf.parallel
    scf.parallel (%arg3, %arg4) = (%c0, %c0) to (%c80, %c80) step (%c1, %c1) {
    ^
/tmp/ncnn-compile-274d00/model.capi.mlir:3507:5: note: see current operation: 
"scf.parallel"(%1054, %1054, %1068, %1068, %1011, %1011) <{operandSegmentSizes = array<i32: 2, 2, 2, 0>}> ({
^bb0(%arg2750: index, %arg2751: index):
  "scf.for"(%1054, %1017, %1011) ({
  ^bb0(%arg2752: index):
    %7274 = "arith.muli"(%arg2752, %1012) <{overflowFlags = #arith.overflow<none>}> : (index, index) -> index
    %7275 = "vector.transfer_read"(%1347, %7274, %1014) <{in_bounds = [true], operandSegmentSizes = array<i32: 1, 1, 1, 0>, permutation_map = affine_map<(d0) -> (d0)>}> : (memref<160xf32>, index, f32) -> vector<32xf32>
    "vector.transfer_write"(%7275, %1422, %1054, %arg2750, %arg2751, %7274) <{in_bounds = [true], operandSegmentSizes = array<i32: 1, 1, 4, 0>, permutation_map = affine_map<(d0, d1, d2, d3) -> (d3)>}> : (vector<32xf32>, memref<1x80x80x160xf32>, index, index, index, index) -> ()
    "scf.yield"() : () -> ()
  }) : (index, index, index) -> ()
  "scf.reduce"() : () -> ()
}) : (index, index, index, index, index, index) -> ()
/tmp/ncnn-compile-274d00/model.capi.mlir:3520:5: error: 'scf.parallel' op remains after parallel lowering; op=scf.parallel
    scf.parallel (%arg3, %arg4, %arg5, %arg6) = (%c0, %c0, %c0, %c0) to (%c80, %c80, %c3, %c3) step (%c1, %c1, %c1, %c1) {
    ^
/tmp/ncnn-compile-274d00/model.capi.mlir:3520:5: note: see current operation: 
"scf.parallel"(%1054, %1054, %1054, %1054, %1068, %1068, %1062, %1062, %1011, %1011, %1011, %1011) <{operandSegmentSizes = array<i32: 4, 4, 4, 0>}> ({
^bb0(%arg2745: index, %arg2746: index, %arg2747: index, %arg2748: index):
  "scf.for"(%1054, %1017, %1011) ({
  ^bb0(%arg2749: index):
    %7270 = "arith.muli"(%arg2749, %1012) <{overflowFlags = #arith.overflow<none>}> : (index, index) -> index
    %7271 = "affine.apply"(%arg2745, %arg2747) <{map = affine_map<(d0, d1) -> (d0 + d1)>}> : (index, index) -> index
    %7272 = "affine.apply"(%arg2746, %arg2748) <{map = affine_map<(d0, d1) -> (d0 + d1)>}> : (index, index) -> index
    %7273 = "vector.transfer_read"(%1435, %1054, %7271, %7272, %7270, %1014) <{in_bounds = [true], operandSegmentSizes = array<i32: 1, 4, 1, 0>, permutation_map = affine_map<(d0, d1, d2, d3) -> (d3)>}> : (memref<1x82x82x160xf32>, index, index, index, index, f32) -> vector<32xf32>
    "vector.transfer_write"(%7273, %1431, %arg2745, %arg2746, %arg2747, %arg2748, %7270) <{in_bounds = [true], operandSegmentSizes = array<i32: 1, 1, 5, 0>, permutation_map = affine_map<(d0, d1, d2, d3, d4) -> (d4)>}> : (vector<32xf32>, memref<80x80x3x3x160xf32>, index, index, index, index, index) -> ()
    "scf.yield"() : () -> ()
  }) : (index, index, index) -> ()
  "scf.reduce"() : () -> ()
}) : (index, index, index, index, index, index, index, index, index, index, index, index) -> ()
/tmp/ncnn-compile-274d00/model.capi.mlir:3627:5: error: 'scf.parallel' op remains after parallel lowering; op=scf.parallel
    scf.parallel (%arg3, %arg4) = (%c0, %c0) to (%c80, %c80) step (%c1, %c1) {
    ^
/tmp/ncnn-compile-274d00/model.capi.mlir:3627:5: note: see current operation: 
"scf.parallel"(%1054, %1054, %1068, %1068, %1011, %1011) <{operandSegmentSizes = array<i32: 2, 2, 2, 0>}> ({
^bb0(%arg2728: index, %arg2729: index):
  "scf.for"(%1054, %1017, %1011) ({
  ^bb0(%arg2730: index):
    %7223 = "arith.muli"(%arg2730, %1012) <{overflowFlags = #arith.overflow<none>}> : (index, index) -> index
    %7224 = "vector.transfer_read"(%1346, %7223, %1014) <{in_bounds = [true], operandSegmentSizes = array<i32: 1, 1, 1, 0>, permutation_map = affine_map<(d0) -> (d0)>}> : (memref<160xf32>, index, f32) -> vector<32xf32>
    "vector.transfer_write"(%7224, %1422, %1054, %arg2728, %arg2729, %7223) <{in_bounds = [true], operandSegmentSizes = array<i32: 1, 1, 4, 0>, permutation_map = affine_map<(d0, d1, d2, d3) -> (d3)>}> : (vector<32xf32>, memref<1x80x80x160xf32>, index, index, index, index) -> ()
    "scf.yield"() : () -> ()
  }) : (index, index, index) -> ()
  "scf.reduce"() : () -> ()
}) : (index, index, index, index, index, index) -> ()
/tmp/ncnn-compile-274d00/model.capi.mlir:3741:5: error: 'scf.parallel' op remains after parallel lowering; op=scf.parallel
    scf.parallel (%arg3, %arg4) = (%c0, %c0) to (%c80, %c80) step (%c1, %c1) {
    ^
/tmp/ncnn-compile-274d00/model.capi.mlir:3741:5: note: see current operation: 
"scf.parallel"(%1054, %1054, %1068, %1068, %1011, %1011) <{operandSegmentSizes = array<i32: 2, 2, 2, 0>}> ({
^bb0(%arg2708: index, %arg2709: index):
  "scf.for"(%1054, %1017, %1011) ({
  ^bb0(%arg2710: index):
    %7178 = "arith.muli"(%arg2710, %1012) <{overflowFlags = #arith.overflow<none>}> : (index, index) -> index
    %7179 = "vector.transfer_read"(%1428, %1054, %arg2708, %arg2709, %7178, %1014) <{in_bounds = [true], operandSegmentSizes = array<i32: 1, 4, 1, 0>, permutation_map = affine_map<(d0, d1, d2, d3) -> (d3)>}> : (memref<1x80x80x160xf32>, index, index, index, index, f32) -> vector<32xf32>
    "vector.transfer_write"(%7179, %1440, %1054, %arg2708, %arg2709, %7178) <{in_bounds = [true], operandSegmentSizes = array<i32: 1, 1, 4, 0>, permutation_map = affine_map<(d0, d1, d2, d3) -> (d3)>}> : (vector<32xf32>, memref<1x80x80x160xf32, strided<[1075840, 13120, 160, 1], offset: 13280>>, index, index, index, index) -> ()
    "scf.yield"() : () -> ()
  }) : (index, index, index) -> ()
  "scf.reduce"() : () -> ()
}) : (index, index, index, index, index, index) -> ()
/tmp/ncnn-compile-274d00/model.capi.mlir:3754:5: error: 'scf.parallel' op remains after parallel lowering; op=scf.parallel
    scf.parallel (%arg3, %arg4) = (%c0, %c0) to (%c80, %c80) step (%c1, %c1) {
    ^
/tmp/ncnn-compile-274d00/model.capi.mlir:3754:5: note: see current operation: 
"scf.parallel"(%1054, %1054, %1068, %1068, %1011, %1011) <{operandSegmentSizes = array<i32: 2, 2, 2, 0>}> ({
^bb0(%arg2705: index, %arg2706: index):
  "scf.for"(%1054, %1017, %1011) ({
  ^bb0(%arg2707: index):
    %7176 = "arith.muli"(%arg2707, %1012) <{overflowFlags = #arith.overflow<none>}> : (index, index) -> index
    %7177 = "vector.transfer_read"(%1345, %7176, %1014) <{in_bounds = [true], operandSegmentSizes = array<i32: 1, 1, 1, 0>, permutation_map = affine_map<(d0) -> (d0)>}> : (memref<160xf32>, index, f32) -> vector<32xf32>
    "vector.transfer_write"(%7177, %1422, %1054, %arg2705, %arg2706, %7176) <{in_bounds = [true], operandSegmentSizes = array<i32: 1, 1, 4, 0>, permutation_map = affine_map<(d0, d1, d2, d3) -> (d3)>}> : (vector<32xf32>, memref<1x80x80x160xf32>, index, index, index, index) -> ()
    "scf.yield"() : () -> ()
  }) : (index, index, index) -> ()
  "scf.reduce"() : () -> ()
}) : (index, index, index, index, index, index) -> ()
/tmp/ncnn-compile-274d00/model.capi.mlir:3767:5: error: 'scf.parallel' op remains after parallel lowering; op=scf.parallel
    scf.parallel (%arg3, %arg4, %arg5, %arg6) = (%c0, %c0, %c0, %c0) to (%c80, %c80, %c3, %c3) step (%c1, %c1, %c1, %c1) {
    ^
/tmp/ncnn-compile-274d00/model.capi.mlir:3767:5: note: see current operation: 
"scf.parallel"(%1054, %1054, %1054, %1054, %1068, %1068, %1062, %1062, %1011, %1011, %1011, %1011) <{operandSegmentSizes = array<i32: 4, 4, 4, 0>}> ({
^bb0(%arg2700: index, %arg2701: index, %arg2702: index, %arg2703: index):
  "scf.for"(%1054, %1017, %1011) ({
  ^bb0(%arg2704: index):
    %7172 = "arith.muli"(%arg2704, %1012) <{overflowFlags = #arith.overflow<none>}> : (index, index) -> index
    %7173 = "affine.apply"(%arg2700, %arg2702) <{map = affine_map<(d0, d1) -> (d0 + d1)>}> : (index, index) -> index
    %7174 = "affine.apply"(%arg2701, %arg2703) <{map = affine_map<(d0, d1) -> (d0 + d1)>}> : (index, index) -> index
    %7175 = "vector.transfer_read"(%1439, %1054, %7173, %7174, %7172, %1014) <{in_bounds = [true], operandSegmentSizes = array<i32: 1, 4, 1, 0>, permutation_map = affine_map<(d0, d1, d2, d3) -> (d3)>}> : (memref<1x82x82x160xf32>, index, index, index, index, f32) -> vector<32xf32>
    "vector.transfer_write"(%7175, %1431, %arg2700, %arg2701, %arg2702, %arg2703, %7172) <{in_bounds = [true], operandSegmentSizes = array<i32: 1, 1, 5, 0>, permutation_map = affine_map<(d0, d1, d2, d3, d4) -> (d4)>}> : (vector<32xf32>, memref<80x80x3x3x160xf32>, index, index, index, index, index) -> ()
    "scf.yield"() : () -> ()
  }) : (index, index, index) -> ()
  "scf.reduce"() : () -> ()
}) : (index, index, index, index, index, index, index, index, index, index, index, index) -> ()
/tmp/ncnn-compile-274d00/model.capi.mlir:3874:5: error: 'scf.parallel' op remains after parallel lowering; op=scf.parallel
    scf.parallel (%arg3, %arg4) = (%c0, %c0) to (%c80, %c80) step (%c1, %c1) {
    ^
/tmp/ncnn-compile-274d00/model.capi.mlir:3874:5: note: see current operation: 
"scf.parallel"(%1054, %1054, %1068, %1068, %1011, %1011) <{operandSegmentSizes = array<i32: 2, 2, 2, 0>}> ({
^bb0(%arg2683: index, %arg2684: index):
  "scf.for"(%1054, %1017, %1011) ({
  ^bb0(%arg2685: index):
    %7125 = "arith.muli"(%arg2685, %1012) <{overflowFlags = #arith.overflow<none>}> : (index, index) -> index
    %7126 = "vector.transfer_read"(%1344, %7125, %1014) <{in_bounds = [true], operandSegmentSizes = array<i32: 1, 1, 1, 0>, permutation_map = affine_map<(d0) -> (d0)>}> : (memref<160xf32>, index, f32) -> vector<32xf32>
    "vector.transfer_write"(%7126, %1422, %1054, %arg2683, %arg2684, %7125) <{in_bounds = [true], operandSegmentSizes = array<i32: 1, 1, 4, 0>, permutation_map = affine_map<(d0, d1, d2, d3) -> (d3)>}> : (vector<32xf32>, memref<1x80x80x160xf32>, index, index, index, index) -> ()
    "scf.yield"() : () -> ()
  }) : (index, index, index) -> ()
  "scf.reduce"() : () -> ()
}) : (index, index, index, index, index, index) -> ()
/tmp/ncnn-compile-274d00/model.capi.mlir:3988:5: error: 'scf.parallel' op remains after parallel lowering; op=scf.parallel
    scf.parallel (%arg3, %arg4) = (%c0, %c0) to (%c80, %c80) step (%c1, %c1) {
    ^
/tmp/ncnn-compile-274d00/model.capi.mlir:3988:5: note: see current operation: 
"scf.parallel"(%1054, %1054, %1068, %1068, %1011, %1011) <{operandSegmentSizes = array<i32: 2, 2, 2, 0>}> ({
^bb0(%arg2663: index, %arg2664: index):
  "scf.for"(%1054, %1017, %1011) ({
  ^bb0(%arg2665: index):
    %7080 = "arith.muli"(%arg2665, %1012) <{overflowFlags = #arith.overflow<none>}> : (index, index) -> index
    %7081 = "vector.transfer_read"(%1428, %1054, %arg2663, %arg2664, %7080, %1014) <{in_bounds = [true], operandSegmentSizes = array<i32: 1, 4, 1, 0>, permutation_map = affine_map<(d0, d1, d2, d3) -> (d3)>}> : (memref<1x80x80x160xf32>, index, index, index, index, f32) -> vector<32xf32>
    "vector.transfer_write"(%7081, %1444, %1054, %arg2663, %arg2664, %7080) <{in_bounds = [true], operandSegmentSizes = array<i32: 1, 1, 4, 0>, permutation_map = affine_map<(d0, d1, d2, d3) -> (d3)>}> : (vector<32xf32>, memref<1x80x80x160xf32, strided<[1075840, 13120, 160, 1], offset: 13280>>, index, index, index, index) -> ()
    "scf.yield"() : () -> ()
  }) : (index, index, index) -> ()
  "scf.reduce"() : () -> ()
}) : (index, index, index, index, index, index) -> ()
/tmp/ncnn-compile-274d00/model.capi.mlir:4001:5: error: 'scf.parallel' op remains after parallel lowering; op=scf.parallel
    scf.parallel (%arg3, %arg4) = (%c0, %c0) to (%c80, %c80) step (%c1, %c1) {
    ^
/tmp/ncnn-compile-274d00/model.capi.mlir:4001:5: note: see current operation: 
"scf.parallel"(%1054, %1054, %1068, %1068, %1011, %1011) <{operandSegmentSizes = array<i32: 2, 2, 2, 0>}> ({
^bb0(%arg2660: index, %arg2661: index):
  "scf.for"(%1054, %1017, %1011) ({
  ^bb0(%arg2662: index):
    %7078 = "arith.muli"(%arg2662, %1012) <{overflowFlags = #arith.overflow<none>}> : (index, index) -> index
    %7079 = "vector.transfer_read"(%1343, %7078, %1014) <{in_bounds = [true], operandSegmentSizes = array<i32: 1, 1, 1, 0>, permutation_map = affine_map<(d0) -> (d0)>}> : (memref<160xf32>, index, f32) -> vector<32xf32>
    "vector.transfer_write"(%7079, %1422, %1054, %arg2660, %arg2661, %7078) <{in_bounds = [true], operandSegmentSizes = array<i32: 1, 1, 4, 0>, permutation_map = affine_map<(d0, d1, d2, d3) -> (d3)>}> : (vector<32xf32>, memref<1x80x80x160xf32>, index, index, index, index) -> ()
    "scf.yield"() : () -> ()
  }) : (index, index, index) -> ()
  "scf.reduce"() : () -> ()
}) : (index, index, index, index, index, index) -> ()
/tmp/ncnn-compile-274d00/model.capi.mlir:4014:5: error: 'scf.parallel' op remains after parallel lowering; op=scf.parallel
    scf.parallel (%arg3, %arg4, %arg5, %arg6) = (%c0, %c0, %c0, %c0) to (%c80, %c80, %c3, %c3) step (%c1, %c1, %c1, %c1) {
    ^
/tmp/ncnn-compile-274d00/model.capi.mlir:4014:5: note: see current operation: 
"scf.parallel"(%1054, %1054, %1054, %1054, %1068, %1068, %1062, %1062, %1011, %1011, %1011, %1011) <{operandSegmentSizes = array<i32: 4, 4, 4, 0>}> ({
^bb0(%arg2655: index, %arg2656: index, %arg2657: index, %arg2658: index):
  "scf.for"(%1054, %1017, %1011) ({
  ^bb0(%arg2659: index):
    %7074 = "arith.muli"(%arg2659, %1012) <{overflowFlags = #arith.overflow<none>}> : (index, index) -> index
    %7075 = "affine.apply"(%arg2655, %arg2657) <{map = affine_map<(d0, d1) -> (d0 + d1)>}> : (index, index) -> index
    %7076 = "affine.apply"(%arg2656, %arg2658) <{map = affine_map<(d0, d1) -> (d0 + d1)>}> : (index, index) -> index
    %7077 = "vector.transfer_read"(%1443, %1054, %7075, %7076, %7074, %1014) <{in_bounds = [true], operandSegmentSizes = array<i32: 1, 4, 1, 0>, permutation_map = affine_map<(d0, d1, d2, d3) -> (d3)>}> : (memref<1x82x82x160xf32>, index, index, index, index, f32) -> vector<32xf32>
    "vector.transfer_write"(%7077, %1431, %arg2655, %arg2656, %arg2657, %arg2658, %7074) <{in_bounds = [true], operandSegmentSizes = array<i32: 1, 1, 5, 0>, permutation_map = affine_map<(d0, d1, d2, d3, d4) -> (d4)>}> : (vector<32xf32>, memref<80x80x3x3x160xf32>, index, index, index, index, index) -> ()
    "scf.yield"() : () -> ()
  }) : (index, index, index) -> ()
  "scf.reduce"() : () -> ()
}) : (index, index, index, index, index, index, index, index, index, index, index, index) -> ()
/tmp/ncnn-compile-274d00/model.capi.mlir:4121:5: error: 'scf.parallel' op remains after parallel lowering; op=scf.parallel
    scf.parallel (%arg3, %arg4) = (%c0, %c0) to (%c80, %c80) step (%c1, %c1) {
    ^
/tmp/ncnn-compile-274d00/model.capi.mlir:4121:5: note: see current operation: 
"scf.parallel"(%1054, %1054, %1068, %1068, %1011, %1011) <{operandSegmentSizes = array<i32: 2, 2, 2, 0>}> ({
^bb0(%arg2638: index, %arg2639: index):
  "scf.for"(%1054, %1017, %1011) ({
  ^bb0(%arg2640: index):
    %7027 = "arith.muli"(%arg2640, %1012) <{overflowFlags = #arith.overflow<none>}> : (index, index) -> index
    %7028 = "vector.transfer_read"(%1342, %7027, %1014) <{in_bounds = [true], operandSegmentSizes = array<i32: 1, 1, 1, 0>, permutation_map = affine_map<(d0) -> (d0)>}> : (memref<160xf32>, index, f32) -> vector<32xf32>
    "vector.transfer_write"(%7028, %1422, %1054, %arg2638, %arg2639, %7027) <{in_bounds = [true], operandSegmentSizes = array<i32: 1, 1, 4, 0>, permutation_map = affine_map<(d0, d1, d2, d3) -> (d3)>}> : (vector<32xf32>, memref<1x80x80x160xf32>, index, index, index, index) -> ()
    "scf.yield"() : () -> ()
  }) : (index, index, index) -> ()
  "scf.reduce"() : () -> ()
}) : (index, index, index, index, index, index) -> ()
/tmp/ncnn-compile-274d00/model.capi.mlir:4235:5: error: 'scf.parallel' op remains after parallel lowering; op=scf.parallel
    scf.parallel (%arg3, %arg4) = (%c0, %c0) to (%c80, %c80) step (%c1, %c1) {
    ^
/tmp/ncnn-compile-274d00/model.capi.mlir:4235:5: note: see current operation: 
"scf.parallel"(%1054, %1054, %1068, %1068, %1011, %1011) <{operandSegmentSizes = array<i32: 2, 2, 2, 0>}> ({
^bb0(%arg2618: index, %arg2619: index):
  "scf.for"(%1054, %1017, %1011) ({
  ^bb0(%arg2620: index):
    %6982 = "arith.muli"(%arg2620, %1012) <{overflowFlags = #arith.overflow<none>}> : (index, index) -> index
    %6983 = "vector.transfer_read"(%1428, %1054, %arg2618, %arg2619, %6982, %1014) <{in_bounds = [true], operandSegmentSizes = array<i32: 1, 4, 1, 0>, permutation_map = affine_map<(d0, d1, d2, d3) -> (d3)>}> : (memref<1x80x80x160xf32>, index, index, index, index, f32) -> vector<32xf32>
    "vector.transfer_write"(%6983, %1448, %1054, %arg2618, %arg2619, %6982) <{in_bounds = [true], operandSegmentSizes = array<i32: 1, 1, 4, 0>, permutation_map = affine_map<(d0, d1, d2, d3) -> (d3)>}> : (vector<32xf32>, memref<1x80x80x160xf32, strided<[1075840, 13120, 160, 1], offset: 13280>>, index, index, index, index) -> ()
    "scf.yield"() : () -> ()
  }) : (index, index, index) -> ()
  "scf.reduce"() : () -> ()
}) : (index, index, index, index, index, index) -> ()
/tmp/ncnn-compile-274d00/model.capi.mlir:4248:5: error: 'scf.parallel' op remains after parallel lowering; op=scf.parallel
    scf.parallel (%arg3, %arg4) = (%c0, %c0) to (%c80, %c80) step (%c1, %c1) {
    ^
/tmp/ncnn-compile-274d00/model.capi.mlir:4248:5: note: see current operation: 
"scf.parallel"(%1054, %1054, %1068, %1068, %1011, %1011) <{operandSegmentSizes = array<i32: 2, 2, 2, 0>}> ({
^bb0(%arg2615: index, %arg2616: index):
  "scf.for"(%1054, %1017, %1011) ({
  ^bb0(%arg2617: index):
    %6980 = "arith.muli"(%arg2617, %1012) <{overflowFlags = #arith.overflow<none>}> : (index, index) -> index
    %6981 = "vector.transfer_read"(%1341, %6980, %1014) <{in_bounds = [true], operandSegmentSizes = array<i32: 1, 1, 1, 0>, permutation_map = affine_map<(d0) -> (d0)>}> : (memref<160xf32>, index, f32) -> vector<32xf32>
    "vector.transfer_write"(%6981, %1422, %1054, %arg2615, %arg2616, %6980) <{in_bounds = [true], operandSegmentSizes = array<i32: 1, 1, 4, 0>, permutation_map = affine_map<(d0, d1, d2, d3) -> (d3)>}> : (vector<32xf32>, memref<1x80x80x160xf32>, index, index, index, index) -> ()
    "scf.yield"() : () -> ()
  }) : (index, index, index) -> ()
  "scf.reduce"() : () -> ()
}) : (index, index, index, index, index, index) -> ()
/tmp/ncnn-compile-274d00/model.capi.mlir:4261:5: error: 'scf.parallel' op remains after parallel lowering; op=scf.parallel
    scf.parallel (%arg3, %arg4, %arg5, %arg6) = (%c0, %c0, %c0, %c0) to (%c80, %c80, %c3, %c3) step (%c1, %c1, %c1, %c1) {
    ^
/tmp/ncnn-compile-274d00/model.capi.mlir:4261:5: note: see current operation: 
"scf.parallel"(%1054, %1054, %1054, %1054, %1068, %1068, %1062, %1062, %1011, %1011, %1011, %1011) <{operandSegmentSizes = array<i32: 4, 4, 4, 0>}> ({
^bb0(%arg2610: index, %arg2611: index, %arg2612: index, %arg2613: index):
  "scf.for"(%1054, %1017, %1011) ({
  ^bb0(%arg2614: index):
    %6976 = "arith.muli"(%arg2614, %1012) <{overflowFlags = #arith.overflow<none>}> : (index, index) -> index
    %6977 = "affine.apply"(%arg2610, %arg2612) <{map = affine_map<(d0, d1) -> (d0 + d1)>}> : (index, index) -> index
    %6978 = "affine.apply"(%arg2611, %arg2613) <{map = affine_map<(d0, d1) -> (d0 + d1)>}> : (index, index) -> index
    %6979 = "vector.transfer_read"(%1447, %1054, %6977, %6978, %6976, %1014) <{in_bounds = [true], operandSegmentSizes = array<i32: 1, 4, 1, 0>, permutation_map = affine_map<(d0, d1, d2, d3) -> (d3)>}> : (memref<1x82x82x160xf32>, index, index, index, index, f32) -> vector<32xf32>
    "vector.transfer_write"(%6979, %1431, %arg2610, %arg2611, %arg2612, %arg2613, %6976) <{in_bounds = [true], operandSegmentSizes = array<i32: 1, 1, 5, 0>, permutation_map = affine_map<(d0, d1, d2, d3, d4) -> (d4)>}> : (vector<32xf32>, memref<80x80x3x3x160xf32>, index, index, index, index, index) -> ()
    "scf.yield"() : () -> ()
  }) : (index, index, index) -> ()
  "scf.reduce"() : () -> ()
}) : (index, index, index, index, index, index, index, index, index, index, index, index) -> ()
/tmp/ncnn-compile-274d00/model.capi.mlir:4368:5: error: 'scf.parallel' op remains after parallel lowering; op=scf.parallel
    scf.parallel (%arg3, %arg4) = (%c0, %c0) to (%c80, %c80) step (%c1, %c1) {
    ^
/tmp/ncnn-compile-274d00/model.capi.mlir:4368:5: note: see current operation: 
"scf.parallel"(%1054, %1054, %1068, %1068, %1011, %1011) <{operandSegmentSizes = array<i32: 2, 2, 2, 0>}> ({
^bb0(%arg2593: index, %arg2594: index):
  "scf.for"(%1054, %1017, %1011) ({
  ^bb0(%arg2595: index):
    %6929 = "arith.muli"(%arg2595, %1012) <{overflowFlags = #arith.overflow<none>}> : (index, index) -> index
    %6930 = "vector.transfer_read"(%1340, %6929, %1014) <{in_bounds = [true], operandSegmentSizes = array<i32: 1, 1, 1, 0>, permutation_map = affine_map<(d0) -> (d0)>}> : (memref<160xf32>, index, f32) -> vector<32xf32>
    "vector.transfer_write"(%6930, %1422, %1054, %arg2593, %arg2594, %6929) <{in_bounds = [true], operandSegmentSizes = array<i32: 1, 1, 4, 0>, permutation_map = affine_map<(d0, d1, d2, d3) -> (d3)>}> : (vector<32xf32>, memref<1x80x80x160xf32>, index, index, index, index) -> ()
    "scf.yield"() : () -> ()
  }) : (index, index, index) -> ()
  "scf.reduce"() : () -> ()
}) : (index, index, index, index, index, index) -> ()
/tmp/ncnn-compile-274d00/model.capi.mlir:4482:5: error: 'scf.parallel' op remains after parallel lowering; op=scf.parallel
    scf.parallel (%arg3, %arg4) = (%c0, %c0) to (%c80, %c80) step (%c1, %c1) {
    ^
/tmp/ncnn-compile-274d00/model.capi.mlir:4482:5: note: see current operation: 
"scf.parallel"(%1054, %1054, %1068, %1068, %1011, %1011) <{operandSegmentSizes = array<i32: 2, 2, 2, 0>}> ({
^bb0(%arg2573: index, %arg2574: index):
  "scf.for"(%1054, %1017, %1011) ({
  ^bb0(%arg2575: index):
    %6884 = "arith.muli"(%arg2575, %1012) <{overflowFlags = #arith.overflow<none>}> : (index, index) -> index
    %6885 = "vector.transfer_read"(%1428, %1054, %arg2573, %arg2574, %6884, %1014) <{in_bounds = [true], operandSegmentSizes = array<i32: 1, 4, 1, 0>, permutation_map = affine_map<(d0, d1, d2, d3) -> (d3)>}> : (memref<1x80x80x160xf32>, index, index, index, index, f32) -> vector<32xf32>
    "vector.transfer_write"(%6885, %1452, %1054, %arg2573, %arg2574, %6884) <{in_bounds = [true], operandSegmentSizes = array<i32: 1, 1, 4, 0>, permutation_map = affine_map<(d0, d1, d2, d3) -> (d3)>}> : (vector<32xf32>, memref<1x80x80x160xf32, strided<[1075840, 13120, 160, 1], offset: 13280>>, index, index, index, index) -> ()
    "scf.yield"() : () -> ()
  }) : (index, index, index) -> ()
  "scf.reduce"() : () -> ()
}) : (index, index, index, index, index, index) -> ()
/tmp/ncnn-compile-274d00/model.capi.mlir:4495:5: error: 'scf.parallel' op remains after parallel lowering; op=scf.parallel
    scf.parallel (%arg3, %arg4) = (%c0, %c0) to (%c80, %c80) step (%c1, %c1) {
    ^
/tmp/ncnn-compile-274d00/model.capi.mlir:4495:5: note: see current operation: 
"scf.parallel"(%1054, %1054, %1068, %1068, %1011, %1011) <{operandSegmentSizes = array<i32: 2, 2, 2, 0>}> ({
^bb0(%arg2570: index, %arg2571: index):
  "scf.for"(%1054, %1017, %1011) ({
  ^bb0(%arg2572: index):
    %6882 = "arith.muli"(%arg2572, %1012) <{overflowFlags = #arith.overflow<none>}> : (index, index) -> index
    %6883 = "vector.transfer_read"(%1339, %6882, %1014) <{in_bounds = [true], operandSegmentSizes = array<i32: 1, 1, 1, 0>, permutation_map = affine_map<(d0) -> (d0)>}> : (memref<160xf32>, index, f32) -> vector<32xf32>
    "vector.transfer_write"(%6883, %1422, %1054, %arg2570, %arg2571, %6882) <{in_bounds = [true], operandSegmentSizes = array<i32: 1, 1, 4, 0>, permutation_map = affine_map<(d0, d1, d2, d3) -> (d3)>}> : (vector<32xf32>, memref<1x80x80x160xf32>, index, index, index, index) -> ()
    "scf.yield"() : () -> ()
  }) : (index, index, index) -> ()
  "scf.reduce"() : () -> ()
}) : (index, index, index, index, index, index) -> ()
/tmp/ncnn-compile-274d00/model.capi.mlir:4508:5: error: 'scf.parallel' op remains after parallel lowering; op=scf.parallel
    scf.parallel (%arg3, %arg4, %arg5, %arg6) = (%c0, %c0, %c0, %c0) to (%c80, %c80, %c3, %c3) step (%c1, %c1, %c1, %c1) {
    ^
/tmp/ncnn-compile-274d00/model.capi.mlir:4508:5: note: see current operation: 
"scf.parallel"(%1054, %1054, %1054, %1054, %1068, %1068, %1062, %1062, %1011, %1011, %1011, %1011) <{operandSegmentSizes = array<i32: 4, 4, 4, 0>}> ({
^bb0(%arg2565: index, %arg2566: index, %arg2567: index, %arg2568: index):
  "scf.for"(%1054, %1017, %1011) ({
  ^bb0(%arg2569: index):
    %6878 = "arith.muli"(%arg2569, %1012) <{overflowFlags = #arith.overflow<none>}> : (index, index) -> index
    %6879 = "affine.apply"(%arg2565, %arg2567) <{map = affine_map<(d0, d1) -> (d0 + d1)>}> : (index, index) -> index
    %6880 = "affine.apply"(%arg2566, %arg2568) <{map = affine_map<(d0, d1) -> (d0 + d1)>}> : (index, index) -> index
    %6881 = "vector.transfer_read"(%1451, %1054, %6879, %6880, %6878, %1014) <{in_bounds = [true], operandSegmentSizes = array<i32: 1, 4, 1, 0>, permutation_map = affine_map<(d0, d1, d2, d3) -> (d3)>}> : (memref<1x82x82x160xf32>, index, index, index, index, f32) -> vector<32xf32>
    "vector.transfer_write"(%6881, %1431, %arg2565, %arg2566, %arg2567, %arg2568, %6878) <{in_bounds = [true], operandSegmentSizes = array<i32: 1, 1, 5, 0>, permutation_map = affine_map<(d0, d1, d2, d3, d4) -> (d4)>}> : (vector<32xf32>, memref<80x80x3x3x160xf32>, index, index, index, index, index) -> ()
    "scf.yield"() : () -> ()
  }) : (index, index, index) -> ()
  "scf.reduce"() : () -> ()
}) : (index, index, index, index, index, index, index, index, index, index, index, index) -> ()
/tmp/ncnn-compile-274d00/model.capi.mlir:4615:5: error: 'scf.parallel' op remains after parallel lowering; op=scf.parallel
    scf.parallel (%arg3, %arg4) = (%c0, %c0) to (%c80, %c80) step (%c1, %c1) {
    ^
/tmp/ncnn-compile-274d00/model.capi.mlir:4615:5: note: see current operation: 
"scf.parallel"(%1054, %1054, %1068, %1068, %1011, %1011) <{operandSegmentSizes = array<i32: 2, 2, 2, 0>}> ({
^bb0(%arg2548: index, %arg2549: index):
  "scf.for"(%1054, %1017, %1011) ({
  ^bb0(%arg2550: index):
    %6831 = "arith.muli"(%arg2550, %1012) <{overflowFlags = #arith.overflow<none>}> : (index, index) -> index
    %6832 = "vector.transfer_read"(%1338, %6831, %1014) <{in_bounds = [true], operandSegmentSizes = array<i32: 1, 1, 1, 0>, permutation_map = affine_map<(d0) -> (d0)>}> : (memref<160xf32>, index, f32) -> vector<32xf32>
    "vector.transfer_write"(%6832, %1422, %1054, %arg2548, %arg2549, %6831) <{in_bounds = [true], operandSegmentSizes = array<i32: 1, 1, 4, 0>, permutation_map = affine_map<(d0, d1, d2, d3) -> (d3)>}> : (vector<32xf32>, memref<1x80x80x160xf32>, index, index, index, index) -> ()
    "scf.yield"() : () -> ()
  }) : (index, index, index) -> ()
  "scf.reduce"() : () -> ()
}) : (index, index, index, index, index, index) -> ()
/tmp/ncnn-compile-274d00/model.capi.mlir:4729:5: error: 'scf.parallel' op remains after parallel lowering; op=scf.parallel
    scf.parallel (%arg3, %arg4) = (%c0, %c0) to (%c80, %c80) step (%c1, %c1) {
    ^
/tmp/ncnn-compile-274d00/model.capi.mlir:4729:5: note: see current operation: 
"scf.parallel"(%1054, %1054, %1068, %1068, %1011, %1011) <{operandSegmentSizes = array<i32: 2, 2, 2, 0>}> ({
^bb0(%arg2528: index, %arg2529: index):
  "scf.for"(%1054, %1017, %1011) ({
  ^bb0(%arg2530: index):
    %6786 = "arith.muli"(%arg2530, %1012) <{overflowFlags = #arith.overflow<none>}> : (index, index) -> index
    %6787 = "vector.transfer_read"(%1428, %1054, %arg2528, %arg2529, %6786, %1014) <{in_bounds = [true], operandSegmentSizes = array<i32: 1, 4, 1, 0>, permutation_map = affine_map<(d0, d1, d2, d3) -> (d3)>}> : (memref<1x80x80x160xf32>, index, index, index, index, f32) -> vector<32xf32>
    "vector.transfer_write"(%6787, %1456, %1054, %arg2528, %arg2529, %6786) <{in_bounds = [true], operandSegmentSizes = array<i32: 1, 1, 4, 0>, permutation_map = affine_map<(d0, d1, d2, d3) -> (d3)>}> : (vector<32xf32>, memref<1x80x80x160xf32, strided<[1075840, 13120, 160, 1], offset: 13280>>, index, index, index, index) -> ()
    "scf.yield"() : () -> ()
  }) : (index, index, index) -> ()
  "scf.reduce"() : () -> ()
}) : (index, index, index, index, index, index) -> ()
/tmp/ncnn-compile-274d00/model.capi.mlir:4742:5: error: 'scf.parallel' op remains after parallel lowering; op=scf.parallel
    scf.parallel (%arg3, %arg4) = (%c0, %c0) to (%c80, %c80) step (%c1, %c1) {
    ^
/tmp/ncnn-compile-274d00/model.capi.mlir:4742:5: note: see current operation: 
"scf.parallel"(%1054, %1054, %1068, %1068, %1011, %1011) <{operandSegmentSizes = array<i32: 2, 2, 2, 0>}> ({
^bb0(%arg2525: index, %arg2526: index):
  "scf.for"(%1054, %1017, %1011) ({
  ^bb0(%arg2527: index):
    %6784 = "arith.muli"(%arg2527, %1012) <{overflowFlags = #arith.overflow<none>}> : (index, index) -> index
    %6785 = "vector.transfer_read"(%1337, %6784, %1014) <{in_bounds = [true], operandSegmentSizes = array<i32: 1, 1, 1, 0>, permutation_map = affine_map<(d0) -> (d0)>}> : (memref<160xf32>, index, f32) -> vector<32xf32>
    "vector.transfer_write"(%6785, %1422, %1054, %arg2525, %arg2526, %6784) <{in_bounds = [true], operandSegmentSizes = array<i32: 1, 1, 4, 0>, permutation_map = affine_map<(d0, d1, d2, d3) -> (d3)>}> : (vector<32xf32>, memref<1x80x80x160xf32>, index, index, index, index) -> ()
    "scf.yield"() : () -> ()
  }) : (index, index, index) -> ()
  "scf.reduce"() : () -> ()
}) : (index, index, index, index, index, index) -> ()
/tmp/ncnn-compile-274d00/model.capi.mlir:4755:5: error: 'scf.parallel' op remains after parallel lowering; op=scf.parallel
    scf.parallel (%arg3, %arg4, %arg5, %arg6) = (%c0, %c0, %c0, %c0) to (%c80, %c80, %c3, %c3) step (%c1, %c1, %c1, %c1) {
    ^
/tmp/ncnn-compile-274d00/model.capi.mlir:4755:5: note: see current operation: 
"scf.parallel"(%1054, %1054, %1054, %1054, %1068, %1068, %1062, %1062, %1011, %1011, %1011, %1011) <{operandSegmentSizes = array<i32: 4, 4, 4, 0>}> ({
^bb0(%arg2520: index, %arg2521: index, %arg2522: index, %arg2523: index):
  "scf.for"(%1054, %1017, %1011) ({
  ^bb0(%arg2524: index):
    %6780 = "arith.muli"(%arg2524, %1012) <{overflowFlags = #arith.overflow<none>}> : (index, index) -> index
    %6781 = "affine.apply"(%arg2520, %arg2522) <{map = affine_map<(d0, d1) -> (d0 + d1)>}> : (index, index) -> index
    %6782 = "affine.apply"(%arg2521, %arg2523) <{map = affine_map<(d0, d1) -> (d0 + d1)>}> : (index, index) -> index
    %6783 = "vector.transfer_read"(%1455, %1054, %6781, %6782, %6780, %1014) <{in_bounds = [true], operandSegmentSizes = array<i32: 1, 4, 1, 0>, permutation_map = affine_map<(d0, d1, d2, d3) -> (d3)>}> : (memref<1x82x82x160xf32>, index, index, index, index, f32) -> vector<32xf32>
    "vector.transfer_write"(%6783, %1431, %arg2520, %arg2521, %arg2522, %arg2523, %6780) <{in_bounds = [true], operandSegmentSizes = array<i32: 1, 1, 5, 0>, permutation_map = affine_map<(d0, d1, d2, d3, d4) -> (d4)>}> : (vector<32xf32>, memref<80x80x3x3x160xf32>, index, index, index, index, index) -> ()
    "scf.yield"() : () -> ()
  }) : (index, index, index) -> ()
  "scf.reduce"() : () -> ()
}) : (index, index, index, index, index, index, index, index, index, index, index, index) -> ()
/tmp/ncnn-compile-274d00/model.capi.mlir:4862:5: error: 'scf.parallel' op remains after parallel lowering; op=scf.parallel
    scf.parallel (%arg3, %arg4) = (%c0, %c0) to (%c80, %c80) step (%c1, %c1) {
    ^
/tmp/ncnn-compile-274d00/model.capi.mlir:4862:5: note: see current operation: 
"scf.parallel"(%1054, %1054, %1068, %1068, %1011, %1011) <{operandSegmentSizes = array<i32: 2, 2, 2, 0>}> ({
^bb0(%arg2503: index, %arg2504: index):
  "scf.for"(%1054, %1017, %1011) ({
  ^bb0(%arg2505: index):
    %6733 = "arith.muli"(%arg2505, %1012) <{overflowFlags = #arith.overflow<none>}> : (index, index) -> index
    %6734 = "vector.transfer_read"(%1336, %6733, %1014) <{in_bounds = [true], operandSegmentSizes = array<i32: 1, 1, 1, 0>, permutation_map = affine_map<(d0) -> (d0)>}> : (memref<160xf32>, index, f32) -> vector<32xf32>
    "vector.transfer_write"(%6734, %1422, %1054, %arg2503, %arg2504, %6733) <{in_bounds = [true], operandSegmentSizes = array<i32: 1, 1, 4, 0>, permutation_map = affine_map<(d0, d1, d2, d3) -> (d3)>}> : (vector<32xf32>, memref<1x80x80x160xf32>, index, index, index, index) -> ()
    "scf.yield"() : () -> ()
  }) : (index, index, index) -> ()
  "scf.reduce"() : () -> ()
}) : (index, index, index, index, index, index) -> ()
/tmp/ncnn-compile-274d00/model.capi.mlir:4976:5: error: 'scf.parallel' op remains after parallel lowering; op=scf.parallel
    scf.parallel (%arg3, %arg4) = (%c0, %c0) to (%c80, %c80) step (%c1, %c1) {
    ^
/tmp/ncnn-compile-274d00/model.capi.mlir:4976:5: note: see current operation: 
"scf.parallel"(%1054, %1054, %1068, %1068, %1011, %1011) <{operandSegmentSizes = array<i32: 2, 2, 2, 0>}> ({
^bb0(%arg2483: index, %arg2484: index):
  "scf.for"(%1054, %1017, %1011) ({
  ^bb0(%arg2485: index):
    %6688 = "arith.muli"(%arg2485, %1012) <{overflowFlags = #arith.overflow<none>}> : (index, index) -> index
    %6689 = "vector.transfer_read"(%1428, %1054, %arg2483, %arg2484, %6688, %1014) <{in_bounds = [true], operandSegmentSizes = array<i32: 1, 4, 1, 0>, permutation_map = affine_map<(d0, d1, d2, d3) -> (d3)>}> : (memref<1x80x80x160xf32>, index, index, index, index, f32) -> vector<32xf32>
    "vector.transfer_write"(%6689, %1460, %1054, %arg2483, %arg2484, %6688) <{in_bounds = [true], operandSegmentSizes = array<i32: 1, 1, 4, 0>, permutation_map = affine_map<(d0, d1, d2, d3) -> (d3)>}> : (vector<32xf32>, memref<1x80x80x160xf32, strided<[1075840, 13120, 160, 1], offset: 13280>>, index, index, index, index) -> ()
    "scf.yield"() : () -> ()
  }) : (index, index, index) -> ()
  "scf.reduce"() : () -> ()
}) : (index, index, index, index, index, index) -> ()
/tmp/ncnn-compile-274d00/model.capi.mlir:4989:5: error: 'scf.parallel' op remains after parallel lowering; op=scf.parallel
    scf.parallel (%arg3, %arg4) = (%c0, %c0) to (%c80, %c80) step (%c1, %c1) {
    ^
/tmp/ncnn-compile-274d00/model.capi.mlir:4989:5: note: see current operation: 
"scf.parallel"(%1054, %1054, %1068, %1068, %1011, %1011) <{operandSegmentSizes = array<i32: 2, 2, 2, 0>}> ({
^bb0(%arg2480: index, %arg2481: index):
  "scf.for"(%1054, %1017, %1011) ({
  ^bb0(%arg2482: index):
    %6686 = "arith.muli"(%arg2482, %1012) <{overflowFlags = #arith.overflow<none>}> : (index, index) -> index
    %6687 = "vector.transfer_read"(%1335, %6686, %1014) <{in_bounds = [true], operandSegmentSizes = array<i32: 1, 1, 1, 0>, permutation_map = affine_map<(d0) -> (d0)>}> : (memref<160xf32>, index, f32) -> vector<32xf32>
    "vector.transfer_write"(%6687, %1422, %1054, %arg2480, %arg2481, %6686) <{in_bounds = [true], operandSegmentSizes = array<i32: 1, 1, 4, 0>, permutation_map = affine_map<(d0, d1, d2, d3) -> (d3)>}> : (vector<32xf32>, memref<1x80x80x160xf32>, index, index, index, index) -> ()
    "scf.yield"() : () -> ()
  }) : (index, index, index) -> ()
  "scf.reduce"() : () -> ()
}) : (index, index, index, index, index, index) -> ()
/tmp/ncnn-compile-274d00/model.capi.mlir:5002:5: error: 'scf.parallel' op remains after parallel lowering; op=scf.parallel
    scf.parallel (%arg3, %arg4, %arg5, %arg6) = (%c0, %c0, %c0, %c0) to (%c80, %c80, %c3, %c3) step (%c1, %c1, %c1, %c1) {
    ^
/tmp/ncnn-compile-274d00/model.capi.mlir:5002:5: note: see current operation: 
"scf.parallel"(%1054, %1054, %1054, %1054, %1068, %1068, %1062, %1062, %1011, %1011, %1011, %1011) <{operandSegmentSizes = array<i32: 4, 4, 4, 0>}> ({
^bb0(%arg2475: index, %arg2476: index, %arg2477: index, %arg2478: index):
  "scf.for"(%1054, %1017, %1011) ({
  ^bb0(%arg2479: index):
    %6682 = "arith.muli"(%arg2479, %1012) <{overflowFlags = #arith.overflow<none>}> : (index, index) -> index
    %6683 = "affine.apply"(%arg2475, %arg2477) <{map = affine_map<(d0, d1) -> (d0 + d1)>}> : (index, index) -> index
    %6684 = "affine.apply"(%arg2476, %arg2478) <{map = affine_map<(d0, d1) -> (d0 + d1)>}> : (index, index) -> index
    %6685 = "vector.transfer_read"(%1459, %1054, %6683, %6684, %6682, %1014) <{in_bounds = [true], operandSegmentSizes = array<i32: 1, 4, 1, 0>, permutation_map = affine_map<(d0, d1, d2, d3) -> (d3)>}> : (memref<1x82x82x160xf32>, index, index, index, index, f32) -> vector<32xf32>
    "vector.transfer_write"(%6685, %1431, %arg2475, %arg2476, %arg2477, %arg2478, %6682) <{in_bounds = [true], operandSegmentSizes = array<i32: 1, 1, 5, 0>, permutation_map = affine_map<(d0, d1, d2, d3, d4) -> (d4)>}> : (vector<32xf32>, memref<80x80x3x3x160xf32>, index, index, index, index, index) -> ()
    "scf.yield"() : () -> ()
  }) : (index, index, index) -> ()
  "scf.reduce"() : () -> ()
}) : (index, index, index, index, index, index, index, index, index, index, index, index) -> ()
/tmp/ncnn-compile-274d00/model.capi.mlir:5109:5: error: 'scf.parallel' op remains after parallel lowering; op=scf.parallel
    scf.parallel (%arg3, %arg4) = (%c0, %c0) to (%c80, %c80) step (%c1, %c1) {
    ^
/tmp/ncnn-compile-274d00/model.capi.mlir:5109:5: note: see current operation: 
"scf.parallel"(%1054, %1054, %1068, %1068, %1011, %1011) <{operandSegmentSizes = array<i32: 2, 2, 2, 0>}> ({
^bb0(%arg2458: index, %arg2459: index):
  "scf.for"(%1054, %1017, %1011) ({
  ^bb0(%arg2460: index):
    %6635 = "arith.muli"(%arg2460, %1012) <{overflowFlags = #arith.overflow<none>}> : (index, index) -> index
    %6636 = "vector.transfer_read"(%1334, %6635, %1014) <{in_bounds = [true], operandSegmentSizes = array<i32: 1, 1, 1, 0>, permutation_map = affine_map<(d0) -> (d0)>}> : (memref<160xf32>, index, f32) -> vector<32xf32>
    "vector.transfer_write"(%6636, %1422, %1054, %arg2458, %arg2459, %6635) <{in_bounds = [true], operandSegmentSizes = array<i32: 1, 1, 4, 0>, permutation_map = affine_map<(d0, d1, d2, d3) -> (d3)>}> : (vector<32xf32>, memref<1x80x80x160xf32>, index, index, index, index) -> ()
    "scf.yield"() : () -> ()
  }) : (index, index, index) -> ()
  "scf.reduce"() : () -> ()
}) : (index, index, index, index, index, index) -> ()
/tmp/ncnn-compile-274d00/model.capi.mlir:5213:5: error: 'scf.parallel' op remains after parallel lowering; op=scf.parallel
    scf.parallel (%arg3, %arg4) = (%c0, %c0) to (%c80, %c80) step (%c1, %c1) {
    ^
/tmp/ncnn-compile-274d00/model.capi.mlir:5213:5: note: see current operation: 
"scf.parallel"(%1054, %1054, %1068, %1068, %1011, %1011) <{operandSegmentSizes = array<i32: 2, 2, 2, 0>}> ({
^bb0(%arg2442: index, %arg2443: index):
  "scf.for"(%1054, %1017, %1011) ({
  ^bb0(%arg2444: index):
    %6590 = "arith.muli"(%arg2444, %1012) <{overflowFlags = #arith.overflow<none>}> : (index, index) -> index
    %6591 = "vector.transfer_read"(%1461, %1054, %arg2442, %arg2443, %6590, %1014) <{in_bounds = [true], operandSegmentSizes = array<i32: 1, 4, 1, 0>, permutation_map = affine_map<(d0, d1, d2, d3) -> (d3)>}> : (memref<1x80x80x160xf32>, index, index, index, index, f32) -> vector<32xf32>
    "vector.transfer_write"(%6591, %1463, %1054, %arg2442, %arg2443, %6590) <{in_bounds = [true], operandSegmentSizes = array<i32: 1, 1, 4, 0>, permutation_map = affine_map<(d0, d1, d2, d3) -> (d3)>}> : (vector<32xf32>, memref<1x80x80x160xf32, strided<[2048000, 25600, 320, 1]>>, index, index, index, index) -> ()
    "scf.yield"() : () -> ()
  }) : (index, index, index) -> ()
  "scf.reduce"() : () -> ()
}) : (index, index, index, index, index, index) -> ()
/tmp/ncnn-compile-274d00/model.capi.mlir:5227:5: error: 'scf.parallel' op remains after parallel lowering; op=scf.parallel
    scf.parallel (%arg3, %arg4) = (%c0, %c0) to (%c80, %c80) step (%c1, %c1) {
    ^
/tmp/ncnn-compile-274d00/model.capi.mlir:5227:5: note: see current operation: 
"scf.parallel"(%1054, %1054, %1068, %1068, %1011, %1011) <{operandSegmentSizes = array<i32: 2, 2, 2, 0>}> ({
^bb0(%arg2439: index, %arg2440: index):
  "scf.for"(%1054, %1017, %1011) ({
  ^bb0(%arg2441: index):
    %6588 = "arith.muli"(%arg2441, %1012) <{overflowFlags = #arith.overflow<none>}> : (index, index) -> index
    %6589 = "vector.transfer_read"(%1428, %1054, %arg2439, %arg2440, %6588, %1014) <{in_bounds = [true], operandSegmentSizes = array<i32: 1, 4, 1, 0>, permutation_map = affine_map<(d0, d1, d2, d3) -> (d3)>}> : (memref<1x80x80x160xf32>, index, index, index, index, f32) -> vector<32xf32>
    "vector.transfer_write"(%6589, %1464, %1054, %arg2439, %arg2440, %6588) <{in_bounds = [true], operandSegmentSizes = array<i32: 1, 1, 4, 0>, permutation_map = affine_map<(d0, d1, d2, d3) -> (d3)>}> : (vector<32xf32>, memref<1x80x80x160xf32, strided<[2048000, 25600, 320, 1], offset: 160>>, index, index, index, index) -> ()
    "scf.yield"() : () -> ()
  }) : (index, index, index) -> ()
  "scf.reduce"() : () -> ()
}) : (index, index, index, index, index, index) -> ()
/tmp/ncnn-compile-274d00/model.capi.mlir:5240:5: error: 'scf.parallel' op remains after parallel lowering; op=scf.parallel
    scf.parallel (%arg3, %arg4) = (%c0, %c0) to (%c80, %c80) step (%c1, %c1) {
    ^
/tmp/ncnn-compile-274d00/model.capi.mlir:5240:5: note: see current operation: 
"scf.parallel"(%1054, %1054, %1068, %1068, %1011, %1011) <{operandSegmentSizes = array<i32: 2, 2, 2, 0>}> ({
^bb0(%arg2436: index, %arg2437: index):
  "scf.for"(%1054, %1018, %1011) ({
  ^bb0(%arg2438: index):
    %6586 = "arith.muli"(%arg2438, %1012) <{overflowFlags = #arith.overflow<none>}> : (index, index) -> index
    %6587 = "vector.transfer_read"(%1333, %6586, %1014) <{in_bounds = [true], operandSegmentSizes = array<i32: 1, 1, 1, 0>, permutation_map = affine_map<(d0) -> (d0)>}> : (memref<320xf32>, index, f32) -> vector<32xf32>
    "vector.transfer_write"(%6587, %1421, %1054, %arg2436, %arg2437, %6586) <{in_bounds = [true], operandSegmentSizes = array<i32: 1, 1, 4, 0>, permutation_map = affine_map<(d0, d1, d2, d3) -> (d3)>}> : (vector<32xf32>, memref<1x80x80x320xf32>, index, index, index, index) -> ()
    "scf.yield"() : () -> ()
  }) : (index, index, index) -> ()
  "scf.reduce"() : () -> ()
}) : (index, index, index, index, index, index) -> ()
/tmp/ncnn-compile-274d00/model.capi.mlir:5363:5: error: 'scf.parallel' op remains after parallel lowering; op=scf.parallel
    scf.parallel (%arg3, %arg4) = (%c0, %c0) to (%c80, %c80) step (%c1, %c1) {
    ^
/tmp/ncnn-compile-274d00/model.capi.mlir:5363:5: note: see current operation: 
"scf.parallel"(%1054, %1054, %1068, %1068, %1011, %1011) <{operandSegmentSizes = array<i32: 2, 2, 2, 0>}> ({
^bb0(%arg2416: index, %arg2417: index):
  "scf.for"(%1054, %1018, %1011) ({
  ^bb0(%arg2418: index):
    %6541 = "arith.muli"(%arg2418, %1012) <{overflowFlags = #arith.overflow<none>}> : (index, index) -> index
    %6542 = "vector.transfer_read"(%1467, %1054, %arg2416, %arg2417, %6541, %1014) <{in_bounds = [true], operandSegmentSizes = array<i32: 1, 4, 1, 0>, permutation_map = affine_map<(d0, d1, d2, d3) -> (d3)>}> : (memref<1x80x80x320xf32>, index, index, index, index, f32) -> vector<32xf32>
    "vector.transfer_write"(%6542, %1469, %1054, %arg2416, %arg2417, %6541) <{in_bounds = [true], operandSegmentSizes = array<i32: 1, 1, 4, 0>, permutation_map = affine_map<(d0, d1, d2, d3) -> (d3)>}> : (vector<32xf32>, memref<1x80x80x320xf32, strided<[2204480, 26560, 320, 1], offset: 26880>>, index, index, index, index) -> ()
    "scf.yield"() : () -> ()
  }) : (index, index, index) -> ()
  "scf.reduce"() : () -> ()
}) : (index, index, index, index, index, index) -> ()
/tmp/ncnn-compile-274d00/model.capi.mlir:5384:5: error: 'scf.parallel' op remains after parallel lowering; op=scf.parallel
    scf.parallel (%arg3, %arg4) = (%c0, %c0) to (%c41, %c41) step (%c1, %c1) {
    ^
/tmp/ncnn-compile-274d00/model.capi.mlir:5384:5: note: see current operation: 
"scf.parallel"(%1054, %1054, %1073, %1073, %1011, %1011) <{operandSegmentSizes = array<i32: 2, 2, 2, 0>}> ({
^bb0(%arg2413: index, %arg2414: index):
  "scf.for"(%1054, %1019, %1011) ({
  ^bb0(%arg2415: index):
    %6539 = "arith.muli"(%arg2415, %1012) <{overflowFlags = #arith.overflow<none>}> : (index, index) -> index
    %6540 = "vector.transfer_read"(%1332, %6539, %1014) <{in_bounds = [true], operandSegmentSizes = array<i32: 1, 1, 1, 0>, permutation_map = affine_map<(d0) -> (d0)>}> : (memref<640xf32>, index, f32) -> vector<32xf32>
    "vector.transfer_write"(%6540, %1470, %1054, %arg2413, %arg2414, %6539) <{in_bounds = [true], operandSegmentSizes = array<i32: 1, 1, 4, 0>, permutation_map = affine_map<(d0, d1, d2, d3) -> (d3)>}> : (vector<32xf32>, memref<1x41x41x640xf32>, index, index, index, index) -> ()
    "scf.yield"() : () -> ()
  }) : (index, index, index) -> ()
  "scf.reduce"() : () -> ()
}) : (index, index, index, index, index, index) -> ()
/tmp/ncnn-compile-274d00/model.capi.mlir:5406:5: error: 'scf.parallel' op remains after parallel lowering; op=scf.parallel
    scf.parallel (%arg3, %arg4, %arg5, %arg6) = (%c0, %c0, %c0, %c0) to (%c41, %c41, %c3, %c3) step (%c1, %c1, %c1, %c1) {
    ^
/tmp/ncnn-compile-274d00/model.capi.mlir:5406:5: note: see current operation: 
"scf.parallel"(%1054, %1054, %1054, %1054, %1073, %1073, %1062, %1062, %1011, %1011, %1011, %1011) <{operandSegmentSizes = array<i32: 4, 4, 4, 0>}> ({
^bb0(%arg2408: index, %arg2409: index, %arg2410: index, %arg2411: index):
  "scf.for"(%1054, %1018, %1011) ({
  ^bb0(%arg2412: index):
    %6535 = "arith.muli"(%arg2412, %1012) <{overflowFlags = #arith.overflow<none>}> : (index, index) -> index
    %6536 = "affine.apply"(%arg2408, %arg2410) <{map = affine_map<(d0, d1) -> (d0 * 2 + d1)>}> : (index, index) -> index
    %6537 = "affine.apply"(%arg2409, %arg2411) <{map = affine_map<(d0, d1) -> (d0 * 2 + d1)>}> : (index, index) -> index
    %6538 = "vector.transfer_read"(%1468, %1054, %6536, %6537, %6535, %1014) <{in_bounds = [true], operandSegmentSizes = array<i32: 1, 4, 1, 0>, permutation_map = affine_map<(d0, d1, d2, d3) -> (d3)>}> : (memref<1x83x83x320xf32>, index, index, index, index, f32) -> vector<32xf32>
    "vector.transfer_write"(%6538, %1472, %arg2408, %arg2409, %arg2410, %arg2411, %6535) <{in_bounds = [true], operandSegmentSizes = array<i32: 1, 1, 5, 0>, permutation_map = affine_map<(d0, d1, d2, d3, d4) -> (d4)>}> : (vector<32xf32>, memref<41x41x3x3x320xf32>, index, index, index, index, index) -> ()
    "scf.yield"() : () -> ()
  }) : (index, index, index) -> ()
  "scf.reduce"() : () -> ()
}) : (index, index, index, index, index, index, index, index, index, index, index, index) -> ()
/tmp/ncnn-compile-274d00/model.capi.mlir:5524:5: error: 'scf.parallel' op remains after parallel lowering; op=scf.parallel
    scf.parallel (%arg3, %arg4) = (%c0, %c0) to (%c40, %c40) step (%c1, %c1) {
    ^
/tmp/ncnn-compile-274d00/model.capi.mlir:5524:5: note: see current operation: 
"scf.parallel"(%1054, %1054, %1020, %1020, %1011, %1011) <{operandSegmentSizes = array<i32: 2, 2, 2, 0>}> ({
^bb0(%arg2389: index, %arg2390: index):
  "scf.for"(%1054, %1018, %1011) ({
  ^bb0(%arg2391: index):
    %6492 = "arith.muli"(%arg2391, %1012) <{overflowFlags = #arith.overflow<none>}> : (index, index) -> index
    %6493 = "vector.transfer_read"(%1331, %6492, %1014) <{in_bounds = [true], operandSegmentSizes = array<i32: 1, 1, 1, 0>, permutation_map = affine_map<(d0) -> (d0)>}> : (memref<320xf32>, index, f32) -> vector<32xf32>
    "vector.transfer_write"(%6493, %1476, %1054, %arg2389, %arg2390, %6492) <{in_bounds = [true], operandSegmentSizes = array<i32: 1, 1, 4, 0>, permutation_map = affine_map<(d0, d1, d2, d3) -> (d3)>}> : (vector<32xf32>, memref<1x40x40x320xf32>, index, index, index, index) -> ()
    "scf.yield"() : () -> ()
  }) : (index, index, index) -> ()
  "scf.reduce"() : () -> ()
}) : (index, index, index, index, index, index) -> ()
/tmp/ncnn-compile-274d00/model.capi.mlir:5642:5: error: 'scf.parallel' op remains after parallel lowering; op=scf.parallel
    scf.parallel (%arg3, %arg4) = (%c0, %c0) to (%c40, %c40) step (%c1, %c1) {
    ^
/tmp/ncnn-compile-274d00/model.capi.mlir:5642:5: note: see current operation: 
"scf.parallel"(%1054, %1054, %1020, %1020, %1011, %1011) <{operandSegmentSizes = array<i32: 2, 2, 2, 0>}> ({
^bb0(%arg2368: index, %arg2369: index):
  "scf.for"(%1054, %1018, %1011) ({
  ^bb0(%arg2370: index):
    %6445 = "arith.muli"(%arg2370, %1012) <{overflowFlags = #arith.overflow<none>}> : (index, index) -> index
    %6446 = "vector.transfer_read"(%1330, %6445, %1014) <{in_bounds = [true], operandSegmentSizes = array<i32: 1, 1, 1, 0>, permutation_map = affine_map<(d0) -> (d0)>}> : (memref<320xf32>, index, f32) -> vector<32xf32>
    "vector.transfer_write"(%6446, %1476, %1054, %arg2368, %arg2369, %6445) <{in_bounds = [true], operandSegmentSizes = array<i32: 1, 1, 4, 0>, permutation_map = affine_map<(d0, d1, d2, d3) -> (d3)>}> : (vector<32xf32>, memref<1x40x40x320xf32>, index, index, index, index) -> ()
    "scf.yield"() : () -> ()
  }) : (index, index, index) -> ()
  "scf.reduce"() : () -> ()
}) : (index, index, index, index, index, index) -> ()
/tmp/ncnn-compile-274d00/model.capi.mlir:5756:5: error: 'scf.parallel' op remains after parallel lowering; op=scf.parallel
    scf.parallel (%arg3, %arg4) = (%c0, %c0) to (%c40, %c40) step (%c1, %c1) {
    ^
/tmp/ncnn-compile-274d00/model.capi.mlir:5756:5: note: see current operation: 
"scf.parallel"(%1054, %1054, %1020, %1020, %1011, %1011) <{operandSegmentSizes = array<i32: 2, 2, 2, 0>}> ({
^bb0(%arg2348: index, %arg2349: index):
  "scf.for"(%1054, %1018, %1011) ({
  ^bb0(%arg2350: index):
    %6400 = "arith.muli"(%arg2350, %1012) <{overflowFlags = #arith.overflow<none>}> : (index, index) -> index
    %6401 = "vector.transfer_read"(%1482, %1054, %arg2348, %arg2349, %6400, %1014) <{in_bounds = [true], operandSegmentSizes = array<i32: 1, 4, 1, 0>, permutation_map = affine_map<(d0, d1, d2, d3) -> (d3)>}> : (memref<1x40x40x320xf32>, index, index, index, index, f32) -> vector<32xf32>
    "vector.transfer_write"(%6401, %1484, %1054, %arg2348, %arg2349, %6400) <{in_bounds = [true], operandSegmentSizes = array<i32: 1, 1, 4, 0>, permutation_map = affine_map<(d0, d1, d2, d3) -> (d3)>}> : (vector<32xf32>, memref<1x40x40x320xf32, strided<[564480, 13440, 320, 1], offset: 13760>>, index, index, index, index) -> ()
    "scf.yield"() : () -> ()
  }) : (index, index, index) -> ()
  "scf.reduce"() : () -> ()
}) : (index, index, index, index, index, index) -> ()
/tmp/ncnn-compile-274d00/model.capi.mlir:5769:5: error: 'scf.parallel' op remains after parallel lowering; op=scf.parallel
    scf.parallel (%arg3, %arg4) = (%c0, %c0) to (%c40, %c40) step (%c1, %c1) {
    ^
/tmp/ncnn-compile-274d00/model.capi.mlir:5769:5: note: see current operation: 
"scf.parallel"(%1054, %1054, %1020, %1020, %1011, %1011) <{operandSegmentSizes = array<i32: 2, 2, 2, 0>}> ({
^bb0(%arg2345: index, %arg2346: index):
  "scf.for"(%1054, %1018, %1011) ({
  ^bb0(%arg2347: index):
    %6398 = "arith.muli"(%arg2347, %1012) <{overflowFlags = #arith.overflow<none>}> : (index, index) -> index
    %6399 = "vector.transfer_read"(%1329, %6398, %1014) <{in_bounds = [true], operandSegmentSizes = array<i32: 1, 1, 1, 0>, permutation_map = affine_map<(d0) -> (d0)>}> : (memref<320xf32>, index, f32) -> vector<32xf32>
    "vector.transfer_write"(%6399, %1476, %1054, %arg2345, %arg2346, %6398) <{in_bounds = [true], operandSegmentSizes = array<i32: 1, 1, 4, 0>, permutation_map = affine_map<(d0, d1, d2, d3) -> (d3)>}> : (vector<32xf32>, memref<1x40x40x320xf32>, index, index, index, index) -> ()
    "scf.yield"() : () -> ()
  }) : (index, index, index) -> ()
  "scf.reduce"() : () -> ()
}) : (index, index, index, index, index, index) -> ()
/tmp/ncnn-compile-274d00/model.capi.mlir:5790:5: error: 'scf.parallel' op remains after parallel lowering; op=scf.parallel
    scf.parallel (%arg3, %arg4, %arg5, %arg6) = (%c0, %c0, %c0, %c0) to (%c40, %c40, %c3, %c3) step (%c1, %c1, %c1, %c1) {
    ^
/tmp/ncnn-compile-274d00/model.capi.mlir:5790:5: note: see current operation: 
"scf.parallel"(%1054, %1054, %1054, %1054, %1020, %1020, %1062, %1062, %1011, %1011, %1011, %1011) <{operandSegmentSizes = array<i32: 4, 4, 4, 0>}> ({
^bb0(%arg2340: index, %arg2341: index, %arg2342: index, %arg2343: index):
  "scf.for"(%1054, %1018, %1011) ({
  ^bb0(%arg2344: index):
    %6394 = "arith.muli"(%arg2344, %1012) <{overflowFlags = #arith.overflow<none>}> : (index, index) -> index
    %6395 = "affine.apply"(%arg2340, %arg2342) <{map = affine_map<(d0, d1) -> (d0 + d1)>}> : (index, index) -> index
    %6396 = "affine.apply"(%arg2341, %arg2343) <{map = affine_map<(d0, d1) -> (d0 + d1)>}> : (index, index) -> index
    %6397 = "vector.transfer_read"(%1483, %1054, %6395, %6396, %6394, %1014) <{in_bounds = [true], operandSegmentSizes = array<i32: 1, 4, 1, 0>, permutation_map = affine_map<(d0, d1, d2, d3) -> (d3)>}> : (memref<1x42x42x320xf32>, index, index, index, index, f32) -> vector<32xf32>
    "vector.transfer_write"(%6397, %1485, %arg2340, %arg2341, %arg2342, %arg2343, %6394) <{in_bounds = [true], operandSegmentSizes = array<i32: 1, 1, 5, 0>, permutation_map = affine_map<(d0, d1, d2, d3, d4) -> (d4)>}> : (vector<32xf32>, memref<40x40x3x3x320xf32>, index, index, index, index, index) -> ()
    "scf.yield"() : () -> ()
  }) : (index, index, index) -> ()
  "scf.reduce"() : () -> ()
}) : (index, index, index, index, index, index, index, index, index, index, index, index) -> ()
/tmp/ncnn-compile-274d00/model.capi.mlir:5898:5: error: 'scf.parallel' op remains after parallel lowering; op=scf.parallel
    scf.parallel (%arg3, %arg4) = (%c0, %c0) to (%c40, %c40) step (%c1, %c1) {
    ^
/tmp/ncnn-compile-274d00/model.capi.mlir:5898:5: note: see current operation: 
"scf.parallel"(%1054, %1054, %1020, %1020, %1011, %1011) <{operandSegmentSizes = array<i32: 2, 2, 2, 0>}> ({
^bb0(%arg2323: index, %arg2324: index):
  "scf.for"(%1054, %1018, %1011) ({
  ^bb0(%arg2325: index):
    %6347 = "arith.muli"(%arg2325, %1012) <{overflowFlags = #arith.overflow<none>}> : (index, index) -> index
    %6348 = "vector.transfer_read"(%1328, %6347, %1014) <{in_bounds = [true], operandSegmentSizes = array<i32: 1, 1, 1, 0>, permutation_map = affine_map<(d0) -> (d0)>}> : (memref<320xf32>, index, f32) -> vector<32xf32>
    "vector.transfer_write"(%6348, %1476, %1054, %arg2323, %arg2324, %6347) <{in_bounds = [true], operandSegmentSizes = array<i32: 1, 1, 4, 0>, permutation_map = affine_map<(d0, d1, d2, d3) -> (d3)>}> : (vector<32xf32>, memref<1x40x40x320xf32>, index, index, index, index) -> ()
    "scf.yield"() : () -> ()
  }) : (index, index, index) -> ()
  "scf.reduce"() : () -> ()
}) : (index, index, index, index, index, index) -> ()
/tmp/ncnn-compile-274d00/model.capi.mlir:6012:5: error: 'scf.parallel' op remains after parallel lowering; op=scf.parallel
    scf.parallel (%arg3, %arg4) = (%c0, %c0) to (%c40, %c40) step (%c1, %c1) {
    ^
/tmp/ncnn-compile-274d00/model.capi.mlir:6012:5: note: see current operation: 
"scf.parallel"(%1054, %1054, %1020, %1020, %1011, %1011) <{operandSegmentSizes = array<i32: 2, 2, 2, 0>}> ({
^bb0(%arg2303: index, %arg2304: index):
  "scf.for"(%1054, %1018, %1011) ({
  ^bb0(%arg2305: index):
    %6302 = "arith.muli"(%arg2305, %1012) <{overflowFlags = #arith.overflow<none>}> : (index, index) -> index
    %6303 = "vector.transfer_read"(%1482, %1054, %arg2303, %arg2304, %6302, %1014) <{in_bounds = [true], operandSegmentSizes = array<i32: 1, 4, 1, 0>, permutation_map = affine_map<(d0, d1, d2, d3) -> (d3)>}> : (memref<1x40x40x320xf32>, index, index, index, index, f32) -> vector<32xf32>
    "vector.transfer_write"(%6303, %1490, %1054, %arg2303, %arg2304, %6302) <{in_bounds = [true], operandSegmentSizes = array<i32: 1, 1, 4, 0>, permutation_map = affine_map<(d0, d1, d2, d3) -> (d3)>}> : (vector<32xf32>, memref<1x40x40x320xf32, strided<[564480, 13440, 320, 1], offset: 13760>>, index, index, index, index) -> ()
    "scf.yield"() : () -> ()
  }) : (index, index, index) -> ()
  "scf.reduce"() : () -> ()
}) : (index, index, index, index, index, index) -> ()
/tmp/ncnn-compile-274d00/model.capi.mlir:6025:5: error: 'scf.parallel' op remains after parallel lowering; op=scf.parallel
    scf.parallel (%arg3, %arg4) = (%c0, %c0) to (%c40, %c40) step (%c1, %c1) {
    ^
/tmp/ncnn-compile-274d00/model.capi.mlir:6025:5: note: see current operation: 
"scf.parallel"(%1054, %1054, %1020, %1020, %1011, %1011) <{operandSegmentSizes = array<i32: 2, 2, 2, 0>}> ({
^bb0(%arg2300: index, %arg2301: index):
  "scf.for"(%1054, %1018, %1011) ({
  ^bb0(%arg2302: index):
    %6300 = "arith.muli"(%arg2302, %1012) <{overflowFlags = #arith.overflow<none>}> : (index, index) -> index
    %6301 = "vector.transfer_read"(%1327, %6300, %1014) <{in_bounds = [true], operandSegmentSizes = array<i32: 1, 1, 1, 0>, permutation_map = affine_map<(d0) -> (d0)>}> : (memref<320xf32>, index, f32) -> vector<32xf32>
    "vector.transfer_write"(%6301, %1476, %1054, %arg2300, %arg2301, %6300) <{in_bounds = [true], operandSegmentSizes = array<i32: 1, 1, 4, 0>, permutation_map = affine_map<(d0, d1, d2, d3) -> (d3)>}> : (vector<32xf32>, memref<1x40x40x320xf32>, index, index, index, index) -> ()
    "scf.yield"() : () -> ()
  }) : (index, index, index) -> ()
  "scf.reduce"() : () -> ()
}) : (index, index, index, index, index, index) -> ()
/tmp/ncnn-compile-274d00/model.capi.mlir:6038:5: error: 'scf.parallel' op remains after parallel lowering; op=scf.parallel
    scf.parallel (%arg3, %arg4, %arg5, %arg6) = (%c0, %c0, %c0, %c0) to (%c40, %c40, %c3, %c3) step (%c1, %c1, %c1, %c1) {
    ^
/tmp/ncnn-compile-274d00/model.capi.mlir:6038:5: note: see current operation: 
"scf.parallel"(%1054, %1054, %1054, %1054, %1020, %1020, %1062, %1062, %1011, %1011, %1011, %1011) <{operandSegmentSizes = array<i32: 4, 4, 4, 0>}> ({
^bb0(%arg2295: index, %arg2296: index, %arg2297: index, %arg2298: index):
  "scf.for"(%1054, %1018, %1011) ({
  ^bb0(%arg2299: index):
    %6296 = "arith.muli"(%arg2299, %1012) <{overflowFlags = #arith.overflow<none>}> : (index, index) -> index
    %6297 = "affine.apply"(%arg2295, %arg2297) <{map = affine_map<(d0, d1) -> (d0 + d1)>}> : (index, index) -> index
    %6298 = "affine.apply"(%arg2296, %arg2298) <{map = affine_map<(d0, d1) -> (d0 + d1)>}> : (index, index) -> index
    %6299 = "vector.transfer_read"(%1489, %1054, %6297, %6298, %6296, %1014) <{in_bounds = [true], operandSegmentSizes = array<i32: 1, 4, 1, 0>, permutation_map = affine_map<(d0, d1, d2, d3) -> (d3)>}> : (memref<1x42x42x320xf32>, index, index, index, index, f32) -> vector<32xf32>
    "vector.transfer_write"(%6299, %1485, %arg2295, %arg2296, %arg2297, %arg2298, %6296) <{in_bounds = [true], operandSegmentSizes = array<i32: 1, 1, 5, 0>, permutation_map = affine_map<(d0, d1, d2, d3, d4) -> (d4)>}> : (vector<32xf32>, memref<40x40x3x3x320xf32>, index, index, index, index, index) -> ()
    "scf.yield"() : () -> ()
  }) : (index, index, index) -> ()
  "scf.reduce"() : () -> ()
}) : (index, index, index, index, index, index, index, index, index, index, index, index) -> ()
/tmp/ncnn-compile-274d00/model.capi.mlir:6145:5: error: 'scf.parallel' op remains after parallel lowering; op=scf.parallel
    scf.parallel (%arg3, %arg4) = (%c0, %c0) to (%c40, %c40) step (%c1, %c1) {
    ^
/tmp/ncnn-compile-274d00/model.capi.mlir:6145:5: note: see current operation: 
"scf.parallel"(%1054, %1054, %1020, %1020, %1011, %1011) <{operandSegmentSizes = array<i32: 2, 2, 2, 0>}> ({
^bb0(%arg2278: index, %arg2279: index):
  "scf.for"(%1054, %1018, %1011) ({
  ^bb0(%arg2280: index):
    %6249 = "arith.muli"(%arg2280, %1012) <{overflowFlags = #arith.overflow<none>}> : (index, index) -> index
    %6250 = "vector.transfer_read"(%1326, %6249, %1014) <{in_bounds = [true], operandSegmentSizes = array<i32: 1, 1, 1, 0>, permutation_map = affine_map<(d0) -> (d0)>}> : (memref<320xf32>, index, f32) -> vector<32xf32>
    "vector.transfer_write"(%6250, %1476, %1054, %arg2278, %arg2279, %6249) <{in_bounds = [true], operandSegmentSizes = array<i32: 1, 1, 4, 0>, permutation_map = affine_map<(d0, d1, d2, d3) -> (d3)>}> : (vector<32xf32>, memref<1x40x40x320xf32>, index, index, index, index) -> ()
    "scf.yield"() : () -> ()
  }) : (index, index, index) -> ()
  "scf.reduce"() : () -> ()
}) : (index, index, index, index, index, index) -> ()
/tmp/ncnn-compile-274d00/model.capi.mlir:6259:5: error: 'scf.parallel' op remains after parallel lowering; op=scf.parallel
    scf.parallel (%arg3, %arg4) = (%c0, %c0) to (%c40, %c40) step (%c1, %c1) {
    ^
/tmp/ncnn-compile-274d00/model.capi.mlir:6259:5: note: see current operation: 
"scf.parallel"(%1054, %1054, %1020, %1020, %1011, %1011) <{operandSegmentSizes = array<i32: 2, 2, 2, 0>}> ({
^bb0(%arg2258: index, %arg2259: index):
  "scf.for"(%1054, %1018, %1011) ({
  ^bb0(%arg2260: index):
    %6204 = "arith.muli"(%arg2260, %1012) <{overflowFlags = #arith.overflow<none>}> : (index, index) -> index
    %6205 = "vector.transfer_read"(%1482, %1054, %arg2258, %arg2259, %6204, %1014) <{in_bounds = [true], operandSegmentSizes = array<i32: 1, 4, 1, 0>, permutation_map = affine_map<(d0, d1, d2, d3) -> (d3)>}> : (memref<1x40x40x320xf32>, index, index, index, index, f32) -> vector<32xf32>
    "vector.transfer_write"(%6205, %1494, %1054, %arg2258, %arg2259, %6204) <{in_bounds = [true], operandSegmentSizes = array<i32: 1, 1, 4, 0>, permutation_map = affine_map<(d0, d1, d2, d3) -> (d3)>}> : (vector<32xf32>, memref<1x40x40x320xf32, strided<[564480, 13440, 320, 1], offset: 13760>>, index, index, index, index) -> ()
    "scf.yield"() : () -> ()
  }) : (index, index, index) -> ()
  "scf.reduce"() : () -> ()
}) : (index, index, index, index, index, index) -> ()
/tmp/ncnn-compile-274d00/model.capi.mlir:6272:5: error: 'scf.parallel' op remains after parallel lowering; op=scf.parallel
    scf.parallel (%arg3, %arg4) = (%c0, %c0) to (%c40, %c40) step (%c1, %c1) {
    ^
/tmp/ncnn-compile-274d00/model.capi.mlir:6272:5: note: see current operation: 
"scf.parallel"(%1054, %1054, %1020, %1020, %1011, %1011) <{operandSegmentSizes = array<i32: 2, 2, 2, 0>}> ({
^bb0(%arg2255: index, %arg2256: index):
  "scf.for"(%1054, %1018, %1011) ({
  ^bb0(%arg2257: index):
    %6202 = "arith.muli"(%arg2257, %1012) <{overflowFlags = #arith.overflow<none>}> : (index, index) -> index
    %6203 = "vector.transfer_read"(%1325, %6202, %1014) <{in_bounds = [true], operandSegmentSizes = array<i32: 1, 1, 1, 0>, permutation_map = affine_map<(d0) -> (d0)>}> : (memref<320xf32>, index, f32) -> vector<32xf32>
    "vector.transfer_write"(%6203, %1476, %1054, %arg2255, %arg2256, %6202) <{in_bounds = [true], operandSegmentSizes = array<i32: 1, 1, 4, 0>, permutation_map = affine_map<(d0, d1, d2, d3) -> (d3)>}> : (vector<32xf32>, memref<1x40x40x320xf32>, index, index, index, index) -> ()
    "scf.yield"() : () -> ()
  }) : (index, index, index) -> ()
  "scf.reduce"() : () -> ()
}) : (index, index, index, index, index, index) -> ()
/tmp/ncnn-compile-274d00/model.capi.mlir:6285:5: error: 'scf.parallel' op remains after parallel lowering; op=scf.parallel
    scf.parallel (%arg3, %arg4, %arg5, %arg6) = (%c0, %c0, %c0, %c0) to (%c40, %c40, %c3, %c3) step (%c1, %c1, %c1, %c1) {
    ^
/tmp/ncnn-compile-274d00/model.capi.mlir:6285:5: note: see current operation: 
"scf.parallel"(%1054, %1054, %1054, %1054, %1020, %1020, %1062, %1062, %1011, %1011, %1011, %1011) <{operandSegmentSizes = array<i32: 4, 4, 4, 0>}> ({
^bb0(%arg2250: index, %arg2251: index, %arg2252: index, %arg2253: index):
  "scf.for"(%1054, %1018, %1011) ({
  ^bb0(%arg2254: index):
    %6198 = "arith.muli"(%arg2254, %1012) <{overflowFlags = #arith.overflow<none>}> : (index, index) -> index
    %6199 = "affine.apply"(%arg2250, %arg2252) <{map = affine_map<(d0, d1) -> (d0 + d1)>}> : (index, index) -> index
    %6200 = "affine.apply"(%arg2251, %arg2253) <{map = affine_map<(d0, d1) -> (d0 + d1)>}> : (index, index) -> index
    %6201 = "vector.transfer_read"(%1493, %1054, %6199, %6200, %6198, %1014) <{in_bounds = [true], operandSegmentSizes = array<i32: 1, 4, 1, 0>, permutation_map = affine_map<(d0, d1, d2, d3) -> (d3)>}> : (memref<1x42x42x320xf32>, index, index, index, index, f32) -> vector<32xf32>
    "vector.transfer_write"(%6201, %1485, %arg2250, %arg2251, %arg2252, %arg2253, %6198) <{in_bounds = [true], operandSegmentSizes = array<i32: 1, 1, 5, 0>, permutation_map = affine_map<(d0, d1, d2, d3, d4) -> (d4)>}> : (vector<32xf32>, memref<40x40x3x3x320xf32>, index, index, index, index, index) -> ()
    "scf.yield"() : () -> ()
  }) : (index, index, index) -> ()
  "scf.reduce"() : () -> ()
}) : (index, index, index, index, index, index, index, index, index, index, index, index) -> ()
/tmp/ncnn-compile-274d00/model.capi.mlir:6392:5: error: 'scf.parallel' op remains after parallel lowering; op=scf.parallel
    scf.parallel (%arg3, %arg4) = (%c0, %c0) to (%c40, %c40) step (%c1, %c1) {
    ^
/tmp/ncnn-compile-274d00/model.capi.mlir:6392:5: note: see current operation: 
"scf.parallel"(%1054, %1054, %1020, %1020, %1011, %1011) <{operandSegmentSizes = array<i32: 2, 2, 2, 0>}> ({
^bb0(%arg2233: index, %arg2234: index):
  "scf.for"(%1054, %1018, %1011) ({
  ^bb0(%arg2235: index):
    %6151 = "arith.muli"(%arg2235, %1012) <{overflowFlags = #arith.overflow<none>}> : (index, index) -> index
    %6152 = "vector.transfer_read"(%1324, %6151, %1014) <{in_bounds = [true], operandSegmentSizes = array<i32: 1, 1, 1, 0>, permutation_map = affine_map<(d0) -> (d0)>}> : (memref<320xf32>, index, f32) -> vector<32xf32>
    "vector.transfer_write"(%6152, %1476, %1054, %arg2233, %arg2234, %6151) <{in_bounds = [true], operandSegmentSizes = array<i32: 1, 1, 4, 0>, permutation_map = affine_map<(d0, d1, d2, d3) -> (d3)>}> : (vector<32xf32>, memref<1x40x40x320xf32>, index, index, index, index) -> ()
    "scf.yield"() : () -> ()
  }) : (index, index, index) -> ()
  "scf.reduce"() : () -> ()
}) : (index, index, index, index, index, index) -> ()
/tmp/ncnn-compile-274d00/model.capi.mlir:6506:5: error: 'scf.parallel' op remains after parallel lowering; op=scf.parallel
    scf.parallel (%arg3, %arg4) = (%c0, %c0) to (%c40, %c40) step (%c1, %c1) {
    ^
/tmp/ncnn-compile-274d00/model.capi.mlir:6506:5: note: see current operation: 
"scf.parallel"(%1054, %1054, %1020, %1020, %1011, %1011) <{operandSegmentSizes = array<i32: 2, 2, 2, 0>}> ({
^bb0(%arg2213: index, %arg2214: index):
  "scf.for"(%1054, %1018, %1011) ({
  ^bb0(%arg2215: index):
    %6106 = "arith.muli"(%arg2215, %1012) <{overflowFlags = #arith.overflow<none>}> : (index, index) -> index
    %6107 = "vector.transfer_read"(%1482, %1054, %arg2213, %arg2214, %6106, %1014) <{in_bounds = [true], operandSegmentSizes = array<i32: 1, 4, 1, 0>, permutation_map = affine_map<(d0, d1, d2, d3) -> (d3)>}> : (memref<1x40x40x320xf32>, index, index, index, index, f32) -> vector<32xf32>
    "vector.transfer_write"(%6107, %1498, %1054, %arg2213, %arg2214, %6106) <{in_bounds = [true], operandSegmentSizes = array<i32: 1, 1, 4, 0>, permutation_map = affine_map<(d0, d1, d2, d3) -> (d3)>}> : (vector<32xf32>, memref<1x40x40x320xf32, strided<[564480, 13440, 320, 1], offset: 13760>>, index, index, index, index) -> ()
    "scf.yield"() : () -> ()
  }) : (index, index, index) -> ()
  "scf.reduce"() : () -> ()
}) : (index, index, index, index, index, index) -> ()
/tmp/ncnn-compile-274d00/model.capi.mlir:6519:5: error: 'scf.parallel' op remains after parallel lowering; op=scf.parallel
    scf.parallel (%arg3, %arg4) = (%c0, %c0) to (%c40, %c40) step (%c1, %c1) {
    ^
/tmp/ncnn-compile-274d00/model.capi.mlir:6519:5: note: see current operation: 
"scf.parallel"(%1054, %1054, %1020, %1020, %1011, %1011) <{operandSegmentSizes = array<i32: 2, 2, 2, 0>}> ({
^bb0(%arg2210: index, %arg2211: index):
  "scf.for"(%1054, %1018, %1011) ({
  ^bb0(%arg2212: index):
    %6104 = "arith.muli"(%arg2212, %1012) <{overflowFlags = #arith.overflow<none>}> : (index, index) -> index
    %6105 = "vector.transfer_read"(%1323, %6104, %1014) <{in_bounds = [true], operandSegmentSizes = array<i32: 1, 1, 1, 0>, permutation_map = affine_map<(d0) -> (d0)>}> : (memref<320xf32>, index, f32) -> vector<32xf32>
    "vector.transfer_write"(%6105, %1476, %1054, %arg2210, %arg2211, %6104) <{in_bounds = [true], operandSegmentSizes = array<i32: 1, 1, 4, 0>, permutation_map = affine_map<(d0, d1, d2, d3) -> (d3)>}> : (vector<32xf32>, memref<1x40x40x320xf32>, index, index, index, index) -> ()
    "scf.yield"() : () -> ()
  }) : (index, index, index) -> ()
  "scf.reduce"() : () -> ()
}) : (index, index, index, index, index, index) -> ()
/tmp/ncnn-compile-274d00/model.capi.mlir:6532:5: error: 'scf.parallel' op remains after parallel lowering; op=scf.parallel
    scf.parallel (%arg3, %arg4, %arg5, %arg6) = (%c0, %c0, %c0, %c0) to (%c40, %c40, %c3, %c3) step (%c1, %c1, %c1, %c1) {
    ^
/tmp/ncnn-compile-274d00/model.capi.mlir:6532:5: note: see current operation: 
"scf.parallel"(%1054, %1054, %1054, %1054, %1020, %1020, %1062, %1062, %1011, %1011, %1011, %1011) <{operandSegmentSizes = array<i32: 4, 4, 4, 0>}> ({
^bb0(%arg2205: index, %arg2206: index, %arg2207: index, %arg2208: index):
  "scf.for"(%1054, %1018, %1011) ({
  ^bb0(%arg2209: index):
    %6100 = "arith.muli"(%arg2209, %1012) <{overflowFlags = #arith.overflow<none>}> : (index, index) -> index
    %6101 = "affine.apply"(%arg2205, %arg2207) <{map = affine_map<(d0, d1) -> (d0 + d1)>}> : (index, index) -> index
    %6102 = "affine.apply"(%arg2206, %arg2208) <{map = affine_map<(d0, d1) -> (d0 + d1)>}> : (index, index) -> index
    %6103 = "vector.transfer_read"(%1497, %1054, %6101, %6102, %6100, %1014) <{in_bounds = [true], operandSegmentSizes = array<i32: 1, 4, 1, 0>, permutation_map = affine_map<(d0, d1, d2, d3) -> (d3)>}> : (memref<1x42x42x320xf32>, index, index, index, index, f32) -> vector<32xf32>
    "vector.transfer_write"(%6103, %1485, %arg2205, %arg2206, %arg2207, %arg2208, %6100) <{in_bounds = [true], operandSegmentSizes = array<i32: 1, 1, 5, 0>, permutation_map = affine_map<(d0, d1, d2, d3, d4) -> (d4)>}> : (vector<32xf32>, memref<40x40x3x3x320xf32>, index, index, index, index, index) -> ()
    "scf.yield"() : () -> ()
  }) : (index, index, index) -> ()
  "scf.reduce"() : () -> ()
}) : (index, index, index, index, index, index, index, index, index, index, index, index) -> ()
/tmp/ncnn-compile-274d00/model.capi.mlir:6639:5: error: 'scf.parallel' op remains after parallel lowering; op=scf.parallel
    scf.parallel (%arg3, %arg4) = (%c0, %c0) to (%c40, %c40) step (%c1, %c1) {
    ^
/tmp/ncnn-compile-274d00/model.capi.mlir:6639:5: note: see current operation: 
"scf.parallel"(%1054, %1054, %1020, %1020, %1011, %1011) <{operandSegmentSizes = array<i32: 2, 2, 2, 0>}> ({
^bb0(%arg2188: index, %arg2189: index):
  "scf.for"(%1054, %1018, %1011) ({
  ^bb0(%arg2190: index):
    %6053 = "arith.muli"(%arg2190, %1012) <{overflowFlags = #arith.overflow<none>}> : (index, index) -> index
    %6054 = "vector.transfer_read"(%1322, %6053, %1014) <{in_bounds = [true], operandSegmentSizes = array<i32: 1, 1, 1, 0>, permutation_map = affine_map<(d0) -> (d0)>}> : (memref<320xf32>, index, f32) -> vector<32xf32>
    "vector.transfer_write"(%6054, %1476, %1054, %arg2188, %arg2189, %6053) <{in_bounds = [true], operandSegmentSizes = array<i32: 1, 1, 4, 0>, permutation_map = affine_map<(d0, d1, d2, d3) -> (d3)>}> : (vector<32xf32>, memref<1x40x40x320xf32>, index, index, index, index) -> ()
    "scf.yield"() : () -> ()
  }) : (index, index, index) -> ()
  "scf.reduce"() : () -> ()
}) : (index, index, index, index, index, index) -> ()
/tmp/ncnn-compile-274d00/model.capi.mlir:6753:5: error: 'scf.parallel' op remains after parallel lowering; op=scf.parallel
    scf.parallel (%arg3, %arg4) = (%c0, %c0) to (%c40, %c40) step (%c1, %c1) {
    ^
/tmp/ncnn-compile-274d00/model.capi.mlir:6753:5: note: see current operation: 
"scf.parallel"(%1054, %1054, %1020, %1020, %1011, %1011) <{operandSegmentSizes = array<i32: 2, 2, 2, 0>}> ({
^bb0(%arg2168: index, %arg2169: index):
  "scf.for"(%1054, %1018, %1011) ({
  ^bb0(%arg2170: index):
    %6008 = "arith.muli"(%arg2170, %1012) <{overflowFlags = #arith.overflow<none>}> : (index, index) -> index
    %6009 = "vector.transfer_read"(%1482, %1054, %arg2168, %arg2169, %6008, %1014) <{in_bounds = [true], operandSegmentSizes = array<i32: 1, 4, 1, 0>, permutation_map = affine_map<(d0, d1, d2, d3) -> (d3)>}> : (memref<1x40x40x320xf32>, index, index, index, index, f32) -> vector<32xf32>
    "vector.transfer_write"(%6009, %1502, %1054, %arg2168, %arg2169, %6008) <{in_bounds = [true], operandSegmentSizes = array<i32: 1, 1, 4, 0>, permutation_map = affine_map<(d0, d1, d2, d3) -> (d3)>}> : (vector<32xf32>, memref<1x40x40x320xf32, strided<[564480, 13440, 320, 1], offset: 13760>>, index, index, index, index) -> ()
    "scf.yield"() : () -> ()
  }) : (index, index, index) -> ()
  "scf.reduce"() : () -> ()
}) : (index, index, index, index, index, index) -> ()
/tmp/ncnn-compile-274d00/model.capi.mlir:6766:5: error: 'scf.parallel' op remains after parallel lowering; op=scf.parallel
    scf.parallel (%arg3, %arg4) = (%c0, %c0) to (%c40, %c40) step (%c1, %c1) {
    ^
/tmp/ncnn-compile-274d00/model.capi.mlir:6766:5: note: see current operation: 
"scf.parallel"(%1054, %1054, %1020, %1020, %1011, %1011) <{operandSegmentSizes = array<i32: 2, 2, 2, 0>}> ({
^bb0(%arg2165: index, %arg2166: index):
  "scf.for"(%1054, %1018, %1011) ({
  ^bb0(%arg2167: index):
    %6006 = "arith.muli"(%arg2167, %1012) <{overflowFlags = #arith.overflow<none>}> : (index, index) -> index
    %6007 = "vector.transfer_read"(%1321, %6006, %1014) <{in_bounds = [true], operandSegmentSizes = array<i32: 1, 1, 1, 0>, permutation_map = affine_map<(d0) -> (d0)>}> : (memref<320xf32>, index, f32) -> vector<32xf32>
    "vector.transfer_write"(%6007, %1476, %1054, %arg2165, %arg2166, %6006) <{in_bounds = [true], operandSegmentSizes = array<i32: 1, 1, 4, 0>, permutation_map = affine_map<(d0, d1, d2, d3) -> (d3)>}> : (vector<32xf32>, memref<1x40x40x320xf32>, index, index, index, index) -> ()
    "scf.yield"() : () -> ()
  }) : (index, index, index) -> ()
  "scf.reduce"() : () -> ()
}) : (index, index, index, index, index, index) -> ()
/tmp/ncnn-compile-274d00/model.capi.mlir:6779:5: error: 'scf.parallel' op remains after parallel lowering; op=scf.parallel
    scf.parallel (%arg3, %arg4, %arg5, %arg6) = (%c0, %c0, %c0, %c0) to (%c40, %c40, %c3, %c3) step (%c1, %c1, %c1, %c1) {
    ^
/tmp/ncnn-compile-274d00/model.capi.mlir:6779:5: note: see current operation: 
"scf.parallel"(%1054, %1054, %1054, %1054, %1020, %1020, %1062, %1062, %1011, %1011, %1011, %1011) <{operandSegmentSizes = array<i32: 4, 4, 4, 0>}> ({
^bb0(%arg2160: index, %arg2161: index, %arg2162: index, %arg2163: index):
  "scf.for"(%1054, %1018, %1011) ({
  ^bb0(%arg2164: index):
    %6002 = "arith.muli"(%arg2164, %1012) <{overflowFlags = #arith.overflow<none>}> : (index, index) -> index
    %6003 = "affine.apply"(%arg2160, %arg2162) <{map = affine_map<(d0, d1) -> (d0 + d1)>}> : (index, index) -> index
    %6004 = "affine.apply"(%arg2161, %arg2163) <{map = affine_map<(d0, d1) -> (d0 + d1)>}> : (index, index) -> index
    %6005 = "vector.transfer_read"(%1501, %1054, %6003, %6004, %6002, %1014) <{in_bounds = [true], operandSegmentSizes = array<i32: 1, 4, 1, 0>, permutation_map = affine_map<(d0, d1, d2, d3) -> (d3)>}> : (memref<1x42x42x320xf32>, index, index, index, index, f32) -> vector<32xf32>
    "vector.transfer_write"(%6005, %1485, %arg2160, %arg2161, %arg2162, %arg2163, %6002) <{in_bounds = [true], operandSegmentSizes = array<i32: 1, 1, 5, 0>, permutation_map = affine_map<(d0, d1, d2, d3, d4) -> (d4)>}> : (vector<32xf32>, memref<40x40x3x3x320xf32>, index, index, index, index, index) -> ()
    "scf.yield"() : () -> ()
  }) : (index, index, index) -> ()
  "scf.reduce"() : () -> ()
}) : (index, index, index, index, index, index, index, index, index, index, index, index) -> ()
/tmp/ncnn-compile-274d00/model.capi.mlir:6886:5: error: 'scf.parallel' op remains after parallel lowering; op=scf.parallel
    scf.parallel (%arg3, %arg4) = (%c0, %c0) to (%c40, %c40) step (%c1, %c1) {
    ^
/tmp/ncnn-compile-274d00/model.capi.mlir:6886:5: note: see current operation: 
"scf.parallel"(%1054, %1054, %1020, %1020, %1011, %1011) <{operandSegmentSizes = array<i32: 2, 2, 2, 0>}> ({
^bb0(%arg2143: index, %arg2144: index):
  "scf.for"(%1054, %1018, %1011) ({
  ^bb0(%arg2145: index):
    %5955 = "arith.muli"(%arg2145, %1012) <{overflowFlags = #arith.overflow<none>}> : (index, index) -> index
    %5956 = "vector.transfer_read"(%1320, %5955, %1014) <{in_bounds = [true], operandSegmentSizes = array<i32: 1, 1, 1, 0>, permutation_map = affine_map<(d0) -> (d0)>}> : (memref<320xf32>, index, f32) -> vector<32xf32>
    "vector.transfer_write"(%5956, %1476, %1054, %arg2143, %arg2144, %5955) <{in_bounds = [true], operandSegmentSizes = array<i32: 1, 1, 4, 0>, permutation_map = affine_map<(d0, d1, d2, d3) -> (d3)>}> : (vector<32xf32>, memref<1x40x40x320xf32>, index, index, index, index) -> ()
    "scf.yield"() : () -> ()
  }) : (index, index, index) -> ()
  "scf.reduce"() : () -> ()
}) : (index, index, index, index, index, index) -> ()
/tmp/ncnn-compile-274d00/model.capi.mlir:7000:5: error: 'scf.parallel' op remains after parallel lowering; op=scf.parallel
    scf.parallel (%arg3, %arg4) = (%c0, %c0) to (%c40, %c40) step (%c1, %c1) {
    ^
/tmp/ncnn-compile-274d00/model.capi.mlir:7000:5: note: see current operation: 
"scf.parallel"(%1054, %1054, %1020, %1020, %1011, %1011) <{operandSegmentSizes = array<i32: 2, 2, 2, 0>}> ({
^bb0(%arg2123: index, %arg2124: index):
  "scf.for"(%1054, %1018, %1011) ({
  ^bb0(%arg2125: index):
    %5910 = "arith.muli"(%arg2125, %1012) <{overflowFlags = #arith.overflow<none>}> : (index, index) -> index
    %5911 = "vector.transfer_read"(%1482, %1054, %arg2123, %arg2124, %5910, %1014) <{in_bounds = [true], operandSegmentSizes = array<i32: 1, 4, 1, 0>, permutation_map = affine_map<(d0, d1, d2, d3) -> (d3)>}> : (memref<1x40x40x320xf32>, index, index, index, index, f32) -> vector<32xf32>
    "vector.transfer_write"(%5911, %1506, %1054, %arg2123, %arg2124, %5910) <{in_bounds = [true], operandSegmentSizes = array<i32: 1, 1, 4, 0>, permutation_map = affine_map<(d0, d1, d2, d3) -> (d3)>}> : (vector<32xf32>, memref<1x40x40x320xf32, strided<[564480, 13440, 320, 1], offset: 13760>>, index, index, index, index) -> ()
    "scf.yield"() : () -> ()
  }) : (index, index, index) -> ()
  "scf.reduce"() : () -> ()
}) : (index, index, index, index, index, index) -> ()
/tmp/ncnn-compile-274d00/model.capi.mlir:7013:5: error: 'scf.parallel' op remains after parallel lowering; op=scf.parallel
    scf.parallel (%arg3, %arg4) = (%c0, %c0) to (%c40, %c40) step (%c1, %c1) {
    ^
/tmp/ncnn-compile-274d00/model.capi.mlir:7013:5: note: see current operation: 
"scf.parallel"(%1054, %1054, %1020, %1020, %1011, %1011) <{operandSegmentSizes = array<i32: 2, 2, 2, 0>}> ({
^bb0(%arg2120: index, %arg2121: index):
  "scf.for"(%1054, %1018, %1011) ({
  ^bb0(%arg2122: index):
    %5908 = "arith.muli"(%arg2122, %1012) <{overflowFlags = #arith.overflow<none>}> : (index, index) -> index
    %5909 = "vector.transfer_read"(%1319, %5908, %1014) <{in_bounds = [true], operandSegmentSizes = array<i32: 1, 1, 1, 0>, permutation_map = affine_map<(d0) -> (d0)>}> : (memref<320xf32>, index, f32) -> vector<32xf32>
    "vector.transfer_write"(%5909, %1476, %1054, %arg2120, %arg2121, %5908) <{in_bounds = [true], operandSegmentSizes = array<i32: 1, 1, 4, 0>, permutation_map = affine_map<(d0, d1, d2, d3) -> (d3)>}> : (vector<32xf32>, memref<1x40x40x320xf32>, index, index, index, index) -> ()
    "scf.yield"() : () -> ()
  }) : (index, index, index) -> ()
  "scf.reduce"() : () -> ()
}) : (index, index, index, index, index, index) -> ()
/tmp/ncnn-compile-274d00/model.capi.mlir:7026:5: error: 'scf.parallel' op remains after parallel lowering; op=scf.parallel
    scf.parallel (%arg3, %arg4, %arg5, %arg6) = (%c0, %c0, %c0, %c0) to (%c40, %c40, %c3, %c3) step (%c1, %c1, %c1, %c1) {
    ^
/tmp/ncnn-compile-274d00/model.capi.mlir:7026:5: note: see current operation: 
"scf.parallel"(%1054, %1054, %1054, %1054, %1020, %1020, %1062, %1062, %1011, %1011, %1011, %1011) <{operandSegmentSizes = array<i32: 4, 4, 4, 0>}> ({
^bb0(%arg2115: index, %arg2116: index, %arg2117: index, %arg2118: index):
  "scf.for"(%1054, %1018, %1011) ({
  ^bb0(%arg2119: index):
    %5904 = "arith.muli"(%arg2119, %1012) <{overflowFlags = #arith.overflow<none>}> : (index, index) -> index
    %5905 = "affine.apply"(%arg2115, %arg2117) <{map = affine_map<(d0, d1) -> (d0 + d1)>}> : (index, index) -> index
    %5906 = "affine.apply"(%arg2116, %arg2118) <{map = affine_map<(d0, d1) -> (d0 + d1)>}> : (index, index) -> index
    %5907 = "vector.transfer_read"(%1505, %1054, %5905, %5906, %5904, %1014) <{in_bounds = [true], operandSegmentSizes = array<i32: 1, 4, 1, 0>, permutation_map = affine_map<(d0, d1, d2, d3) -> (d3)>}> : (memref<1x42x42x320xf32>, index, index, index, index, f32) -> vector<32xf32>
    "vector.transfer_write"(%5907, %1485, %arg2115, %arg2116, %arg2117, %arg2118, %5904) <{in_bounds = [true], operandSegmentSizes = array<i32: 1, 1, 5, 0>, permutation_map = affine_map<(d0, d1, d2, d3, d4) -> (d4)>}> : (vector<32xf32>, memref<40x40x3x3x320xf32>, index, index, index, index, index) -> ()
    "scf.yield"() : () -> ()
  }) : (index, index, index) -> ()
  "scf.reduce"() : () -> ()
}) : (index, index, index, index, index, index, index, index, index, index, index, index) -> ()
/tmp/ncnn-compile-274d00/model.capi.mlir:7133:5: error: 'scf.parallel' op remains after parallel lowering; op=scf.parallel
    scf.parallel (%arg3, %arg4) = (%c0, %c0) to (%c40, %c40) step (%c1, %c1) {
    ^
/tmp/ncnn-compile-274d00/model.capi.mlir:7133:5: note: see current operation: 
"scf.parallel"(%1054, %1054, %1020, %1020, %1011, %1011) <{operandSegmentSizes = array<i32: 2, 2, 2, 0>}> ({
^bb0(%arg2098: index, %arg2099: index):
  "scf.for"(%1054, %1018, %1011) ({
  ^bb0(%arg2100: index):
    %5857 = "arith.muli"(%arg2100, %1012) <{overflowFlags = #arith.overflow<none>}> : (index, index) -> index
    %5858 = "vector.transfer_read"(%1318, %5857, %1014) <{in_bounds = [true], operandSegmentSizes = array<i32: 1, 1, 1, 0>, permutation_map = affine_map<(d0) -> (d0)>}> : (memref<320xf32>, index, f32) -> vector<32xf32>
    "vector.transfer_write"(%5858, %1476, %1054, %arg2098, %arg2099, %5857) <{in_bounds = [true], operandSegmentSizes = array<i32: 1, 1, 4, 0>, permutation_map = affine_map<(d0, d1, d2, d3) -> (d3)>}> : (vector<32xf32>, memref<1x40x40x320xf32>, index, index, index, index) -> ()
    "scf.yield"() : () -> ()
  }) : (index, index, index) -> ()
  "scf.reduce"() : () -> ()
}) : (index, index, index, index, index, index) -> ()
/tmp/ncnn-compile-274d00/model.capi.mlir:7247:5: error: 'scf.parallel' op remains after parallel lowering; op=scf.parallel
    scf.parallel (%arg3, %arg4) = (%c0, %c0) to (%c40, %c40) step (%c1, %c1) {
    ^
/tmp/ncnn-compile-274d00/model.capi.mlir:7247:5: note: see current operation: 
"scf.parallel"(%1054, %1054, %1020, %1020, %1011, %1011) <{operandSegmentSizes = array<i32: 2, 2, 2, 0>}> ({
^bb0(%arg2078: index, %arg2079: index):
  "scf.for"(%1054, %1018, %1011) ({
  ^bb0(%arg2080: index):
    %5812 = "arith.muli"(%arg2080, %1012) <{overflowFlags = #arith.overflow<none>}> : (index, index) -> index
    %5813 = "vector.transfer_read"(%1482, %1054, %arg2078, %arg2079, %5812, %1014) <{in_bounds = [true], operandSegmentSizes = array<i32: 1, 4, 1, 0>, permutation_map = affine_map<(d0, d1, d2, d3) -> (d3)>}> : (memref<1x40x40x320xf32>, index, index, index, index, f32) -> vector<32xf32>
    "vector.transfer_write"(%5813, %1510, %1054, %arg2078, %arg2079, %5812) <{in_bounds = [true], operandSegmentSizes = array<i32: 1, 1, 4, 0>, permutation_map = affine_map<(d0, d1, d2, d3) -> (d3)>}> : (vector<32xf32>, memref<1x40x40x320xf32, strided<[564480, 13440, 320, 1], offset: 13760>>, index, index, index, index) -> ()
    "scf.yield"() : () -> ()
  }) : (index, index, index) -> ()
  "scf.reduce"() : () -> ()
}) : (index, index, index, index, index, index) -> ()
/tmp/ncnn-compile-274d00/model.capi.mlir:7260:5: error: 'scf.parallel' op remains after parallel lowering; op=scf.parallel
    scf.parallel (%arg3, %arg4) = (%c0, %c0) to (%c40, %c40) step (%c1, %c1) {
    ^
/tmp/ncnn-compile-274d00/model.capi.mlir:7260:5: note: see current operation: 
"scf.parallel"(%1054, %1054, %1020, %1020, %1011, %1011) <{operandSegmentSizes = array<i32: 2, 2, 2, 0>}> ({
^bb0(%arg2075: index, %arg2076: index):
  "scf.for"(%1054, %1018, %1011) ({
  ^bb0(%arg2077: index):
    %5810 = "arith.muli"(%arg2077, %1012) <{overflowFlags = #arith.overflow<none>}> : (index, index) -> index
    %5811 = "vector.transfer_read"(%1317, %5810, %1014) <{in_bounds = [true], operandSegmentSizes = array<i32: 1, 1, 1, 0>, permutation_map = affine_map<(d0) -> (d0)>}> : (memref<320xf32>, index, f32) -> vector<32xf32>
    "vector.transfer_write"(%5811, %1476, %1054, %arg2075, %arg2076, %5810) <{in_bounds = [true], operandSegmentSizes = array<i32: 1, 1, 4, 0>, permutation_map = affine_map<(d0, d1, d2, d3) -> (d3)>}> : (vector<32xf32>, memref<1x40x40x320xf32>, index, index, index, index) -> ()
    "scf.yield"() : () -> ()
  }) : (index, index, index) -> ()
  "scf.reduce"() : () -> ()
}) : (index, index, index, index, index, index) -> ()
/tmp/ncnn-compile-274d00/model.capi.mlir:7273:5: error: 'scf.parallel' op remains after parallel lowering; op=scf.parallel
    scf.parallel (%arg3, %arg4, %arg5, %arg6) = (%c0, %c0, %c0, %c0) to (%c40, %c40, %c3, %c3) step (%c1, %c1, %c1, %c1) {
    ^
/tmp/ncnn-compile-274d00/model.capi.mlir:7273:5: note: see current operation: 
"scf.parallel"(%1054, %1054, %1054, %1054, %1020, %1020, %1062, %1062, %1011, %1011, %1011, %1011) <{operandSegmentSizes = array<i32: 4, 4, 4, 0>}> ({
^bb0(%arg2070: index, %arg2071: index, %arg2072: index, %arg2073: index):
  "scf.for"(%1054, %1018, %1011) ({
  ^bb0(%arg2074: index):
    %5806 = "arith.muli"(%arg2074, %1012) <{overflowFlags = #arith.overflow<none>}> : (index, index) -> index
    %5807 = "affine.apply"(%arg2070, %arg2072) <{map = affine_map<(d0, d1) -> (d0 + d1)>}> : (index, index) -> index
    %5808 = "affine.apply"(%arg2071, %arg2073) <{map = affine_map<(d0, d1) -> (d0 + d1)>}> : (index, index) -> index
    %5809 = "vector.transfer_read"(%1509, %1054, %5807, %5808, %5806, %1014) <{in_bounds = [true], operandSegmentSizes = array<i32: 1, 4, 1, 0>, permutation_map = affine_map<(d0, d1, d2, d3) -> (d3)>}> : (memref<1x42x42x320xf32>, index, index, index, index, f32) -> vector<32xf32>
    "vector.transfer_write"(%5809, %1485, %arg2070, %arg2071, %arg2072, %arg2073, %5806) <{in_bounds = [true], operandSegmentSizes = array<i32: 1, 1, 5, 0>, permutation_map = affine_map<(d0, d1, d2, d3, d4) -> (d4)>}> : (vector<32xf32>, memref<40x40x3x3x320xf32>, index, index, index, index, index) -> ()
    "scf.yield"() : () -> ()
  }) : (index, index, index) -> ()
  "scf.reduce"() : () -> ()
}) : (index, index, index, index, index, index, index, index, index, index, index, index) -> ()
/tmp/ncnn-compile-274d00/model.capi.mlir:7380:5: error: 'scf.parallel' op remains after parallel lowering; op=scf.parallel
    scf.parallel (%arg3, %arg4) = (%c0, %c0) to (%c40, %c40) step (%c1, %c1) {
    ^
/tmp/ncnn-compile-274d00/model.capi.mlir:7380:5: note: see current operation: 
"scf.parallel"(%1054, %1054, %1020, %1020, %1011, %1011) <{operandSegmentSizes = array<i32: 2, 2, 2, 0>}> ({
^bb0(%arg2053: index, %arg2054: index):
  "scf.for"(%1054, %1018, %1011) ({
  ^bb0(%arg2055: index):
    %5759 = "arith.muli"(%arg2055, %1012) <{overflowFlags = #arith.overflow<none>}> : (index, index) -> index
    %5760 = "vector.transfer_read"(%1316, %5759, %1014) <{in_bounds = [true], operandSegmentSizes = array<i32: 1, 1, 1, 0>, permutation_map = affine_map<(d0) -> (d0)>}> : (memref<320xf32>, index, f32) -> vector<32xf32>
    "vector.transfer_write"(%5760, %1476, %1054, %arg2053, %arg2054, %5759) <{in_bounds = [true], operandSegmentSizes = array<i32: 1, 1, 4, 0>, permutation_map = affine_map<(d0, d1, d2, d3) -> (d3)>}> : (vector<32xf32>, memref<1x40x40x320xf32>, index, index, index, index) -> ()
    "scf.yield"() : () -> ()
  }) : (index, index, index) -> ()
  "scf.reduce"() : () -> ()
}) : (index, index, index, index, index, index) -> ()
/tmp/ncnn-compile-274d00/model.capi.mlir:7494:5: error: 'scf.parallel' op remains after parallel lowering; op=scf.parallel
    scf.parallel (%arg3, %arg4) = (%c0, %c0) to (%c40, %c40) step (%c1, %c1) {
    ^
/tmp/ncnn-compile-274d00/model.capi.mlir:7494:5: note: see current operation: 
"scf.parallel"(%1054, %1054, %1020, %1020, %1011, %1011) <{operandSegmentSizes = array<i32: 2, 2, 2, 0>}> ({
^bb0(%arg2033: index, %arg2034: index):
  "scf.for"(%1054, %1018, %1011) ({
  ^bb0(%arg2035: index):
    %5714 = "arith.muli"(%arg2035, %1012) <{overflowFlags = #arith.overflow<none>}> : (index, index) -> index
    %5715 = "vector.transfer_read"(%1482, %1054, %arg2033, %arg2034, %5714, %1014) <{in_bounds = [true], operandSegmentSizes = array<i32: 1, 4, 1, 0>, permutation_map = affine_map<(d0, d1, d2, d3) -> (d3)>}> : (memref<1x40x40x320xf32>, index, index, index, index, f32) -> vector<32xf32>
    "vector.transfer_write"(%5715, %1514, %1054, %arg2033, %arg2034, %5714) <{in_bounds = [true], operandSegmentSizes = array<i32: 1, 1, 4, 0>, permutation_map = affine_map<(d0, d1, d2, d3) -> (d3)>}> : (vector<32xf32>, memref<1x40x40x320xf32, strided<[564480, 13440, 320, 1], offset: 13760>>, index, index, index, index) -> ()
    "scf.yield"() : () -> ()
  }) : (index, index, index) -> ()
  "scf.reduce"() : () -> ()
}) : (index, index, index, index, index, index) -> ()
/tmp/ncnn-compile-274d00/model.capi.mlir:7507:5: error: 'scf.parallel' op remains after parallel lowering; op=scf.parallel
    scf.parallel (%arg3, %arg4) = (%c0, %c0) to (%c40, %c40) step (%c1, %c1) {
    ^
/tmp/ncnn-compile-274d00/model.capi.mlir:7507:5: note: see current operation: 
"scf.parallel"(%1054, %1054, %1020, %1020, %1011, %1011) <{operandSegmentSizes = array<i32: 2, 2, 2, 0>}> ({
^bb0(%arg2030: index, %arg2031: index):
  "scf.for"(%1054, %1018, %1011) ({
  ^bb0(%arg2032: index):
    %5712 = "arith.muli"(%arg2032, %1012) <{overflowFlags = #arith.overflow<none>}> : (index, index) -> index
    %5713 = "vector.transfer_read"(%1315, %5712, %1014) <{in_bounds = [true], operandSegmentSizes = array<i32: 1, 1, 1, 0>, permutation_map = affine_map<(d0) -> (d0)>}> : (memref<320xf32>, index, f32) -> vector<32xf32>
    "vector.transfer_write"(%5713, %1476, %1054, %arg2030, %arg2031, %5712) <{in_bounds = [true], operandSegmentSizes = array<i32: 1, 1, 4, 0>, permutation_map = affine_map<(d0, d1, d2, d3) -> (d3)>}> : (vector<32xf32>, memref<1x40x40x320xf32>, index, index, index, index) -> ()
    "scf.yield"() : () -> ()
  }) : (index, index, index) -> ()
  "scf.reduce"() : () -> ()
}) : (index, index, index, index, index, index) -> ()
/tmp/ncnn-compile-274d00/model.capi.mlir:7520:5: error: 'scf.parallel' op remains after parallel lowering; op=scf.parallel
    scf.parallel (%arg3, %arg4, %arg5, %arg6) = (%c0, %c0, %c0, %c0) to (%c40, %c40, %c3, %c3) step (%c1, %c1, %c1, %c1) {
    ^
/tmp/ncnn-compile-274d00/model.capi.mlir:7520:5: note: see current operation: 
"scf.parallel"(%1054, %1054, %1054, %1054, %1020, %1020, %1062, %1062, %1011, %1011, %1011, %1011) <{operandSegmentSizes = array<i32: 4, 4, 4, 0>}> ({
^bb0(%arg2025: index, %arg2026: index, %arg2027: index, %arg2028: index):
  "scf.for"(%1054, %1018, %1011) ({
  ^bb0(%arg2029: index):
    %5708 = "arith.muli"(%arg2029, %1012) <{overflowFlags = #arith.overflow<none>}> : (index, index) -> index
    %5709 = "affine.apply"(%arg2025, %arg2027) <{map = affine_map<(d0, d1) -> (d0 + d1)>}> : (index, index) -> index
    %5710 = "affine.apply"(%arg2026, %arg2028) <{map = affine_map<(d0, d1) -> (d0 + d1)>}> : (index, index) -> index
    %5711 = "vector.transfer_read"(%1513, %1054, %5709, %5710, %5708, %1014) <{in_bounds = [true], operandSegmentSizes = array<i32: 1, 4, 1, 0>, permutation_map = affine_map<(d0, d1, d2, d3) -> (d3)>}> : (memref<1x42x42x320xf32>, index, index, index, index, f32) -> vector<32xf32>
    "vector.transfer_write"(%5711, %1485, %arg2025, %arg2026, %arg2027, %arg2028, %5708) <{in_bounds = [true], operandSegmentSizes = array<i32: 1, 1, 5, 0>, permutation_map = affine_map<(d0, d1, d2, d3, d4) -> (d4)>}> : (vector<32xf32>, memref<40x40x3x3x320xf32>, index, index, index, index, index) -> ()
    "scf.yield"() : () -> ()
  }) : (index, index, index) -> ()
  "scf.reduce"() : () -> ()
}) : (index, index, index, index, index, index, index, index, index, index, index, index) -> ()
/tmp/ncnn-compile-274d00/model.capi.mlir:7627:5: error: 'scf.parallel' op remains after parallel lowering; op=scf.parallel
    scf.parallel (%arg3, %arg4) = (%c0, %c0) to (%c40, %c40) step (%c1, %c1) {
    ^
/tmp/ncnn-compile-274d00/model.capi.mlir:7627:5: note: see current operation: 
"scf.parallel"(%1054, %1054, %1020, %1020, %1011, %1011) <{operandSegmentSizes = array<i32: 2, 2, 2, 0>}> ({
^bb0(%arg2008: index, %arg2009: index):
  "scf.for"(%1054, %1018, %1011) ({
  ^bb0(%arg2010: index):
    %5661 = "arith.muli"(%arg2010, %1012) <{overflowFlags = #arith.overflow<none>}> : (index, index) -> index
    %5662 = "vector.transfer_read"(%1314, %5661, %1014) <{in_bounds = [true], operandSegmentSizes = array<i32: 1, 1, 1, 0>, permutation_map = affine_map<(d0) -> (d0)>}> : (memref<320xf32>, index, f32) -> vector<32xf32>
    "vector.transfer_write"(%5662, %1476, %1054, %arg2008, %arg2009, %5661) <{in_bounds = [true], operandSegmentSizes = array<i32: 1, 1, 4, 0>, permutation_map = affine_map<(d0, d1, d2, d3) -> (d3)>}> : (vector<32xf32>, memref<1x40x40x320xf32>, index, index, index, index) -> ()
    "scf.yield"() : () -> ()
  }) : (index, index, index) -> ()
  "scf.reduce"() : () -> ()
}) : (index, index, index, index, index, index) -> ()
/tmp/ncnn-compile-274d00/model.capi.mlir:7741:5: error: 'scf.parallel' op remains after parallel lowering; op=scf.parallel
    scf.parallel (%arg3, %arg4) = (%c0, %c0) to (%c40, %c40) step (%c1, %c1) {
    ^
/tmp/ncnn-compile-274d00/model.capi.mlir:7741:5: note: see current operation: 
"scf.parallel"(%1054, %1054, %1020, %1020, %1011, %1011) <{operandSegmentSizes = array<i32: 2, 2, 2, 0>}> ({
^bb0(%arg1988: index, %arg1989: index):
  "scf.for"(%1054, %1018, %1011) ({
  ^bb0(%arg1990: index):
    %5616 = "arith.muli"(%arg1990, %1012) <{overflowFlags = #arith.overflow<none>}> : (index, index) -> index
    %5617 = "vector.transfer_read"(%1482, %1054, %arg1988, %arg1989, %5616, %1014) <{in_bounds = [true], operandSegmentSizes = array<i32: 1, 4, 1, 0>, permutation_map = affine_map<(d0, d1, d2, d3) -> (d3)>}> : (memref<1x40x40x320xf32>, index, index, index, index, f32) -> vector<32xf32>
    "vector.transfer_write"(%5617, %1518, %1054, %arg1988, %arg1989, %5616) <{in_bounds = [true], operandSegmentSizes = array<i32: 1, 1, 4, 0>, permutation_map = affine_map<(d0, d1, d2, d3) -> (d3)>}> : (vector<32xf32>, memref<1x40x40x320xf32, strided<[564480, 13440, 320, 1], offset: 13760>>, index, index, index, index) -> ()
    "scf.yield"() : () -> ()
  }) : (index, index, index) -> ()
  "scf.reduce"() : () -> ()
}) : (index, index, index, index, index, index) -> ()
/tmp/ncnn-compile-274d00/model.capi.mlir:7754:5: error: 'scf.parallel' op remains after parallel lowering; op=scf.parallel
    scf.parallel (%arg3, %arg4) = (%c0, %c0) to (%c40, %c40) step (%c1, %c1) {
    ^
/tmp/ncnn-compile-274d00/model.capi.mlir:7754:5: note: see current operation: 
"scf.parallel"(%1054, %1054, %1020, %1020, %1011, %1011) <{operandSegmentSizes = array<i32: 2, 2, 2, 0>}> ({
^bb0(%arg1985: index, %arg1986: index):
  "scf.for"(%1054, %1018, %1011) ({
  ^bb0(%arg1987: index):
    %5614 = "arith.muli"(%arg1987, %1012) <{overflowFlags = #arith.overflow<none>}> : (index, index) -> index
    %5615 = "vector.transfer_read"(%1313, %5614, %1014) <{in_bounds = [true], operandSegmentSizes = array<i32: 1, 1, 1, 0>, permutation_map = affine_map<(d0) -> (d0)>}> : (memref<320xf32>, index, f32) -> vector<32xf32>
    "vector.transfer_write"(%5615, %1476, %1054, %arg1985, %arg1986, %5614) <{in_bounds = [true], operandSegmentSizes = array<i32: 1, 1, 4, 0>, permutation_map = affine_map<(d0, d1, d2, d3) -> (d3)>}> : (vector<32xf32>, memref<1x40x40x320xf32>, index, index, index, index) -> ()
    "scf.yield"() : () -> ()
  }) : (index, index, index) -> ()
  "scf.reduce"() : () -> ()
}) : (index, index, index, index, index, index) -> ()
/tmp/ncnn-compile-274d00/model.capi.mlir:7767:5: error: 'scf.parallel' op remains after parallel lowering; op=scf.parallel
    scf.parallel (%arg3, %arg4, %arg5, %arg6) = (%c0, %c0, %c0, %c0) to (%c40, %c40, %c3, %c3) step (%c1, %c1, %c1, %c1) {
    ^
/tmp/ncnn-compile-274d00/model.capi.mlir:7767:5: note: see current operation: 
"scf.parallel"(%1054, %1054, %1054, %1054, %1020, %1020, %1062, %1062, %1011, %1011, %1011, %1011) <{operandSegmentSizes = array<i32: 4, 4, 4, 0>}> ({
^bb0(%arg1980: index, %arg1981: index, %arg1982: index, %arg1983: index):
  "scf.for"(%1054, %1018, %1011) ({
  ^bb0(%arg1984: index):
    %5610 = "arith.muli"(%arg1984, %1012) <{overflowFlags = #arith.overflow<none>}> : (index, index) -> index
    %5611 = "affine.apply"(%arg1980, %arg1982) <{map = affine_map<(d0, d1) -> (d0 + d1)>}> : (index, index) -> index
    %5612 = "affine.apply"(%arg1981, %arg1983) <{map = affine_map<(d0, d1) -> (d0 + d1)>}> : (index, index) -> index
    %5613 = "vector.transfer_read"(%1517, %1054, %5611, %5612, %5610, %1014) <{in_bounds = [true], operandSegmentSizes = array<i32: 1, 4, 1, 0>, permutation_map = affine_map<(d0, d1, d2, d3) -> (d3)>}> : (memref<1x42x42x320xf32>, index, index, index, index, f32) -> vector<32xf32>
    "vector.transfer_write"(%5613, %1485, %arg1980, %arg1981, %arg1982, %arg1983, %5610) <{in_bounds = [true], operandSegmentSizes = array<i32: 1, 1, 5, 0>, permutation_map = affine_map<(d0, d1, d2, d3, d4) -> (d4)>}> : (vector<32xf32>, memref<40x40x3x3x320xf32>, index, index, index, index, index) -> ()
    "scf.yield"() : () -> ()
  }) : (index, index, index) -> ()
  "scf.reduce"() : () -> ()
}) : (index, index, index, index, index, index, index, index, index, index, index, index) -> ()
/tmp/ncnn-compile-274d00/model.capi.mlir:7874:5: error: 'scf.parallel' op remains after parallel lowering; op=scf.parallel
    scf.parallel (%arg3, %arg4) = (%c0, %c0) to (%c40, %c40) step (%c1, %c1) {
    ^
/tmp/ncnn-compile-274d00/model.capi.mlir:7874:5: note: see current operation: 
"scf.parallel"(%1054, %1054, %1020, %1020, %1011, %1011) <{operandSegmentSizes = array<i32: 2, 2, 2, 0>}> ({
^bb0(%arg1963: index, %arg1964: index):
  "scf.for"(%1054, %1018, %1011) ({
  ^bb0(%arg1965: index):
    %5563 = "arith.muli"(%arg1965, %1012) <{overflowFlags = #arith.overflow<none>}> : (index, index) -> index
    %5564 = "vector.transfer_read"(%1312, %5563, %1014) <{in_bounds = [true], operandSegmentSizes = array<i32: 1, 1, 1, 0>, permutation_map = affine_map<(d0) -> (d0)>}> : (memref<320xf32>, index, f32) -> vector<32xf32>
    "vector.transfer_write"(%5564, %1476, %1054, %arg1963, %arg1964, %5563) <{in_bounds = [true], operandSegmentSizes = array<i32: 1, 1, 4, 0>, permutation_map = affine_map<(d0, d1, d2, d3) -> (d3)>}> : (vector<32xf32>, memref<1x40x40x320xf32>, index, index, index, index) -> ()
    "scf.yield"() : () -> ()
  }) : (index, index, index) -> ()
  "scf.reduce"() : () -> ()
}) : (index, index, index, index, index, index) -> ()
/tmp/ncnn-compile-274d00/model.capi.mlir:7988:5: error: 'scf.parallel' op remains after parallel lowering; op=scf.parallel
    scf.parallel (%arg3, %arg4) = (%c0, %c0) to (%c40, %c40) step (%c1, %c1) {
    ^
/tmp/ncnn-compile-274d00/model.capi.mlir:7988:5: note: see current operation: 
"scf.parallel"(%1054, %1054, %1020, %1020, %1011, %1011) <{operandSegmentSizes = array<i32: 2, 2, 2, 0>}> ({
^bb0(%arg1943: index, %arg1944: index):
  "scf.for"(%1054, %1018, %1011) ({
  ^bb0(%arg1945: index):
    %5518 = "arith.muli"(%arg1945, %1012) <{overflowFlags = #arith.overflow<none>}> : (index, index) -> index
    %5519 = "vector.transfer_read"(%1482, %1054, %arg1943, %arg1944, %5518, %1014) <{in_bounds = [true], operandSegmentSizes = array<i32: 1, 4, 1, 0>, permutation_map = affine_map<(d0, d1, d2, d3) -> (d3)>}> : (memref<1x40x40x320xf32>, index, index, index, index, f32) -> vector<32xf32>
    "vector.transfer_write"(%5519, %1522, %1054, %arg1943, %arg1944, %5518) <{in_bounds = [true], operandSegmentSizes = array<i32: 1, 1, 4, 0>, permutation_map = affine_map<(d0, d1, d2, d3) -> (d3)>}> : (vector<32xf32>, memref<1x40x40x320xf32, strided<[564480, 13440, 320, 1], offset: 13760>>, index, index, index, index) -> ()
    "scf.yield"() : () -> ()
  }) : (index, index, index) -> ()
  "scf.reduce"() : () -> ()
}) : (index, index, index, index, index, index) -> ()
/tmp/ncnn-compile-274d00/model.capi.mlir:8001:5: error: 'scf.parallel' op remains after parallel lowering; op=scf.parallel
    scf.parallel (%arg3, %arg4) = (%c0, %c0) to (%c40, %c40) step (%c1, %c1) {
    ^
/tmp/ncnn-compile-274d00/model.capi.mlir:8001:5: note: see current operation: 
"scf.parallel"(%1054, %1054, %1020, %1020, %1011, %1011) <{operandSegmentSizes = array<i32: 2, 2, 2, 0>}> ({
^bb0(%arg1940: index, %arg1941: index):
  "scf.for"(%1054, %1018, %1011) ({
  ^bb0(%arg1942: index):
    %5516 = "arith.muli"(%arg1942, %1012) <{overflowFlags = #arith.overflow<none>}> : (index, index) -> index
    %5517 = "vector.transfer_read"(%1311, %5516, %1014) <{in_bounds = [true], operandSegmentSizes = array<i32: 1, 1, 1, 0>, permutation_map = affine_map<(d0) -> (d0)>}> : (memref<320xf32>, index, f32) -> vector<32xf32>
    "vector.transfer_write"(%5517, %1476, %1054, %arg1940, %arg1941, %5516) <{in_bounds = [true], operandSegmentSizes = array<i32: 1, 1, 4, 0>, permutation_map = affine_map<(d0, d1, d2, d3) -> (d3)>}> : (vector<32xf32>, memref<1x40x40x320xf32>, index, index, index, index) -> ()
    "scf.yield"() : () -> ()
  }) : (index, index, index) -> ()
  "scf.reduce"() : () -> ()
}) : (index, index, index, index, index, index) -> ()
/tmp/ncnn-compile-274d00/model.capi.mlir:8014:5: error: 'scf.parallel' op remains after parallel lowering; op=scf.parallel
    scf.parallel (%arg3, %arg4, %arg5, %arg6) = (%c0, %c0, %c0, %c0) to (%c40, %c40, %c3, %c3) step (%c1, %c1, %c1, %c1) {
    ^
/tmp/ncnn-compile-274d00/model.capi.mlir:8014:5: note: see current operation: 
"scf.parallel"(%1054, %1054, %1054, %1054, %1020, %1020, %1062, %1062, %1011, %1011, %1011, %1011) <{operandSegmentSizes = array<i32: 4, 4, 4, 0>}> ({
^bb0(%arg1935: index, %arg1936: index, %arg1937: index, %arg1938: index):
  "scf.for"(%1054, %1018, %1011) ({
  ^bb0(%arg1939: index):
    %5512 = "arith.muli"(%arg1939, %1012) <{overflowFlags = #arith.overflow<none>}> : (index, index) -> index
    %5513 = "affine.apply"(%arg1935, %arg1937) <{map = affine_map<(d0, d1) -> (d0 + d1)>}> : (index, index) -> index
    %5514 = "affine.apply"(%arg1936, %arg1938) <{map = affine_map<(d0, d1) -> (d0 + d1)>}> : (index, index) -> index
    %5515 = "vector.transfer_read"(%1521, %1054, %5513, %5514, %5512, %1014) <{in_bounds = [true], operandSegmentSizes = array<i32: 1, 4, 1, 0>, permutation_map = affine_map<(d0, d1, d2, d3) -> (d3)>}> : (memref<1x42x42x320xf32>, index, index, index, index, f32) -> vector<32xf32>
    "vector.transfer_write"(%5515, %1485, %arg1935, %arg1936, %arg1937, %arg1938, %5512) <{in_bounds = [true], operandSegmentSizes = array<i32: 1, 1, 5, 0>, permutation_map = affine_map<(d0, d1, d2, d3, d4) -> (d4)>}> : (vector<32xf32>, memref<40x40x3x3x320xf32>, index, index, index, index, index) -> ()
    "scf.yield"() : () -> ()
  }) : (index, index, index) -> ()
  "scf.reduce"() : () -> ()
}) : (index, index, index, index, index, index, index, index, index, index, index, index) -> ()
/tmp/ncnn-compile-274d00/model.capi.mlir:8121:5: error: 'scf.parallel' op remains after parallel lowering; op=scf.parallel
    scf.parallel (%arg3, %arg4) = (%c0, %c0) to (%c40, %c40) step (%c1, %c1) {
    ^
/tmp/ncnn-compile-274d00/model.capi.mlir:8121:5: note: see current operation: 
"scf.parallel"(%1054, %1054, %1020, %1020, %1011, %1011) <{operandSegmentSizes = array<i32: 2, 2, 2, 0>}> ({
^bb0(%arg1918: index, %arg1919: index):
  "scf.for"(%1054, %1018, %1011) ({
  ^bb0(%arg1920: index):
    %5465 = "arith.muli"(%arg1920, %1012) <{overflowFlags = #arith.overflow<none>}> : (index, index) -> index
    %5466 = "vector.transfer_read"(%1310, %5465, %1014) <{in_bounds = [true], operandSegmentSizes = array<i32: 1, 1, 1, 0>, permutation_map = affine_map<(d0) -> (d0)>}> : (memref<320xf32>, index, f32) -> vector<32xf32>
    "vector.transfer_write"(%5466, %1476, %1054, %arg1918, %arg1919, %5465) <{in_bounds = [true], operandSegmentSizes = array<i32: 1, 1, 4, 0>, permutation_map = affine_map<(d0, d1, d2, d3) -> (d3)>}> : (vector<32xf32>, memref<1x40x40x320xf32>, index, index, index, index) -> ()
    "scf.yield"() : () -> ()
  }) : (index, index, index) -> ()
  "scf.reduce"() : () -> ()
}) : (index, index, index, index, index, index) -> ()
/tmp/ncnn-compile-274d00/model.capi.mlir:8235:5: error: 'scf.parallel' op remains after parallel lowering; op=scf.parallel
    scf.parallel (%arg3, %arg4) = (%c0, %c0) to (%c40, %c40) step (%c1, %c1) {
    ^
/tmp/ncnn-compile-274d00/model.capi.mlir:8235:5: note: see current operation: 
"scf.parallel"(%1054, %1054, %1020, %1020, %1011, %1011) <{operandSegmentSizes = array<i32: 2, 2, 2, 0>}> ({
^bb0(%arg1898: index, %arg1899: index):
  "scf.for"(%1054, %1018, %1011) ({
  ^bb0(%arg1900: index):
    %5420 = "arith.muli"(%arg1900, %1012) <{overflowFlags = #arith.overflow<none>}> : (index, index) -> index
    %5421 = "vector.transfer_read"(%1482, %1054, %arg1898, %arg1899, %5420, %1014) <{in_bounds = [true], operandSegmentSizes = array<i32: 1, 4, 1, 0>, permutation_map = affine_map<(d0, d1, d2, d3) -> (d3)>}> : (memref<1x40x40x320xf32>, index, index, index, index, f32) -> vector<32xf32>
    "vector.transfer_write"(%5421, %1526, %1054, %arg1898, %arg1899, %5420) <{in_bounds = [true], operandSegmentSizes = array<i32: 1, 1, 4, 0>, permutation_map = affine_map<(d0, d1, d2, d3) -> (d3)>}> : (vector<32xf32>, memref<1x40x40x320xf32, strided<[564480, 13440, 320, 1], offset: 13760>>, index, index, index, index) -> ()
    "scf.yield"() : () -> ()
  }) : (index, index, index) -> ()
  "scf.reduce"() : () -> ()
}) : (index, index, index, index, index, index) -> ()
/tmp/ncnn-compile-274d00/model.capi.mlir:8248:5: error: 'scf.parallel' op remains after parallel lowering; op=scf.parallel
    scf.parallel (%arg3, %arg4) = (%c0, %c0) to (%c40, %c40) step (%c1, %c1) {
    ^
/tmp/ncnn-compile-274d00/model.capi.mlir:8248:5: note: see current operation: 
"scf.parallel"(%1054, %1054, %1020, %1020, %1011, %1011) <{operandSegmentSizes = array<i32: 2, 2, 2, 0>}> ({
^bb0(%arg1895: index, %arg1896: index):
  "scf.for"(%1054, %1018, %1011) ({
  ^bb0(%arg1897: index):
    %5418 = "arith.muli"(%arg1897, %1012) <{overflowFlags = #arith.overflow<none>}> : (index, index) -> index
    %5419 = "vector.transfer_read"(%1309, %5418, %1014) <{in_bounds = [true], operandSegmentSizes = array<i32: 1, 1, 1, 0>, permutation_map = affine_map<(d0) -> (d0)>}> : (memref<320xf32>, index, f32) -> vector<32xf32>
    "vector.transfer_write"(%5419, %1476, %1054, %arg1895, %arg1896, %5418) <{in_bounds = [true], operandSegmentSizes = array<i32: 1, 1, 4, 0>, permutation_map = affine_map<(d0, d1, d2, d3) -> (d3)>}> : (vector<32xf32>, memref<1x40x40x320xf32>, index, index, index, index) -> ()
    "scf.yield"() : () -> ()
  }) : (index, index, index) -> ()
  "scf.reduce"() : () -> ()
}) : (index, index, index, index, index, index) -> ()
/tmp/ncnn-compile-274d00/model.capi.mlir:8261:5: error: 'scf.parallel' op remains after parallel lowering; op=scf.parallel
    scf.parallel (%arg3, %arg4, %arg5, %arg6) = (%c0, %c0, %c0, %c0) to (%c40, %c40, %c3, %c3) step (%c1, %c1, %c1, %c1) {
    ^
/tmp/ncnn-compile-274d00/model.capi.mlir:8261:5: note: see current operation: 
"scf.parallel"(%1054, %1054, %1054, %1054, %1020, %1020, %1062, %1062, %1011, %1011, %1011, %1011) <{operandSegmentSizes = array<i32: 4, 4, 4, 0>}> ({
^bb0(%arg1890: index, %arg1891: index, %arg1892: index, %arg1893: index):
  "scf.for"(%1054, %1018, %1011) ({
  ^bb0(%arg1894: index):
    %5414 = "arith.muli"(%arg1894, %1012) <{overflowFlags = #arith.overflow<none>}> : (index, index) -> index
    %5415 = "affine.apply"(%arg1890, %arg1892) <{map = affine_map<(d0, d1) -> (d0 + d1)>}> : (index, index) -> index
    %5416 = "affine.apply"(%arg1891, %arg1893) <{map = affine_map<(d0, d1) -> (d0 + d1)>}> : (index, index) -> index
    %5417 = "vector.transfer_read"(%1525, %1054, %5415, %5416, %5414, %1014) <{in_bounds = [true], operandSegmentSizes = array<i32: 1, 4, 1, 0>, permutation_map = affine_map<(d0, d1, d2, d3) -> (d3)>}> : (memref<1x42x42x320xf32>, index, index, index, index, f32) -> vector<32xf32>
    "vector.transfer_write"(%5417, %1485, %arg1890, %arg1891, %arg1892, %arg1893, %5414) <{in_bounds = [true], operandSegmentSizes = array<i32: 1, 1, 5, 0>, permutation_map = affine_map<(d0, d1, d2, d3, d4) -> (d4)>}> : (vector<32xf32>, memref<40x40x3x3x320xf32>, index, index, index, index, index) -> ()
    "scf.yield"() : () -> ()
  }) : (index, index, index) -> ()
  "scf.reduce"() : () -> ()
}) : (index, index, index, index, index, index, index, index, index, index, index, index) -> ()
/tmp/ncnn-compile-274d00/model.capi.mlir:8368:5: error: 'scf.parallel' op remains after parallel lowering; op=scf.parallel
    scf.parallel (%arg3, %arg4) = (%c0, %c0) to (%c40, %c40) step (%c1, %c1) {
    ^
/tmp/ncnn-compile-274d00/model.capi.mlir:8368:5: note: see current operation: 
"scf.parallel"(%1054, %1054, %1020, %1020, %1011, %1011) <{operandSegmentSizes = array<i32: 2, 2, 2, 0>}> ({
^bb0(%arg1873: index, %arg1874: index):
  "scf.for"(%1054, %1018, %1011) ({
  ^bb0(%arg1875: index):
    %5367 = "arith.muli"(%arg1875, %1012) <{overflowFlags = #arith.overflow<none>}> : (index, index) -> index
    %5368 = "vector.transfer_read"(%1308, %5367, %1014) <{in_bounds = [true], operandSegmentSizes = array<i32: 1, 1, 1, 0>, permutation_map = affine_map<(d0) -> (d0)>}> : (memref<320xf32>, index, f32) -> vector<32xf32>
    "vector.transfer_write"(%5368, %1476, %1054, %arg1873, %arg1874, %5367) <{in_bounds = [true], operandSegmentSizes = array<i32: 1, 1, 4, 0>, permutation_map = affine_map<(d0, d1, d2, d3) -> (d3)>}> : (vector<32xf32>, memref<1x40x40x320xf32>, index, index, index, index) -> ()
    "scf.yield"() : () -> ()
  }) : (index, index, index) -> ()
  "scf.reduce"() : () -> ()
}) : (index, index, index, index, index, index) -> ()
/tmp/ncnn-compile-274d00/model.capi.mlir:8482:5: error: 'scf.parallel' op remains after parallel lowering; op=scf.parallel
    scf.parallel (%arg3, %arg4) = (%c0, %c0) to (%c40, %c40) step (%c1, %c1) {
    ^
/tmp/ncnn-compile-274d00/model.capi.mlir:8482:5: note: see current operation: 
"scf.parallel"(%1054, %1054, %1020, %1020, %1011, %1011) <{operandSegmentSizes = array<i32: 2, 2, 2, 0>}> ({
^bb0(%arg1853: index, %arg1854: index):
  "scf.for"(%1054, %1018, %1011) ({
  ^bb0(%arg1855: index):
    %5322 = "arith.muli"(%arg1855, %1012) <{overflowFlags = #arith.overflow<none>}> : (index, index) -> index
    %5323 = "vector.transfer_read"(%1482, %1054, %arg1853, %arg1854, %5322, %1014) <{in_bounds = [true], operandSegmentSizes = array<i32: 1, 4, 1, 0>, permutation_map = affine_map<(d0, d1, d2, d3) -> (d3)>}> : (memref<1x40x40x320xf32>, index, index, index, index, f32) -> vector<32xf32>
    "vector.transfer_write"(%5323, %1530, %1054, %arg1853, %arg1854, %5322) <{in_bounds = [true], operandSegmentSizes = array<i32: 1, 1, 4, 0>, permutation_map = affine_map<(d0, d1, d2, d3) -> (d3)>}> : (vector<32xf32>, memref<1x40x40x320xf32, strided<[564480, 13440, 320, 1], offset: 13760>>, index, index, index, index) -> ()
    "scf.yield"() : () -> ()
  }) : (index, index, index) -> ()
  "scf.reduce"() : () -> ()
}) : (index, index, index, index, index, index) -> ()
/tmp/ncnn-compile-274d00/model.capi.mlir:8495:5: error: 'scf.parallel' op remains after parallel lowering; op=scf.parallel
    scf.parallel (%arg3, %arg4) = (%c0, %c0) to (%c40, %c40) step (%c1, %c1) {
    ^
/tmp/ncnn-compile-274d00/model.capi.mlir:8495:5: note: see current operation: 
"scf.parallel"(%1054, %1054, %1020, %1020, %1011, %1011) <{operandSegmentSizes = array<i32: 2, 2, 2, 0>}> ({
^bb0(%arg1850: index, %arg1851: index):
  "scf.for"(%1054, %1018, %1011) ({
  ^bb0(%arg1852: index):
    %5320 = "arith.muli"(%arg1852, %1012) <{overflowFlags = #arith.overflow<none>}> : (index, index) -> index
    %5321 = "vector.transfer_read"(%1307, %5320, %1014) <{in_bounds = [true], operandSegmentSizes = array<i32: 1, 1, 1, 0>, permutation_map = affine_map<(d0) -> (d0)>}> : (memref<320xf32>, index, f32) -> vector<32xf32>
    "vector.transfer_write"(%5321, %1476, %1054, %arg1850, %arg1851, %5320) <{in_bounds = [true], operandSegmentSizes = array<i32: 1, 1, 4, 0>, permutation_map = affine_map<(d0, d1, d2, d3) -> (d3)>}> : (vector<32xf32>, memref<1x40x40x320xf32>, index, index, index, index) -> ()
    "scf.yield"() : () -> ()
  }) : (index, index, index) -> ()
  "scf.reduce"() : () -> ()
}) : (index, index, index, index, index, index) -> ()
/tmp/ncnn-compile-274d00/model.capi.mlir:8508:5: error: 'scf.parallel' op remains after parallel lowering; op=scf.parallel
    scf.parallel (%arg3, %arg4, %arg5, %arg6) = (%c0, %c0, %c0, %c0) to (%c40, %c40, %c3, %c3) step (%c1, %c1, %c1, %c1) {
    ^
/tmp/ncnn-compile-274d00/model.capi.mlir:8508:5: note: see current operation: 
"scf.parallel"(%1054, %1054, %1054, %1054, %1020, %1020, %1062, %1062, %1011, %1011, %1011, %1011) <{operandSegmentSizes = array<i32: 4, 4, 4, 0>}> ({
^bb0(%arg1845: index, %arg1846: index, %arg1847: index, %arg1848: index):
  "scf.for"(%1054, %1018, %1011) ({
  ^bb0(%arg1849: index):
    %5316 = "arith.muli"(%arg1849, %1012) <{overflowFlags = #arith.overflow<none>}> : (index, index) -> index
    %5317 = "affine.apply"(%arg1845, %arg1847) <{map = affine_map<(d0, d1) -> (d0 + d1)>}> : (index, index) -> index
    %5318 = "affine.apply"(%arg1846, %arg1848) <{map = affine_map<(d0, d1) -> (d0 + d1)>}> : (index, index) -> index
    %5319 = "vector.transfer_read"(%1529, %1054, %5317, %5318, %5316, %1014) <{in_bounds = [true], operandSegmentSizes = array<i32: 1, 4, 1, 0>, permutation_map = affine_map<(d0, d1, d2, d3) -> (d3)>}> : (memref<1x42x42x320xf32>, index, index, index, index, f32) -> vector<32xf32>
    "vector.transfer_write"(%5319, %1485, %arg1845, %arg1846, %arg1847, %arg1848, %5316) <{in_bounds = [true], operandSegmentSizes = array<i32: 1, 1, 5, 0>, permutation_map = affine_map<(d0, d1, d2, d3, d4) -> (d4)>}> : (vector<32xf32>, memref<40x40x3x3x320xf32>, index, index, index, index, index) -> ()
    "scf.yield"() : () -> ()
  }) : (index, index, index) -> ()
  "scf.reduce"() : () -> ()
}) : (index, index, index, index, index, index, index, index, index, index, index, index) -> ()
/tmp/ncnn-compile-274d00/model.capi.mlir:8615:5: error: 'scf.parallel' op remains after parallel lowering; op=scf.parallel
    scf.parallel (%arg3, %arg4) = (%c0, %c0) to (%c40, %c40) step (%c1, %c1) {
    ^
/tmp/ncnn-compile-274d00/model.capi.mlir:8615:5: note: see current operation: 
"scf.parallel"(%1054, %1054, %1020, %1020, %1011, %1011) <{operandSegmentSizes = array<i32: 2, 2, 2, 0>}> ({
^bb0(%arg1828: index, %arg1829: index):
  "scf.for"(%1054, %1018, %1011) ({
  ^bb0(%arg1830: index):
    %5269 = "arith.muli"(%arg1830, %1012) <{overflowFlags = #arith.overflow<none>}> : (index, index) -> index
    %5270 = "vector.transfer_read"(%1306, %5269, %1014) <{in_bounds = [true], operandSegmentSizes = array<i32: 1, 1, 1, 0>, permutation_map = affine_map<(d0) -> (d0)>}> : (memref<320xf32>, index, f32) -> vector<32xf32>
    "vector.transfer_write"(%5270, %1476, %1054, %arg1828, %arg1829, %5269) <{in_bounds = [true], operandSegmentSizes = array<i32: 1, 1, 4, 0>, permutation_map = affine_map<(d0, d1, d2, d3) -> (d3)>}> : (vector<32xf32>, memref<1x40x40x320xf32>, index, index, index, index) -> ()
    "scf.yield"() : () -> ()
  }) : (index, index, index) -> ()
  "scf.reduce"() : () -> ()
}) : (index, index, index, index, index, index) -> ()
/tmp/ncnn-compile-274d00/model.capi.mlir:8723:5: error: 'scf.parallel' op remains after parallel lowering; op=scf.parallel
    scf.parallel (%arg3, %arg4) = (%c0, %c0) to (%c40, %c40) step (%c1, %c1) {
    ^
/tmp/ncnn-compile-274d00/model.capi.mlir:8723:5: note: see current operation: 
"scf.parallel"(%1054, %1054, %1020, %1020, %1011, %1011) <{operandSegmentSizes = array<i32: 2, 2, 2, 0>}> ({
^bb0(%arg1807: index, %arg1808: index):
  "scf.for"(%1054, %1018, %1011) ({
  ^bb0(%arg1809: index):
    %5222 = "arith.muli"(%arg1809, %1012) <{overflowFlags = #arith.overflow<none>}> : (index, index) -> index
    %5223 = "vector.transfer_read"(%1531, %1054, %arg1807, %arg1808, %5222, %1014) <{in_bounds = [true], operandSegmentSizes = array<i32: 1, 4, 1, 0>, permutation_map = affine_map<(d0, d1, d2, d3) -> (d3)>}> : (memref<1x40x40x320xf32>, index, index, index, index, f32) -> vector<32xf32>
    "vector.transfer_write"(%5223, %1533, %1054, %arg1807, %arg1808, %5222) <{in_bounds = [true], operandSegmentSizes = array<i32: 1, 1, 4, 0>, permutation_map = affine_map<(d0, d1, d2, d3) -> (d3)>}> : (vector<32xf32>, memref<1x40x40x320xf32, strided<[1024000, 25600, 640, 1]>>, index, index, index, index) -> ()
    "scf.yield"() : () -> ()
  }) : (index, index, index) -> ()
  "scf.reduce"() : () -> ()
}) : (index, index, index, index, index, index) -> ()
/tmp/ncnn-compile-274d00/model.capi.mlir:8737:5: error: 'scf.parallel' op remains after parallel lowering; op=scf.parallel
    scf.parallel (%arg3, %arg4) = (%c0, %c0) to (%c40, %c40) step (%c1, %c1) {
    ^
/tmp/ncnn-compile-274d00/model.capi.mlir:8737:5: note: see current operation: 
"scf.parallel"(%1054, %1054, %1020, %1020, %1011, %1011) <{operandSegmentSizes = array<i32: 2, 2, 2, 0>}> ({
^bb0(%arg1804: index, %arg1805: index):
  "scf.for"(%1054, %1018, %1011) ({
  ^bb0(%arg1806: index):
    %5220 = "arith.muli"(%arg1806, %1012) <{overflowFlags = #arith.overflow<none>}> : (index, index) -> index
    %5221 = "vector.transfer_read"(%1482, %1054, %arg1804, %arg1805, %5220, %1014) <{in_bounds = [true], operandSegmentSizes = array<i32: 1, 4, 1, 0>, permutation_map = affine_map<(d0, d1, d2, d3) -> (d3)>}> : (memref<1x40x40x320xf32>, index, index, index, index, f32) -> vector<32xf32>
    "vector.transfer_write"(%5221, %1534, %1054, %arg1804, %arg1805, %5220) <{in_bounds = [true], operandSegmentSizes = array<i32: 1, 1, 4, 0>, permutation_map = affine_map<(d0, d1, d2, d3) -> (d3)>}> : (vector<32xf32>, memref<1x40x40x320xf32, strided<[1024000, 25600, 640, 1], offset: 320>>, index, index, index, index) -> ()
    "scf.yield"() : () -> ()
  }) : (index, index, index) -> ()
  "scf.reduce"() : () -> ()
}) : (index, index, index, index, index, index) -> ()
/tmp/ncnn-compile-274d00/model.capi.mlir:8750:5: error: 'scf.parallel' op remains after parallel lowering; op=scf.parallel
    scf.parallel (%arg3, %arg4) = (%c0, %c0) to (%c40, %c40) step (%c1, %c1) {
    ^
/tmp/ncnn-compile-274d00/model.capi.mlir:8750:5: note: see current operation: 
"scf.parallel"(%1054, %1054, %1020, %1020, %1011, %1011) <{operandSegmentSizes = array<i32: 2, 2, 2, 0>}> ({
^bb0(%arg1801: index, %arg1802: index):
  "scf.for"(%1054, %1019, %1011) ({
  ^bb0(%arg1803: index):
    %5218 = "arith.muli"(%arg1803, %1012) <{overflowFlags = #arith.overflow<none>}> : (index, index) -> index
    %5219 = "vector.transfer_read"(%1305, %5218, %1014) <{in_bounds = [true], operandSegmentSizes = array<i32: 1, 1, 1, 0>, permutation_map = affine_map<(d0) -> (d0)>}> : (memref<640xf32>, index, f32) -> vector<32xf32>
    "vector.transfer_write"(%5219, %1475, %1054, %arg1801, %arg1802, %5218) <{in_bounds = [true], operandSegmentSizes = array<i32: 1, 1, 4, 0>, permutation_map = affine_map<(d0, d1, d2, d3) -> (d3)>}> : (vector<32xf32>, memref<1x40x40x640xf32>, index, index, index, index) -> ()
    "scf.yield"() : () -> ()
  }) : (index, index, index) -> ()
  "scf.reduce"() : () -> ()
}) : (index, index, index, index, index, index) -> ()
/tmp/ncnn-compile-274d00/model.capi.mlir:8877:5: error: 'scf.parallel' op remains after parallel lowering; op=scf.parallel
    scf.parallel (%arg3, %arg4) = (%c0, %c0) to (%c40, %c40) step (%c1, %c1) {
    ^
/tmp/ncnn-compile-274d00/model.capi.mlir:8877:5: note: see current operation: 
"scf.parallel"(%1054, %1054, %1020, %1020, %1011, %1011) <{operandSegmentSizes = array<i32: 2, 2, 2, 0>}> ({
^bb0(%arg1776: index, %arg1777: index):
  "scf.for"(%1054, %1019, %1011) ({
  ^bb0(%arg1778: index):
    %5171 = "arith.muli"(%arg1778, %1012) <{overflowFlags = #arith.overflow<none>}> : (index, index) -> index
    %5172 = "vector.transfer_read"(%1537, %1054, %arg1776, %arg1777, %5171, %1014) <{in_bounds = [true], operandSegmentSizes = array<i32: 1, 4, 1, 0>, permutation_map = affine_map<(d0, d1, d2, d3) -> (d3)>}> : (memref<1x40x40x640xf32>, index, index, index, index, f32) -> vector<32xf32>
    "vector.transfer_write"(%5172, %1539, %1054, %arg1776, %arg1777, %5171) <{in_bounds = [true], operandSegmentSizes = array<i32: 1, 1, 4, 0>, permutation_map = affine_map<(d0, d1, d2, d3) -> (d3)>}> : (vector<32xf32>, memref<1x40x40x640xf32, strided<[1183360, 27520, 640, 1], offset: 28160>>, index, index, index, index) -> ()
    "scf.yield"() : () -> ()
  }) : (index, index, index) -> ()
  "scf.reduce"() : () -> ()
}) : (index, index, index, index, index, index) -> ()
/tmp/ncnn-compile-274d00/model.capi.mlir:8916:5: error: 'scf.parallel' op remains after parallel lowering; op=scf.parallel
    scf.parallel (%arg3, %arg4, %arg5, %arg6) = (%c0, %c0, %c0, %c0) to (%c21, %c21, %c3, %c3) step (%c1, %c1, %c1, %c1) {
    ^
/tmp/ncnn-compile-274d00/model.capi.mlir:8916:5: note: see current operation: 
"scf.parallel"(%1054, %1054, %1054, %1054, %1078, %1078, %1062, %1062, %1011, %1011, %1011, %1011) <{operandSegmentSizes = array<i32: 4, 4, 4, 0>}> ({
^bb0(%arg1767: index, %arg1768: index, %arg1769: index, %arg1770: index):
  "scf.for"(%1054, %1019, %1011) ({
  ^bb0(%arg1771: index):
    %5166 = "arith.muli"(%arg1771, %1012) <{overflowFlags = #arith.overflow<none>}> : (index, index) -> index
    %5167 = "affine.apply"(%arg1767, %arg1769) <{map = affine_map<(d0, d1) -> (d0 * 2 + d1)>}> : (index, index) -> index
    %5168 = "affine.apply"(%arg1768, %arg1770) <{map = affine_map<(d0, d1) -> (d0 * 2 + d1)>}> : (index, index) -> index
    %5169 = "vector.transfer_read"(%1538, %1054, %5167, %5168, %5166, %1014) <{in_bounds = [true], operandSegmentSizes = array<i32: 1, 4, 1, 0>, permutation_map = affine_map<(d0, d1, d2, d3) -> (d3)>}> : (memref<1x43x43x640xf32>, index, index, index, index, f32) -> vector<32xf32>
    "vector.transfer_write"(%5169, %1542, %arg1767, %arg1768, %arg1769, %arg1770, %5166) <{in_bounds = [true], operandSegmentSizes = array<i32: 1, 1, 5, 0>, permutation_map = affine_map<(d0, d1, d2, d3, d4) -> (d4)>}> : (vector<32xf32>, memref<21x21x3x3x640xf32>, index, index, index, index, index) -> ()
    "scf.yield"() : () -> ()
  }) : (index, index, index) -> ()
  "scf.reduce"() : () -> ()
}) : (index, index, index, index, index, index, index, index, index, index, index, index) -> ()
/tmp/ncnn-compile-274d00/model.capi.mlir:9034:5: error: 'scf.parallel' op remains after parallel lowering; op=scf.parallel
    scf.parallel (%arg3, %arg4) = (%c0, %c0) to (%c20, %c20) step (%c1, %c1) {
    ^
/tmp/ncnn-compile-274d00/model.capi.mlir:9034:5: note: see current operation: 
"scf.parallel"(%1054, %1054, %1019, %1019, %1011, %1011) <{operandSegmentSizes = array<i32: 2, 2, 2, 0>}> ({
^bb0(%arg1747: index, %arg1748: index):
  "scf.for"(%1054, %1019, %1011) ({
  ^bb0(%arg1749: index):
    %5123 = "arith.muli"(%arg1749, %1012) <{overflowFlags = #arith.overflow<none>}> : (index, index) -> index
    %5124 = "vector.transfer_read"(%1303, %5123, %1014) <{in_bounds = [true], operandSegmentSizes = array<i32: 1, 1, 1, 0>, permutation_map = affine_map<(d0) -> (d0)>}> : (memref<640xf32>, index, f32) -> vector<32xf32>
    "vector.transfer_write"(%5124, %1546, %1054, %arg1747, %arg1748, %5123) <{in_bounds = [true], operandSegmentSizes = array<i32: 1, 1, 4, 0>, permutation_map = affine_map<(d0, d1, d2, d3) -> (d3)>}> : (vector<32xf32>, memref<1x20x20x640xf32>, index, index, index, index) -> ()
    "scf.yield"() : () -> ()
  }) : (index, index, index) -> ()
  "scf.reduce"() : () -> ()
}) : (index, index, index, index, index, index) -> ()
/tmp/ncnn-compile-274d00/model.capi.mlir:9174:5: error: 'scf.parallel' op remains after parallel lowering; op=scf.parallel
    scf.parallel (%arg3, %arg4) = (%c0, %c0) to (%c20, %c20) step (%c1, %c1) {
    ^
/tmp/ncnn-compile-274d00/model.capi.mlir:9174:5: note: see current operation: 
"scf.parallel"(%1054, %1054, %1019, %1019, %1011, %1011) <{operandSegmentSizes = array<i32: 2, 2, 2, 0>}> ({
^bb0(%arg1721: index, %arg1722: index):
  "scf.for"(%1054, %1019, %1011) ({
  ^bb0(%arg1723: index):
    %5061 = "arith.muli"(%arg1723, %1012) <{overflowFlags = #arith.overflow<none>}> : (index, index) -> index
    %5062 = "vector.transfer_read"(%1302, %5061, %1014) <{in_bounds = [true], operandSegmentSizes = array<i32: 1, 1, 1, 0>, permutation_map = affine_map<(d0) -> (d0)>}> : (memref<640xf32>, index, f32) -> vector<32xf32>
    "vector.transfer_write"(%5062, %1546, %1054, %arg1721, %arg1722, %5061) <{in_bounds = [true], operandSegmentSizes = array<i32: 1, 1, 4, 0>, permutation_map = affine_map<(d0, d1, d2, d3) -> (d3)>}> : (vector<32xf32>, memref<1x20x20x640xf32>, index, index, index, index) -> ()
    "scf.yield"() : () -> ()
  }) : (index, index, index) -> ()
  "scf.reduce"() : () -> ()
}) : (index, index, index, index, index, index) -> ()
/tmp/ncnn-compile-274d00/model.capi.mlir:9314:5: error: 'scf.parallel' op remains after parallel lowering; op=scf.parallel
    scf.parallel (%arg3, %arg4) = (%c0, %c0) to (%c20, %c20) step (%c1, %c1) {
    ^
/tmp/ncnn-compile-274d00/model.capi.mlir:9314:5: note: see current operation: 
"scf.parallel"(%1054, %1054, %1019, %1019, %1011, %1011) <{operandSegmentSizes = array<i32: 2, 2, 2, 0>}> ({
^bb0(%arg1691: index, %arg1692: index):
  "scf.for"(%1054, %1019, %1011) ({
  ^bb0(%arg1693: index):
    %4999 = "arith.muli"(%arg1693, %1012) <{overflowFlags = #arith.overflow<none>}> : (index, index) -> index
    %5000 = "vector.transfer_read"(%1552, %1054, %arg1691, %arg1692, %4999, %1014) <{in_bounds = [true], operandSegmentSizes = array<i32: 1, 4, 1, 0>, permutation_map = affine_map<(d0, d1, d2, d3) -> (d3)>}> : (memref<1x20x20x640xf32>, index, index, index, index, f32) -> vector<32xf32>
    "vector.transfer_write"(%5000, %1554, %1054, %arg1691, %arg1692, %4999) <{in_bounds = [true], operandSegmentSizes = array<i32: 1, 1, 4, 0>, permutation_map = affine_map<(d0, d1, d2, d3) -> (d3)>}> : (vector<32xf32>, memref<1x20x20x640xf32, strided<[309760, 14080, 640, 1], offset: 14720>>, index, index, index, index) -> ()
    "scf.yield"() : () -> ()
  }) : (index, index, index) -> ()
  "scf.reduce"() : () -> ()
}) : (index, index, index, index, index, index) -> ()
/tmp/ncnn-compile-274d00/model.capi.mlir:9327:5: error: 'scf.parallel' op remains after parallel lowering; op=scf.parallel
    scf.parallel (%arg3, %arg4) = (%c0, %c0) to (%c20, %c20) step (%c1, %c1) {
    ^
/tmp/ncnn-compile-274d00/model.capi.mlir:9327:5: note: see current operation: 
"scf.parallel"(%1054, %1054, %1019, %1019, %1011, %1011) <{operandSegmentSizes = array<i32: 2, 2, 2, 0>}> ({
^bb0(%arg1688: index, %arg1689: index):
  "scf.for"(%1054, %1019, %1011) ({
  ^bb0(%arg1690: index):
    %4997 = "arith.muli"(%arg1690, %1012) <{overflowFlags = #arith.overflow<none>}> : (index, index) -> index
    %4998 = "vector.transfer_read"(%1301, %4997, %1014) <{in_bounds = [true], operandSegmentSizes = array<i32: 1, 1, 1, 0>, permutation_map = affine_map<(d0) -> (d0)>}> : (memref<640xf32>, index, f32) -> vector<32xf32>
    "vector.transfer_write"(%4998, %1546, %1054, %arg1688, %arg1689, %4997) <{in_bounds = [true], operandSegmentSizes = array<i32: 1, 1, 4, 0>, permutation_map = affine_map<(d0, d1, d2, d3) -> (d3)>}> : (vector<32xf32>, memref<1x20x20x640xf32>, index, index, index, index) -> ()
    "scf.yield"() : () -> ()
  }) : (index, index, index) -> ()
  "scf.reduce"() : () -> ()
}) : (index, index, index, index, index, index) -> ()
/tmp/ncnn-compile-274d00/model.capi.mlir:9348:5: error: 'scf.parallel' op remains after parallel lowering; op=scf.parallel
    scf.parallel (%arg3, %arg4, %arg5, %arg6) = (%c0, %c0, %c0, %c0) to (%c20, %c20, %c3, %c3) step (%c1, %c1, %c1, %c1) {
    ^
/tmp/ncnn-compile-274d00/model.capi.mlir:9348:5: note: see current operation: 
"scf.parallel"(%1054, %1054, %1054, %1054, %1019, %1019, %1062, %1062, %1011, %1011, %1011, %1011) <{operandSegmentSizes = array<i32: 4, 4, 4, 0>}> ({
^bb0(%arg1683: index, %arg1684: index, %arg1685: index, %arg1686: index):
  "scf.for"(%1054, %1019, %1011) ({
  ^bb0(%arg1687: index):
    %4993 = "arith.muli"(%arg1687, %1012) <{overflowFlags = #arith.overflow<none>}> : (index, index) -> index
    %4994 = "affine.apply"(%arg1683, %arg1685) <{map = affine_map<(d0, d1) -> (d0 + d1)>}> : (index, index) -> index
    %4995 = "affine.apply"(%arg1684, %arg1686) <{map = affine_map<(d0, d1) -> (d0 + d1)>}> : (index, index) -> index
    %4996 = "vector.transfer_read"(%1553, %1054, %4994, %4995, %4993, %1014) <{in_bounds = [true], operandSegmentSizes = array<i32: 1, 4, 1, 0>, permutation_map = affine_map<(d0, d1, d2, d3) -> (d3)>}> : (memref<1x22x22x640xf32>, index, index, index, index, f32) -> vector<32xf32>
    "vector.transfer_write"(%4996, %1555, %arg1683, %arg1684, %arg1685, %arg1686, %4993) <{in_bounds = [true], operandSegmentSizes = array<i32: 1, 1, 5, 0>, permutation_map = affine_map<(d0, d1, d2, d3, d4) -> (d4)>}> : (vector<32xf32>, memref<20x20x3x3x640xf32>, index, index, index, index, index) -> ()
    "scf.yield"() : () -> ()
  }) : (index, index, index) -> ()
  "scf.reduce"() : () -> ()
}) : (index, index, index, index, index, index, index, index, index, index, index, index) -> ()
/tmp/ncnn-compile-274d00/model.capi.mlir:9482:5: error: 'scf.parallel' op remains after parallel lowering; op=scf.parallel
    scf.parallel (%arg3, %arg4) = (%c0, %c0) to (%c20, %c20) step (%c1, %c1) {
    ^
/tmp/ncnn-compile-274d00/model.capi.mlir:9482:5: note: see current operation: 
"scf.parallel"(%1054, %1054, %1019, %1019, %1011, %1011) <{operandSegmentSizes = array<i32: 2, 2, 2, 0>}> ({
^bb0(%arg1656: index, %arg1657: index):
  "scf.for"(%1054, %1019, %1011) ({
  ^bb0(%arg1658: index):
    %4929 = "arith.muli"(%arg1658, %1012) <{overflowFlags = #arith.overflow<none>}> : (index, index) -> index
    %4930 = "vector.transfer_read"(%1300, %4929, %1014) <{in_bounds = [true], operandSegmentSizes = array<i32: 1, 1, 1, 0>, permutation_map = affine_map<(d0) -> (d0)>}> : (memref<640xf32>, index, f32) -> vector<32xf32>
    "vector.transfer_write"(%4930, %1546, %1054, %arg1656, %arg1657, %4929) <{in_bounds = [true], operandSegmentSizes = array<i32: 1, 1, 4, 0>, permutation_map = affine_map<(d0, d1, d2, d3) -> (d3)>}> : (vector<32xf32>, memref<1x20x20x640xf32>, index, index, index, index) -> ()
    "scf.yield"() : () -> ()
  }) : (index, index, index) -> ()
  "scf.reduce"() : () -> ()
}) : (index, index, index, index, index, index) -> ()
/tmp/ncnn-compile-274d00/model.capi.mlir:9622:5: error: 'scf.parallel' op remains after parallel lowering; op=scf.parallel
    scf.parallel (%arg3, %arg4) = (%c0, %c0) to (%c20, %c20) step (%c1, %c1) {
    ^
/tmp/ncnn-compile-274d00/model.capi.mlir:9622:5: note: see current operation: 
"scf.parallel"(%1054, %1054, %1019, %1019, %1011, %1011) <{operandSegmentSizes = array<i32: 2, 2, 2, 0>}> ({
^bb0(%arg1626: index, %arg1627: index):
  "scf.for"(%1054, %1019, %1011) ({
  ^bb0(%arg1628: index):
    %4867 = "arith.muli"(%arg1628, %1012) <{overflowFlags = #arith.overflow<none>}> : (index, index) -> index
    %4868 = "vector.transfer_read"(%1552, %1054, %arg1626, %arg1627, %4867, %1014) <{in_bounds = [true], operandSegmentSizes = array<i32: 1, 4, 1, 0>, permutation_map = affine_map<(d0, d1, d2, d3) -> (d3)>}> : (memref<1x20x20x640xf32>, index, index, index, index, f32) -> vector<32xf32>
    "vector.transfer_write"(%4868, %1560, %1054, %arg1626, %arg1627, %4867) <{in_bounds = [true], operandSegmentSizes = array<i32: 1, 1, 4, 0>, permutation_map = affine_map<(d0, d1, d2, d3) -> (d3)>}> : (vector<32xf32>, memref<1x20x20x640xf32, strided<[309760, 14080, 640, 1], offset: 14720>>, index, index, index, index) -> ()
    "scf.yield"() : () -> ()
  }) : (index, index, index) -> ()
  "scf.reduce"() : () -> ()
}) : (index, index, index, index, index, index) -> ()
/tmp/ncnn-compile-274d00/model.capi.mlir:9635:5: error: 'scf.parallel' op remains after parallel lowering; op=scf.parallel
    scf.parallel (%arg3, %arg4) = (%c0, %c0) to (%c20, %c20) step (%c1, %c1) {
    ^
/tmp/ncnn-compile-274d00/model.capi.mlir:9635:5: note: see current operation: 
"scf.parallel"(%1054, %1054, %1019, %1019, %1011, %1011) <{operandSegmentSizes = array<i32: 2, 2, 2, 0>}> ({
^bb0(%arg1623: index, %arg1624: index):
  "scf.for"(%1054, %1019, %1011) ({
  ^bb0(%arg1625: index):
    %4865 = "arith.muli"(%arg1625, %1012) <{overflowFlags = #arith.overflow<none>}> : (index, index) -> index
    %4866 = "vector.transfer_read"(%1299, %4865, %1014) <{in_bounds = [true], operandSegmentSizes = array<i32: 1, 1, 1, 0>, permutation_map = affine_map<(d0) -> (d0)>}> : (memref<640xf32>, index, f32) -> vector<32xf32>
    "vector.transfer_write"(%4866, %1546, %1054, %arg1623, %arg1624, %4865) <{in_bounds = [true], operandSegmentSizes = array<i32: 1, 1, 4, 0>, permutation_map = affine_map<(d0, d1, d2, d3) -> (d3)>}> : (vector<32xf32>, memref<1x20x20x640xf32>, index, index, index, index) -> ()
    "scf.yield"() : () -> ()
  }) : (index, index, index) -> ()
  "scf.reduce"() : () -> ()
}) : (index, index, index, index, index, index) -> ()
/tmp/ncnn-compile-274d00/model.capi.mlir:9648:5: error: 'scf.parallel' op remains after parallel lowering; op=scf.parallel
    scf.parallel (%arg3, %arg4, %arg5, %arg6) = (%c0, %c0, %c0, %c0) to (%c20, %c20, %c3, %c3) step (%c1, %c1, %c1, %c1) {
    ^
/tmp/ncnn-compile-274d00/model.capi.mlir:9648:5: note: see current operation: 
"scf.parallel"(%1054, %1054, %1054, %1054, %1019, %1019, %1062, %1062, %1011, %1011, %1011, %1011) <{operandSegmentSizes = array<i32: 4, 4, 4, 0>}> ({
^bb0(%arg1618: index, %arg1619: index, %arg1620: index, %arg1621: index):
  "scf.for"(%1054, %1019, %1011) ({
  ^bb0(%arg1622: index):
    %4861 = "arith.muli"(%arg1622, %1012) <{overflowFlags = #arith.overflow<none>}> : (index, index) -> index
    %4862 = "affine.apply"(%arg1618, %arg1620) <{map = affine_map<(d0, d1) -> (d0 + d1)>}> : (index, index) -> index
    %4863 = "affine.apply"(%arg1619, %arg1621) <{map = affine_map<(d0, d1) -> (d0 + d1)>}> : (index, index) -> index
    %4864 = "vector.transfer_read"(%1559, %1054, %4862, %4863, %4861, %1014) <{in_bounds = [true], operandSegmentSizes = array<i32: 1, 4, 1, 0>, permutation_map = affine_map<(d0, d1, d2, d3) -> (d3)>}> : (memref<1x22x22x640xf32>, index, index, index, index, f32) -> vector<32xf32>
    "vector.transfer_write"(%4864, %1555, %arg1618, %arg1619, %arg1620, %arg1621, %4861) <{in_bounds = [true], operandSegmentSizes = array<i32: 1, 1, 5, 0>, permutation_map = affine_map<(d0, d1, d2, d3, d4) -> (d4)>}> : (vector<32xf32>, memref<20x20x3x3x640xf32>, index, index, index, index, index) -> ()
    "scf.yield"() : () -> ()
  }) : (index, index, index) -> ()
  "scf.reduce"() : () -> ()
}) : (index, index, index, index, index, index, index, index, index, index, index, index) -> ()
/tmp/ncnn-compile-274d00/model.capi.mlir:9781:5: error: 'scf.parallel' op remains after parallel lowering; op=scf.parallel
    scf.parallel (%arg3, %arg4) = (%c0, %c0) to (%c20, %c20) step (%c1, %c1) {
    ^
/tmp/ncnn-compile-274d00/model.capi.mlir:9781:5: note: see current operation: 
"scf.parallel"(%1054, %1054, %1019, %1019, %1011, %1011) <{operandSegmentSizes = array<i32: 2, 2, 2, 0>}> ({
^bb0(%arg1591: index, %arg1592: index):
  "scf.for"(%1054, %1019, %1011) ({
  ^bb0(%arg1593: index):
    %4797 = "arith.muli"(%arg1593, %1012) <{overflowFlags = #arith.overflow<none>}> : (index, index) -> index
    %4798 = "vector.transfer_read"(%1298, %4797, %1014) <{in_bounds = [true], operandSegmentSizes = array<i32: 1, 1, 1, 0>, permutation_map = affine_map<(d0) -> (d0)>}> : (memref<640xf32>, index, f32) -> vector<32xf32>
    "vector.transfer_write"(%4798, %1546, %1054, %arg1591, %arg1592, %4797) <{in_bounds = [true], operandSegmentSizes = array<i32: 1, 1, 4, 0>, permutation_map = affine_map<(d0, d1, d2, d3) -> (d3)>}> : (vector<32xf32>, memref<1x20x20x640xf32>, index, index, index, index) -> ()
    "scf.yield"() : () -> ()
  }) : (index, index, index) -> ()
  "scf.reduce"() : () -> ()
}) : (index, index, index, index, index, index) -> ()
/tmp/ncnn-compile-274d00/model.capi.mlir:9921:5: error: 'scf.parallel' op remains after parallel lowering; op=scf.parallel
    scf.parallel (%arg3, %arg4) = (%c0, %c0) to (%c20, %c20) step (%c1, %c1) {
    ^
/tmp/ncnn-compile-274d00/model.capi.mlir:9921:5: note: see current operation: 
"scf.parallel"(%1054, %1054, %1019, %1019, %1011, %1011) <{operandSegmentSizes = array<i32: 2, 2, 2, 0>}> ({
^bb0(%arg1561: index, %arg1562: index):
  "scf.for"(%1054, %1019, %1011) ({
  ^bb0(%arg1563: index):
    %4735 = "arith.muli"(%arg1563, %1012) <{overflowFlags = #arith.overflow<none>}> : (index, index) -> index
    %4736 = "vector.transfer_read"(%1552, %1054, %arg1561, %arg1562, %4735, %1014) <{in_bounds = [true], operandSegmentSizes = array<i32: 1, 4, 1, 0>, permutation_map = affine_map<(d0, d1, d2, d3) -> (d3)>}> : (memref<1x20x20x640xf32>, index, index, index, index, f32) -> vector<32xf32>
    "vector.transfer_write"(%4736, %1564, %1054, %arg1561, %arg1562, %4735) <{in_bounds = [true], operandSegmentSizes = array<i32: 1, 1, 4, 0>, permutation_map = affine_map<(d0, d1, d2, d3) -> (d3)>}> : (vector<32xf32>, memref<1x20x20x640xf32, strided<[309760, 14080, 640, 1], offset: 14720>>, index, index, index, index) -> ()
    "scf.yield"() : () -> ()
  }) : (index, index, index) -> ()
  "scf.reduce"() : () -> ()
}) : (index, index, index, index, index, index) -> ()
/tmp/ncnn-compile-274d00/model.capi.mlir:9934:5: error: 'scf.parallel' op remains after parallel lowering; op=scf.parallel
    scf.parallel (%arg3, %arg4) = (%c0, %c0) to (%c20, %c20) step (%c1, %c1) {
    ^
/tmp/ncnn-compile-274d00/model.capi.mlir:9934:5: note: see current operation: 
"scf.parallel"(%1054, %1054, %1019, %1019, %1011, %1011) <{operandSegmentSizes = array<i32: 2, 2, 2, 0>}> ({
^bb0(%arg1558: index, %arg1559: index):
  "scf.for"(%1054, %1019, %1011) ({
  ^bb0(%arg1560: index):
    %4733 = "arith.muli"(%arg1560, %1012) <{overflowFlags = #arith.overflow<none>}> : (index, index) -> index
    %4734 = "vector.transfer_read"(%1297, %4733, %1014) <{in_bounds = [true], operandSegmentSizes = array<i32: 1, 1, 1, 0>, permutation_map = affine_map<(d0) -> (d0)>}> : (memref<640xf32>, index, f32) -> vector<32xf32>
    "vector.transfer_write"(%4734, %1546, %1054, %arg1558, %arg1559, %4733) <{in_bounds = [true], operandSegmentSizes = array<i32: 1, 1, 4, 0>, permutation_map = affine_map<(d0, d1, d2, d3) -> (d3)>}> : (vector<32xf32>, memref<1x20x20x640xf32>, index, index, index, index) -> ()
    "scf.yield"() : () -> ()
  }) : (index, index, index) -> ()
  "scf.reduce"() : () -> ()
}) : (index, index, index, index, index, index) -> ()
/tmp/ncnn-compile-274d00/model.capi.mlir:9947:5: error: 'scf.parallel' op remains after parallel lowering; op=scf.parallel
    scf.parallel (%arg3, %arg4, %arg5, %arg6) = (%c0, %c0, %c0, %c0) to (%c20, %c20, %c3, %c3) step (%c1, %c1, %c1, %c1) {
    ^
/tmp/ncnn-compile-274d00/model.capi.mlir:9947:5: note: see current operation: 
"scf.parallel"(%1054, %1054, %1054, %1054, %1019, %1019, %1062, %1062, %1011, %1011, %1011, %1011) <{operandSegmentSizes = array<i32: 4, 4, 4, 0>}> ({
^bb0(%arg1553: index, %arg1554: index, %arg1555: index, %arg1556: index):
  "scf.for"(%1054, %1019, %1011) ({
  ^bb0(%arg1557: index):
    %4729 = "arith.muli"(%arg1557, %1012) <{overflowFlags = #arith.overflow<none>}> : (index, index) -> index
    %4730 = "affine.apply"(%arg1553, %arg1555) <{map = affine_map<(d0, d1) -> (d0 + d1)>}> : (index, index) -> index
    %4731 = "affine.apply"(%arg1554, %arg1556) <{map = affine_map<(d0, d1) -> (d0 + d1)>}> : (index, index) -> index
    %4732 = "vector.transfer_read"(%1563, %1054, %4730, %4731, %4729, %1014) <{in_bounds = [true], operandSegmentSizes = array<i32: 1, 4, 1, 0>, permutation_map = affine_map<(d0, d1, d2, d3) -> (d3)>}> : (memref<1x22x22x640xf32>, index, index, index, index, f32) -> vector<32xf32>
    "vector.transfer_write"(%4732, %1555, %arg1553, %arg1554, %arg1555, %arg1556, %4729) <{in_bounds = [true], operandSegmentSizes = array<i32: 1, 1, 5, 0>, permutation_map = affine_map<(d0, d1, d2, d3, d4) -> (d4)>}> : (vector<32xf32>, memref<20x20x3x3x640xf32>, index, index, index, index, index) -> ()
    "scf.yield"() : () -> ()
  }) : (index, index, index) -> ()
  "scf.reduce"() : () -> ()
}) : (index, index, index, index, index, index, index, index, index, index, index, index) -> ()
/tmp/ncnn-compile-274d00/model.capi.mlir:10058:5: error: 'scf.parallel' op remains after parallel lowering; op=scf.parallel
    scf.parallel (%arg3, %arg4) = (%c0, %c0) to (%c20, %c20) step (%c1, %c1) {
    ^
/tmp/ncnn-compile-274d00/model.capi.mlir:10058:5: note: see current operation: 
"scf.parallel"(%1054, %1054, %1019, %1019, %1011, %1011) <{operandSegmentSizes = array<i32: 2, 2, 2, 0>}> ({
^bb0(%arg1533: index, %arg1534: index):
  "scf.for"(%1054, %1019, %1011) ({
  ^bb0(%arg1535: index):
    %4683 = "arith.muli"(%arg1535, %1012) <{overflowFlags = #arith.overflow<none>}> : (index, index) -> index
    %4684 = "vector.transfer_read"(%1296, %4683, %1014) <{in_bounds = [true], operandSegmentSizes = array<i32: 1, 1, 1, 0>, permutation_map = affine_map<(d0) -> (d0)>}> : (memref<640xf32>, index, f32) -> vector<32xf32>
    "vector.transfer_write"(%4684, %1546, %1054, %arg1533, %arg1534, %4683) <{in_bounds = [true], operandSegmentSizes = array<i32: 1, 1, 4, 0>, permutation_map = affine_map<(d0, d1, d2, d3) -> (d3)>}> : (vector<32xf32>, memref<1x20x20x640xf32>, index, index, index, index) -> ()
    "scf.yield"() : () -> ()
  }) : (index, index, index) -> ()
  "scf.reduce"() : () -> ()
}) : (index, index, index, index, index, index) -> ()
/tmp/ncnn-compile-274d00/model.capi.mlir:10176:5: error: 'scf.parallel' op remains after parallel lowering; op=scf.parallel
    scf.parallel (%arg3, %arg4) = (%c0, %c0) to (%c20, %c20) step (%c1, %c1) {
    ^
/tmp/ncnn-compile-274d00/model.capi.mlir:10176:5: note: see current operation: 
"scf.parallel"(%1054, %1054, %1019, %1019, %1011, %1011) <{operandSegmentSizes = array<i32: 2, 2, 2, 0>}> ({
^bb0(%arg1510: index, %arg1511: index):
  "scf.for"(%1054, %1019, %1011) ({
  ^bb0(%arg1512: index):
    %4639 = "arith.muli"(%arg1512, %1012) <{overflowFlags = #arith.overflow<none>}> : (index, index) -> index
    %4640 = "vector.transfer_read"(%1552, %1054, %arg1510, %arg1511, %4639, %1014) <{in_bounds = [true], operandSegmentSizes = array<i32: 1, 4, 1, 0>, permutation_map = affine_map<(d0, d1, d2, d3) -> (d3)>}> : (memref<1x20x20x640xf32>, index, index, index, index, f32) -> vector<32xf32>
    "vector.transfer_write"(%4640, %1568, %1054, %arg1510, %arg1511, %4639) <{in_bounds = [true], operandSegmentSizes = array<i32: 1, 1, 4, 0>, permutation_map = affine_map<(d0, d1, d2, d3) -> (d3)>}> : (vector<32xf32>, memref<1x20x20x640xf32, strided<[309760, 14080, 640, 1], offset: 14720>>, index, index, index, index) -> ()
    "scf.yield"() : () -> ()
  }) : (index, index, index) -> ()
  "scf.reduce"() : () -> ()
}) : (index, index, index, index, index, index) -> ()
/tmp/ncnn-compile-274d00/model.capi.mlir:10189:5: error: 'scf.parallel' op remains after parallel lowering; op=scf.parallel
    scf.parallel (%arg3, %arg4) = (%c0, %c0) to (%c20, %c20) step (%c1, %c1) {
    ^
/tmp/ncnn-compile-274d00/model.capi.mlir:10189:5: note: see current operation: 
"scf.parallel"(%1054, %1054, %1019, %1019, %1011, %1011) <{operandSegmentSizes = array<i32: 2, 2, 2, 0>}> ({
^bb0(%arg1507: index, %arg1508: index):
  "scf.for"(%1054, %1019, %1011) ({
  ^bb0(%arg1509: index):
    %4637 = "arith.muli"(%arg1509, %1012) <{overflowFlags = #arith.overflow<none>}> : (index, index) -> index
    %4638 = "vector.transfer_read"(%1295, %4637, %1014) <{in_bounds = [true], operandSegmentSizes = array<i32: 1, 1, 1, 0>, permutation_map = affine_map<(d0) -> (d0)>}> : (memref<640xf32>, index, f32) -> vector<32xf32>
    "vector.transfer_write"(%4638, %1546, %1054, %arg1507, %arg1508, %4637) <{in_bounds = [true], operandSegmentSizes = array<i32: 1, 1, 4, 0>, permutation_map = affine_map<(d0, d1, d2, d3) -> (d3)>}> : (vector<32xf32>, memref<1x20x20x640xf32>, index, index, index, index) -> ()
    "scf.yield"() : () -> ()
  }) : (index, index, index) -> ()
  "scf.reduce"() : () -> ()
}) : (index, index, index, index, index, index) -> ()
/tmp/ncnn-compile-274d00/model.capi.mlir:10202:5: error: 'scf.parallel' op remains after parallel lowering; op=scf.parallel
    scf.parallel (%arg3, %arg4, %arg5, %arg6) = (%c0, %c0, %c0, %c0) to (%c20, %c20, %c3, %c3) step (%c1, %c1, %c1, %c1) {
    ^
/tmp/ncnn-compile-274d00/model.capi.mlir:10202:5: note: see current operation: 
"scf.parallel"(%1054, %1054, %1054, %1054, %1019, %1019, %1062, %1062, %1011, %1011, %1011, %1011) <{operandSegmentSizes = array<i32: 4, 4, 4, 0>}> ({
^bb0(%arg1502: index, %arg1503: index, %arg1504: index, %arg1505: index):
  "scf.for"(%1054, %1019, %1011) ({
  ^bb0(%arg1506: index):
    %4633 = "arith.muli"(%arg1506, %1012) <{overflowFlags = #arith.overflow<none>}> : (index, index) -> index
    %4634 = "affine.apply"(%arg1502, %arg1504) <{map = affine_map<(d0, d1) -> (d0 + d1)>}> : (index, index) -> index
    %4635 = "affine.apply"(%arg1503, %arg1505) <{map = affine_map<(d0, d1) -> (d0 + d1)>}> : (index, index) -> index
    %4636 = "vector.transfer_read"(%1567, %1054, %4634, %4635, %4633, %1014) <{in_bounds = [true], operandSegmentSizes = array<i32: 1, 4, 1, 0>, permutation_map = affine_map<(d0, d1, d2, d3) -> (d3)>}> : (memref<1x22x22x640xf32>, index, index, index, index, f32) -> vector<32xf32>
    "vector.transfer_write"(%4636, %1555, %arg1502, %arg1503, %arg1504, %arg1505, %4633) <{in_bounds = [true], operandSegmentSizes = array<i32: 1, 1, 5, 0>, permutation_map = affine_map<(d0, d1, d2, d3, d4) -> (d4)>}> : (vector<32xf32>, memref<20x20x3x3x640xf32>, index, index, index, index, index) -> ()
    "scf.yield"() : () -> ()
  }) : (index, index, index) -> ()
  "scf.reduce"() : () -> ()
}) : (index, index, index, index, index, index, index, index, index, index, index, index) -> ()
/tmp/ncnn-compile-274d00/model.capi.mlir:10313:5: error: 'scf.parallel' op remains after parallel lowering; op=scf.parallel
    scf.parallel (%arg3, %arg4) = (%c0, %c0) to (%c20, %c20) step (%c1, %c1) {
    ^
/tmp/ncnn-compile-274d00/model.capi.mlir:10313:5: note: see current operation: 
"scf.parallel"(%1054, %1054, %1019, %1019, %1011, %1011) <{operandSegmentSizes = array<i32: 2, 2, 2, 0>}> ({
^bb0(%arg1482: index, %arg1483: index):
  "scf.for"(%1054, %1019, %1011) ({
  ^bb0(%arg1484: index):
    %4587 = "arith.muli"(%arg1484, %1012) <{overflowFlags = #arith.overflow<none>}> : (index, index) -> index
    %4588 = "vector.transfer_read"(%1294, %4587, %1014) <{in_bounds = [true], operandSegmentSizes = array<i32: 1, 1, 1, 0>, permutation_map = affine_map<(d0) -> (d0)>}> : (memref<640xf32>, index, f32) -> vector<32xf32>
    "vector.transfer_write"(%4588, %1546, %1054, %arg1482, %arg1483, %4587) <{in_bounds = [true], operandSegmentSizes = array<i32: 1, 1, 4, 0>, permutation_map = affine_map<(d0, d1, d2, d3) -> (d3)>}> : (vector<32xf32>, memref<1x20x20x640xf32>, index, index, index, index) -> ()
    "scf.yield"() : () -> ()
  }) : (index, index, index) -> ()
  "scf.reduce"() : () -> ()
}) : (index, index, index, index, index, index) -> ()
/tmp/ncnn-compile-274d00/model.capi.mlir:10421:5: error: 'scf.parallel' op remains after parallel lowering; op=scf.parallel
    scf.parallel (%arg3, %arg4) = (%c0, %c0) to (%c20, %c20) step (%c1, %c1) {
    ^
/tmp/ncnn-compile-274d00/model.capi.mlir:10421:5: note: see current operation: 
"scf.parallel"(%1054, %1054, %1019, %1019, %1011, %1011) <{operandSegmentSizes = array<i32: 2, 2, 2, 0>}> ({
^bb0(%arg1463: index, %arg1464: index):
  "scf.for"(%1054, %1019, %1011) ({
  ^bb0(%arg1465: index):
    %4543 = "arith.muli"(%arg1465, %1012) <{overflowFlags = #arith.overflow<none>}> : (index, index) -> index
    %4544 = "vector.transfer_read"(%1569, %1054, %arg1463, %arg1464, %4543, %1014) <{in_bounds = [true], operandSegmentSizes = array<i32: 1, 4, 1, 0>, permutation_map = affine_map<(d0, d1, d2, d3) -> (d3)>}> : (memref<1x20x20x640xf32>, index, index, index, index, f32) -> vector<32xf32>
    "vector.transfer_write"(%4544, %1571, %1054, %arg1463, %arg1464, %4543) <{in_bounds = [true], operandSegmentSizes = array<i32: 1, 1, 4, 0>, permutation_map = affine_map<(d0, d1, d2, d3) -> (d3)>}> : (vector<32xf32>, memref<1x20x20x640xf32, strided<[512000, 25600, 1280, 1]>>, index, index, index, index) -> ()
    "scf.yield"() : () -> ()
  }) : (index, index, index) -> ()
  "scf.reduce"() : () -> ()
}) : (index, index, index, index, index, index) -> ()
/tmp/ncnn-compile-274d00/model.capi.mlir:10435:5: error: 'scf.parallel' op remains after parallel lowering; op=scf.parallel
    scf.parallel (%arg3, %arg4) = (%c0, %c0) to (%c20, %c20) step (%c1, %c1) {
    ^
/tmp/ncnn-compile-274d00/model.capi.mlir:10435:5: note: see current operation: 
"scf.parallel"(%1054, %1054, %1019, %1019, %1011, %1011) <{operandSegmentSizes = array<i32: 2, 2, 2, 0>}> ({
^bb0(%arg1460: index, %arg1461: index):
  "scf.for"(%1054, %1019, %1011) ({
  ^bb0(%arg1462: index):
    %4541 = "arith.muli"(%arg1462, %1012) <{overflowFlags = #arith.overflow<none>}> : (index, index) -> index
    %4542 = "vector.transfer_read"(%1552, %1054, %arg1460, %arg1461, %4541, %1014) <{in_bounds = [true], operandSegmentSizes = array<i32: 1, 4, 1, 0>, permutation_map = affine_map<(d0, d1, d2, d3) -> (d3)>}> : (memref<1x20x20x640xf32>, index, index, index, index, f32) -> vector<32xf32>
    "vector.transfer_write"(%4542, %1572, %1054, %arg1460, %arg1461, %4541) <{in_bounds = [true], operandSegmentSizes = array<i32: 1, 1, 4, 0>, permutation_map = affine_map<(d0, d1, d2, d3) -> (d3)>}> : (vector<32xf32>, memref<1x20x20x640xf32, strided<[512000, 25600, 1280, 1], offset: 640>>, index, index, index, index) -> ()
    "scf.yield"() : () -> ()
  }) : (index, index, index) -> ()
  "scf.reduce"() : () -> ()
}) : (index, index, index, index, index, index) -> ()
/tmp/ncnn-compile-274d00/model.capi.mlir:10552:5: error: 'scf.parallel' op remains after parallel lowering; op=scf.parallel
    scf.parallel (%arg3, %arg4) = (%c0, %c0) to (%c20, %c20) step (%c1, %c1) {
    ^
/tmp/ncnn-compile-274d00/model.capi.mlir:10552:5: note: see current operation: 
"scf.parallel"(%1054, %1054, %1019, %1019, %1011, %1011) <{operandSegmentSizes = array<i32: 2, 2, 2, 0>}> ({
^bb0(%arg1437: index, %arg1438: index):
  "scf.for"(%1054, %1019, %1011) ({
  ^bb0(%arg1439: index):
    %4497 = "arith.muli"(%arg1439, %1012) <{overflowFlags = #arith.overflow<none>}> : (index, index) -> index
    %4498 = "vector.transfer_read"(%1292, %4497, %1014) <{in_bounds = [true], operandSegmentSizes = array<i32: 1, 1, 1, 0>, permutation_map = affine_map<(d0) -> (d0)>}> : (memref<640xf32>, index, f32) -> vector<32xf32>
    "vector.transfer_write"(%4498, %1546, %1054, %arg1437, %arg1438, %4497) <{in_bounds = [true], operandSegmentSizes = array<i32: 1, 1, 4, 0>, permutation_map = affine_map<(d0, d1, d2, d3) -> (d3)>}> : (vector<32xf32>, memref<1x20x20x640xf32>, index, index, index, index) -> ()
    "scf.yield"() : () -> ()
  }) : (index, index, index) -> ()
  "scf.reduce"() : () -> ()
}) : (index, index, index, index, index, index) -> ()
/tmp/ncnn-compile-274d00/model.capi.mlir:10670:5: error: 'scf.parallel' op remains after parallel lowering; op=scf.parallel
    scf.parallel (%arg3, %arg4) = (%c0, %c0) to (%c20, %c20) step (%c1, %c1) {
    ^
/tmp/ncnn-compile-274d00/model.capi.mlir:10670:5: note: see current operation: 
"scf.parallel"(%1054, %1054, %1019, %1019, %1011, %1011) <{operandSegmentSizes = array<i32: 2, 2, 2, 0>}> ({
^bb0(%arg1414: index, %arg1415: index):
  "scf.for"(%1054, %1019, %1011) ({
  ^bb0(%arg1416: index):
    %4453 = "arith.muli"(%arg1416, %1012) <{overflowFlags = #arith.overflow<none>}> : (index, index) -> index
    %4454 = "vector.transfer_read"(%1552, %1054, %arg1414, %arg1415, %4453, %1014) <{in_bounds = [true], operandSegmentSizes = array<i32: 1, 4, 1, 0>, permutation_map = affine_map<(d0, d1, d2, d3) -> (d3)>}> : (memref<1x20x20x640xf32>, index, index, index, index, f32) -> vector<32xf32>
    "vector.transfer_write"(%4454, %1576, %1054, %arg1414, %arg1415, %4453) <{in_bounds = [true], operandSegmentSizes = array<i32: 1, 1, 4, 0>, permutation_map = affine_map<(d0, d1, d2, d3) -> (d3)>}> : (vector<32xf32>, memref<1x20x20x640xf32, strided<[368640, 15360, 640, 1], offset: 32000>>, index, index, index, index) -> ()
    "scf.yield"() : () -> ()
  }) : (index, index, index) -> ()
  "scf.reduce"() : () -> ()
}) : (index, index, index, index, index, index) -> ()
/tmp/ncnn-compile-274d00/model.capi.mlir:10705:5: error: 'scf.parallel' op remains after parallel lowering; op=scf.parallel
    scf.parallel (%arg3, %arg4) = (%c0, %c0) to (%c20, %c20) step (%c1, %c1) {
    ^
/tmp/ncnn-compile-274d00/model.capi.mlir:10705:5: note: see current operation: 
"scf.parallel"(%1054, %1054, %1019, %1019, %1011, %1011) <{operandSegmentSizes = array<i32: 2, 2, 2, 0>}> ({
^bb0(%arg1407: index, %arg1408: index):
  "scf.for"(%1054, %1019, %1011) ({
  ^bb0(%arg1409: index):
    %4451 = "arith.muli"(%arg1409, %1012) <{overflowFlags = #arith.overflow<none>}> : (index, index) -> index
    %4452 = "vector.transfer_read"(%1546, %1054, %arg1407, %arg1408, %4451, %1014) <{in_bounds = [true], operandSegmentSizes = array<i32: 1, 4, 1, 0>, permutation_map = affine_map<(d0, d1, d2, d3) -> (d3)>}> : (memref<1x20x20x640xf32>, index, index, index, index, f32) -> vector<32xf32>
    "vector.transfer_write"(%4452, %1578, %1054, %arg1407, %arg1408, %4451) <{in_bounds = [true], operandSegmentSizes = array<i32: 1, 1, 4, 0>, permutation_map = affine_map<(d0, d1, d2, d3) -> (d3)>}> : (vector<32xf32>, memref<1x20x20x640xf32>, index, index, index, index) -> ()
    "scf.yield"() : () -> ()
  }) : (index, index, index) -> ()
  "scf.reduce"() : () -> ()
}) : (index, index, index, index, index, index) -> ()
/tmp/ncnn-compile-274d00/model.capi.mlir:10742:5: error: 'scf.parallel' op remains after parallel lowering; op=scf.parallel
    scf.parallel (%arg3, %arg4) = (%c0, %c0) to (%c20, %c20) step (%c1, %c1) {
    ^
/tmp/ncnn-compile-274d00/model.capi.mlir:10742:5: note: see current operation: 
"scf.parallel"(%1054, %1054, %1019, %1019, %1011, %1011) <{operandSegmentSizes = array<i32: 2, 2, 2, 0>}> ({
^bb0(%arg1394: index, %arg1395: index):
  "scf.for"(%1054, %1019, %1011) ({
  ^bb0(%arg1396: index):
    %4444 = "arith.muli"(%arg1396, %1012) <{overflowFlags = #arith.overflow<none>}> : (index, index) -> index
    %4445 = "vector.transfer_read"(%1578, %1054, %arg1394, %arg1395, %4444, %1014) <{in_bounds = [true], operandSegmentSizes = array<i32: 1, 4, 1, 0>, permutation_map = affine_map<(d0, d1, d2, d3) -> (d3)>}> : (memref<1x20x20x640xf32>, index, index, index, index, f32) -> vector<32xf32>
    "vector.transfer_write"(%4445, %1580, %1054, %arg1394, %arg1395, %4444) <{in_bounds = [true], operandSegmentSizes = array<i32: 1, 1, 4, 0>, permutation_map = affine_map<(d0, d1, d2, d3) -> (d3)>}> : (vector<32xf32>, memref<1x20x20x640xf32, strided<[368640, 15360, 640, 1], offset: 32000>>, index, index, index, index) -> ()
    "scf.yield"() : () -> ()
  }) : (index, index, index) -> ()
  "scf.reduce"() : () -> ()
}) : (index, index, index, index, index, index) -> ()
/tmp/ncnn-compile-274d00/model.capi.mlir:10763:5: error: 'scf.parallel' op remains after parallel lowering; op=scf.parallel
    scf.parallel (%arg3, %arg4) = (%c0, %c0) to (%c20, %c20) step (%c1, %c1) {
    ^
/tmp/ncnn-compile-274d00/model.capi.mlir:10763:5: note: see current operation: 
"scf.parallel"(%1054, %1054, %1019, %1019, %1011, %1011) <{operandSegmentSizes = array<i32: 2, 2, 2, 0>}> ({
^bb0(%arg1391: index, %arg1392: index):
  "scf.for"(%1054, %1019, %1011) ({
  ^bb0(%arg1393: index):
    %4442 = "arith.muli"(%arg1393, %1012) <{overflowFlags = #arith.overflow<none>}> : (index, index) -> index
    %4443 = "vector.transfer_read"(%1546, %1054, %arg1391, %arg1392, %4442, %1014) <{in_bounds = [true], operandSegmentSizes = array<i32: 1, 4, 1, 0>, permutation_map = affine_map<(d0, d1, d2, d3) -> (d3)>}> : (memref<1x20x20x640xf32>, index, index, index, index, f32) -> vector<32xf32>
    "vector.transfer_write"(%4443, %1581, %1054, %arg1391, %arg1392, %4442) <{in_bounds = [true], operandSegmentSizes = array<i32: 1, 1, 4, 0>, permutation_map = affine_map<(d0, d1, d2, d3) -> (d3)>}> : (vector<32xf32>, memref<1x20x20x640xf32>, index, index, index, index) -> ()
    "scf.yield"() : () -> ()
  }) : (index, index, index) -> ()
  "scf.reduce"() : () -> ()
}) : (index, index, index, index, index, index) -> ()
/tmp/ncnn-compile-274d00/model.capi.mlir:10800:5: error: 'scf.parallel' op remains after parallel lowering; op=scf.parallel
    scf.parallel (%arg3, %arg4) = (%c0, %c0) to (%c20, %c20) step (%c1, %c1) {
    ^
/tmp/ncnn-compile-274d00/model.capi.mlir:10800:5: note: see current operation: 
"scf.parallel"(%1054, %1054, %1019, %1019, %1011, %1011) <{operandSegmentSizes = array<i32: 2, 2, 2, 0>}> ({
^bb0(%arg1378: index, %arg1379: index):
  "scf.for"(%1054, %1019, %1011) ({
  ^bb0(%arg1380: index):
    %4435 = "arith.muli"(%arg1380, %1012) <{overflowFlags = #arith.overflow<none>}> : (index, index) -> index
    %4436 = "vector.transfer_read"(%1581, %1054, %arg1378, %arg1379, %4435, %1014) <{in_bounds = [true], operandSegmentSizes = array<i32: 1, 4, 1, 0>, permutation_map = affine_map<(d0, d1, d2, d3) -> (d3)>}> : (memref<1x20x20x640xf32>, index, index, index, index, f32) -> vector<32xf32>
    "vector.transfer_write"(%4436, %1583, %1054, %arg1378, %arg1379, %4435) <{in_bounds = [true], operandSegmentSizes = array<i32: 1, 1, 4, 0>, permutation_map = affine_map<(d0, d1, d2, d3) -> (d3)>}> : (vector<32xf32>, memref<1x20x20x640xf32, strided<[368640, 15360, 640, 1], offset: 32000>>, index, index, index, index) -> ()
    "scf.yield"() : () -> ()
  }) : (index, index, index) -> ()
  "scf.reduce"() : () -> ()
}) : (index, index, index, index, index, index) -> ()
/tmp/ncnn-compile-274d00/model.capi.mlir:10828:5: error: 'scf.parallel' op remains after parallel lowering; op=scf.parallel
    scf.parallel (%arg3, %arg4) = (%c0, %c0) to (%c20, %c20) step (%c1, %c1) {
    ^
/tmp/ncnn-compile-274d00/model.capi.mlir:10828:5: note: see current operation: 
"scf.parallel"(%1054, %1054, %1019, %1019, %1011, %1011) <{operandSegmentSizes = array<i32: 2, 2, 2, 0>}> ({
^bb0(%arg1369: index, %arg1370: index):
  "scf.for"(%1054, %1019, %1011) ({
  ^bb0(%arg1371: index):
    %4428 = "arith.muli"(%arg1371, %1012) <{overflowFlags = #arith.overflow<none>}> : (index, index) -> index
    %4429 = "vector.transfer_read"(%1552, %1054, %arg1369, %arg1370, %4428, %1014) <{in_bounds = [true], operandSegmentSizes = array<i32: 1, 4, 1, 0>, permutation_map = affine_map<(d0, d1, d2, d3) -> (d3)>}> : (memref<1x20x20x640xf32>, index, index, index, index, f32) -> vector<32xf32>
    "vector.transfer_write"(%4429, %1585, %1054, %arg1369, %arg1370, %4428) <{in_bounds = [true], operandSegmentSizes = array<i32: 1, 1, 4, 0>, permutation_map = affine_map<(d0, d1, d2, d3) -> (d3)>}> : (vector<32xf32>, memref<1x20x20x640xf32, strided<[1024000, 51200, 2560, 1]>>, index, index, index, index) -> ()
    "scf.yield"() : () -> ()
  }) : (index, index, index) -> ()
  "scf.reduce"() : () -> ()
}) : (index, index, index, index, index, index) -> ()
/tmp/ncnn-compile-274d00/model.capi.mlir:10842:5: error: 'scf.parallel' op remains after parallel lowering; op=scf.parallel
    scf.parallel (%arg3, %arg4) = (%c0, %c0) to (%c20, %c20) step (%c1, %c1) {
    ^
/tmp/ncnn-compile-274d00/model.capi.mlir:10842:5: note: see current operation: 
"scf.parallel"(%1054, %1054, %1019, %1019, %1011, %1011) <{operandSegmentSizes = array<i32: 2, 2, 2, 0>}> ({
^bb0(%arg1366: index, %arg1367: index):
  "scf.for"(%1054, %1019, %1011) ({
  ^bb0(%arg1368: index):
    %4426 = "arith.muli"(%arg1368, %1012) <{overflowFlags = #arith.overflow<none>}> : (index, index) -> index
    %4427 = "vector.transfer_read"(%1578, %1054, %arg1366, %arg1367, %4426, %1014) <{in_bounds = [true], operandSegmentSizes = array<i32: 1, 4, 1, 0>, permutation_map = affine_map<(d0, d1, d2, d3) -> (d3)>}> : (memref<1x20x20x640xf32>, index, index, index, index, f32) -> vector<32xf32>
    "vector.transfer_write"(%4427, %1586, %1054, %arg1366, %arg1367, %4426) <{in_bounds = [true], operandSegmentSizes = array<i32: 1, 1, 4, 0>, permutation_map = affine_map<(d0, d1, d2, d3) -> (d3)>}> : (vector<32xf32>, memref<1x20x20x640xf32, strided<[1024000, 51200, 2560, 1], offset: 640>>, index, index, index, index) -> ()
    "scf.yield"() : () -> ()
  }) : (index, index, index) -> ()
  "scf.reduce"() : () -> ()
}) : (index, index, index, index, index, index) -> ()
/tmp/ncnn-compile-274d00/model.capi.mlir:10856:5: error: 'scf.parallel' op remains after parallel lowering; op=scf.parallel
    scf.parallel (%arg3, %arg4) = (%c0, %c0) to (%c20, %c20) step (%c1, %c1) {
    ^
/tmp/ncnn-compile-274d00/model.capi.mlir:10856:5: note: see current operation: 
"scf.parallel"(%1054, %1054, %1019, %1019, %1011, %1011) <{operandSegmentSizes = array<i32: 2, 2, 2, 0>}> ({
^bb0(%arg1363: index, %arg1364: index):
  "scf.for"(%1054, %1019, %1011) ({
  ^bb0(%arg1365: index):
    %4424 = "arith.muli"(%arg1365, %1012) <{overflowFlags = #arith.overflow<none>}> : (index, index) -> index
    %4425 = "vector.transfer_read"(%1581, %1054, %arg1363, %arg1364, %4424, %1014) <{in_bounds = [true], operandSegmentSizes = array<i32: 1, 4, 1, 0>, permutation_map = affine_map<(d0, d1, d2, d3) -> (d3)>}> : (memref<1x20x20x640xf32>, index, index, index, index, f32) -> vector<32xf32>
    "vector.transfer_write"(%4425, %1587, %1054, %arg1363, %arg1364, %4424) <{in_bounds = [true], operandSegmentSizes = array<i32: 1, 1, 4, 0>, permutation_map = affine_map<(d0, d1, d2, d3) -> (d3)>}> : (vector<32xf32>, memref<1x20x20x640xf32, strided<[1024000, 51200, 2560, 1], offset: 1280>>, index, index, index, index) -> ()
    "scf.yield"() : () -> ()
  }) : (index, index, index) -> ()
  "scf.reduce"() : () -> ()
}) : (index, index, index, index, index, index) -> ()
/tmp/ncnn-compile-274d00/model.capi.mlir:10870:5: error: 'scf.parallel' op remains after parallel lowering; op=scf.parallel
    scf.parallel (%arg3, %arg4) = (%c0, %c0) to (%c20, %c20) step (%c1, %c1) {
    ^
/tmp/ncnn-compile-274d00/model.capi.mlir:10870:5: note: see current operation: 
"scf.parallel"(%1054, %1054, %1019, %1019, %1011, %1011) <{operandSegmentSizes = array<i32: 2, 2, 2, 0>}> ({
^bb0(%arg1360: index, %arg1361: index):
  "scf.for"(%1054, %1019, %1011) ({
  ^bb0(%arg1362: index):
    %4422 = "arith.muli"(%arg1362, %1012) <{overflowFlags = #arith.overflow<none>}> : (index, index) -> index
    %4423 = "vector.transfer_read"(%1546, %1054, %arg1360, %arg1361, %4422, %1014) <{in_bounds = [true], operandSegmentSizes = array<i32: 1, 4, 1, 0>, permutation_map = affine_map<(d0, d1, d2, d3) -> (d3)>}> : (memref<1x20x20x640xf32>, index, index, index, index, f32) -> vector<32xf32>
    "vector.transfer_write"(%4423, %1588, %1054, %arg1360, %arg1361, %4422) <{in_bounds = [true], operandSegmentSizes = array<i32: 1, 1, 4, 0>, permutation_map = affine_map<(d0, d1, d2, d3) -> (d3)>}> : (vector<32xf32>, memref<1x20x20x640xf32, strided<[1024000, 51200, 2560, 1], offset: 1920>>, index, index, index, index) -> ()
    "scf.yield"() : () -> ()
  }) : (index, index, index) -> ()
  "scf.reduce"() : () -> ()
}) : (index, index, index, index, index, index) -> ()
/tmp/ncnn-compile-274d00/model.capi.mlir:10979:5: error: 'scf.parallel' op remains after parallel lowering; op=scf.parallel
    scf.parallel (%arg3, %arg4) = (%c0, %c0) to (%c20, %c20) step (%c1, %c1) {
    ^
/tmp/ncnn-compile-274d00/model.capi.mlir:10979:5: note: see current operation: 
"scf.parallel"(%1054, %1054, %1019, %1019, %1011, %1011) <{operandSegmentSizes = array<i32: 2, 2, 2, 0>}> ({
^bb0(%arg1337: index, %arg1338: index):
  "scf.for"(%1054, %1019, %1011) ({
  ^bb0(%arg1339: index):
    %4378 = "arith.muli"(%arg1339, %1012) <{overflowFlags = #arith.overflow<none>}> : (index, index) -> index
    %4379 = "vector.transfer_read"(%1290, %4378, %1014) <{in_bounds = [true], operandSegmentSizes = array<i32: 1, 1, 1, 0>, permutation_map = affine_map<(d0) -> (d0)>}> : (memref<640xf32>, index, f32) -> vector<32xf32>
    "vector.transfer_write"(%4379, %1546, %1054, %arg1337, %arg1338, %4378) <{in_bounds = [true], operandSegmentSizes = array<i32: 1, 1, 4, 0>, permutation_map = affine_map<(d0, d1, d2, d3) -> (d3)>}> : (vector<32xf32>, memref<1x20x20x640xf32>, index, index, index, index) -> ()
    "scf.yield"() : () -> ()
  }) : (index, index, index) -> ()
  "scf.reduce"() : () -> ()
}) : (index, index, index, index, index, index) -> ()
/tmp/ncnn-compile-274d00/model.capi.mlir:11125:5: error: 'scf.parallel' op remains after parallel lowering; op=scf.parallel
    scf.parallel (%arg3, %arg4) = (%c0, %c0) to (%c40, %c40) step (%c1, %c1) {
    ^
/tmp/ncnn-compile-274d00/model.capi.mlir:11125:5: note: see current operation: 
"scf.parallel"(%1054, %1054, %1020, %1020, %1011, %1011) <{operandSegmentSizes = array<i32: 2, 2, 2, 0>}> ({
^bb0(%arg1314: index, %arg1315: index):
  "scf.for"(%1054, %1019, %1011) ({
  ^bb0(%arg1316: index):
    %4309 = "arith.muli"(%arg1316, %1012) <{overflowFlags = #arith.overflow<none>}> : (index, index) -> index
    %4310 = "vector.transfer_read"(%1475, %1054, %arg1314, %arg1315, %4309, %1014) <{in_bounds = [true], operandSegmentSizes = array<i32: 1, 4, 1, 0>, permutation_map = affine_map<(d0, d1, d2, d3) -> (d3)>}> : (memref<1x40x40x640xf32>, index, index, index, index, f32) -> vector<32xf32>
    "vector.transfer_write"(%4310, %1591, %1054, %arg1314, %arg1315, %4309) <{in_bounds = [true], operandSegmentSizes = array<i32: 1, 1, 4, 0>, permutation_map = affine_map<(d0, d1, d2, d3) -> (d3)>}> : (vector<32xf32>, memref<1x40x40x640xf32, strided<[2048000, 51200, 1280, 1]>>, index, index, index, index) -> ()
    "scf.yield"() : () -> ()
  }) : (index, index, index) -> ()
  "scf.reduce"() : () -> ()
}) : (index, index, index, index, index, index) -> ()
/tmp/ncnn-compile-274d00/model.capi.mlir:11139:5: error: 'scf.parallel' op remains after parallel lowering; op=scf.parallel
    scf.parallel (%arg3, %arg4) = (%c0, %c0) to (%c40, %c40) step (%c1, %c1) {
    ^
/tmp/ncnn-compile-274d00/model.capi.mlir:11139:5: note: see current operation: 
"scf.parallel"(%1054, %1054, %1020, %1020, %1011, %1011) <{operandSegmentSizes = array<i32: 2, 2, 2, 0>}> ({
^bb0(%arg1311: index, %arg1312: index):
  "scf.for"(%1054, %1019, %1011) ({
  ^bb0(%arg1313: index):
    %4307 = "arith.muli"(%arg1313, %1012) <{overflowFlags = #arith.overflow<none>}> : (index, index) -> index
    %4308 = "vector.transfer_read"(%1537, %1054, %arg1311, %arg1312, %4307, %1014) <{in_bounds = [true], operandSegmentSizes = array<i32: 1, 4, 1, 0>, permutation_map = affine_map<(d0, d1, d2, d3) -> (d3)>}> : (memref<1x40x40x640xf32>, index, index, index, index, f32) -> vector<32xf32>
    "vector.transfer_write"(%4308, %1592, %1054, %arg1311, %arg1312, %4307) <{in_bounds = [true], operandSegmentSizes = array<i32: 1, 1, 4, 0>, permutation_map = affine_map<(d0, d1, d2, d3) -> (d3)>}> : (vector<32xf32>, memref<1x40x40x640xf32, strided<[2048000, 51200, 1280, 1], offset: 640>>, index, index, index, index) -> ()
    "scf.yield"() : () -> ()
  }) : (index, index, index) -> ()
  "scf.reduce"() : () -> ()
}) : (index, index, index, index, index, index) -> ()
/tmp/ncnn-compile-274d00/model.capi.mlir:11152:5: error: 'scf.parallel' op remains after parallel lowering; op=scf.parallel
    scf.parallel (%arg3, %arg4) = (%c0, %c0) to (%c40, %c40) step (%c1, %c1) {
    ^
/tmp/ncnn-compile-274d00/model.capi.mlir:11152:5: note: see current operation: 
"scf.parallel"(%1054, %1054, %1020, %1020, %1011, %1011) <{operandSegmentSizes = array<i32: 2, 2, 2, 0>}> ({
^bb0(%arg1308: index, %arg1309: index):
  "scf.for"(%1054, %1018, %1011) ({
  ^bb0(%arg1310: index):
    %4305 = "arith.muli"(%arg1310, %1012) <{overflowFlags = #arith.overflow<none>}> : (index, index) -> index
    %4306 = "vector.transfer_read"(%1289, %4305, %1014) <{in_bounds = [true], operandSegmentSizes = array<i32: 1, 1, 1, 0>, permutation_map = affine_map<(d0) -> (d0)>}> : (memref<320xf32>, index, f32) -> vector<32xf32>
    "vector.transfer_write"(%4306, %1476, %1054, %arg1308, %arg1309, %4305) <{in_bounds = [true], operandSegmentSizes = array<i32: 1, 1, 4, 0>, permutation_map = affine_map<(d0, d1, d2, d3) -> (d3)>}> : (vector<32xf32>, memref<1x40x40x320xf32>, index, index, index, index) -> ()
    "scf.yield"() : () -> ()
  }) : (index, index, index) -> ()
  "scf.reduce"() : () -> ()
}) : (index, index, index, index, index, index) -> ()
/tmp/ncnn-compile-274d00/model.capi.mlir:11242:5: error: 'scf.parallel' op remains after parallel lowering; op=scf.parallel
    scf.parallel (%arg3, %arg4) = (%c0, %c0) to (%c40, %c40) step (%c1, %c1) {
    ^
/tmp/ncnn-compile-274d00/model.capi.mlir:11242:5: note: see current operation: 
"scf.parallel"(%1054, %1054, %1020, %1020, %1011, %1011) <{operandSegmentSizes = array<i32: 2, 2, 2, 0>}> ({
^bb0(%arg1292: index, %arg1293: index):
  "scf.for"(%1054, %1018, %1011) ({
  ^bb0(%arg1294: index):
    %4267 = "arith.muli"(%arg1294, %1012) <{overflowFlags = #arith.overflow<none>}> : (index, index) -> index
    %4268 = "vector.transfer_read"(%1288, %4267, %1014) <{in_bounds = [true], operandSegmentSizes = array<i32: 1, 1, 1, 0>, permutation_map = affine_map<(d0) -> (d0)>}> : (memref<320xf32>, index, f32) -> vector<32xf32>
    "vector.transfer_write"(%4268, %1476, %1054, %arg1292, %arg1293, %4267) <{in_bounds = [true], operandSegmentSizes = array<i32: 1, 1, 4, 0>, permutation_map = affine_map<(d0, d1, d2, d3) -> (d3)>}> : (vector<32xf32>, memref<1x40x40x320xf32>, index, index, index, index) -> ()
    "scf.yield"() : () -> ()
  }) : (index, index, index) -> ()
  "scf.reduce"() : () -> ()
}) : (index, index, index, index, index, index) -> ()
/tmp/ncnn-compile-274d00/model.capi.mlir:11356:5: error: 'scf.parallel' op remains after parallel lowering; op=scf.parallel
    scf.parallel (%arg3, %arg4) = (%c0, %c0) to (%c40, %c40) step (%c1, %c1) {
    ^
/tmp/ncnn-compile-274d00/model.capi.mlir:11356:5: note: see current operation: 
"scf.parallel"(%1054, %1054, %1020, %1020, %1011, %1011) <{operandSegmentSizes = array<i32: 2, 2, 2, 0>}> ({
^bb0(%arg1272: index, %arg1273: index):
  "scf.for"(%1054, %1018, %1011) ({
  ^bb0(%arg1274: index):
    %4222 = "arith.muli"(%arg1274, %1012) <{overflowFlags = #arith.overflow<none>}> : (index, index) -> index
    %4223 = "vector.transfer_read"(%1482, %1054, %arg1272, %arg1273, %4222, %1014) <{in_bounds = [true], operandSegmentSizes = array<i32: 1, 4, 1, 0>, permutation_map = affine_map<(d0, d1, d2, d3) -> (d3)>}> : (memref<1x40x40x320xf32>, index, index, index, index, f32) -> vector<32xf32>
    "vector.transfer_write"(%4223, %1595, %1054, %arg1272, %arg1273, %4222) <{in_bounds = [true], operandSegmentSizes = array<i32: 1, 1, 4, 0>, permutation_map = affine_map<(d0, d1, d2, d3) -> (d3)>}> : (vector<32xf32>, memref<1x40x40x320xf32, strided<[564480, 13440, 320, 1], offset: 13760>>, index, index, index, index) -> ()
    "scf.yield"() : () -> ()
  }) : (index, index, index) -> ()
  "scf.reduce"() : () -> ()
}) : (index, index, index, index, index, index) -> ()
/tmp/ncnn-compile-274d00/model.capi.mlir:11369:5: error: 'scf.parallel' op remains after parallel lowering; op=scf.parallel
    scf.parallel (%arg3, %arg4) = (%c0, %c0) to (%c40, %c40) step (%c1, %c1) {
    ^
/tmp/ncnn-compile-274d00/model.capi.mlir:11369:5: note: see current operation: 
"scf.parallel"(%1054, %1054, %1020, %1020, %1011, %1011) <{operandSegmentSizes = array<i32: 2, 2, 2, 0>}> ({
^bb0(%arg1269: index, %arg1270: index):
  "scf.for"(%1054, %1018, %1011) ({
  ^bb0(%arg1271: index):
    %4220 = "arith.muli"(%arg1271, %1012) <{overflowFlags = #arith.overflow<none>}> : (index, index) -> index
    %4221 = "vector.transfer_read"(%1287, %4220, %1014) <{in_bounds = [true], operandSegmentSizes = array<i32: 1, 1, 1, 0>, permutation_map = affine_map<(d0) -> (d0)>}> : (memref<320xf32>, index, f32) -> vector<32xf32>
    "vector.transfer_write"(%4221, %1476, %1054, %arg1269, %arg1270, %4220) <{in_bounds = [true], operandSegmentSizes = array<i32: 1, 1, 4, 0>, permutation_map = affine_map<(d0, d1, d2, d3) -> (d3)>}> : (vector<32xf32>, memref<1x40x40x320xf32>, index, index, index, index) -> ()
    "scf.yield"() : () -> ()
  }) : (index, index, index) -> ()
  "scf.reduce"() : () -> ()
}) : (index, index, index, index, index, index) -> ()
/tmp/ncnn-compile-274d00/model.capi.mlir:11382:5: error: 'scf.parallel' op remains after parallel lowering; op=scf.parallel
    scf.parallel (%arg3, %arg4, %arg5, %arg6) = (%c0, %c0, %c0, %c0) to (%c40, %c40, %c3, %c3) step (%c1, %c1, %c1, %c1) {
    ^
/tmp/ncnn-compile-274d00/model.capi.mlir:11382:5: note: see current operation: 
"scf.parallel"(%1054, %1054, %1054, %1054, %1020, %1020, %1062, %1062, %1011, %1011, %1011, %1011) <{operandSegmentSizes = array<i32: 4, 4, 4, 0>}> ({
^bb0(%arg1264: index, %arg1265: index, %arg1266: index, %arg1267: index):
  "scf.for"(%1054, %1018, %1011) ({
  ^bb0(%arg1268: index):
    %4216 = "arith.muli"(%arg1268, %1012) <{overflowFlags = #arith.overflow<none>}> : (index, index) -> index
    %4217 = "affine.apply"(%arg1264, %arg1266) <{map = affine_map<(d0, d1) -> (d0 + d1)>}> : (index, index) -> index
    %4218 = "affine.apply"(%arg1265, %arg1267) <{map = affine_map<(d0, d1) -> (d0 + d1)>}> : (index, index) -> index
    %4219 = "vector.transfer_read"(%1594, %1054, %4217, %4218, %4216, %1014) <{in_bounds = [true], operandSegmentSizes = array<i32: 1, 4, 1, 0>, permutation_map = affine_map<(d0, d1, d2, d3) -> (d3)>}> : (memref<1x42x42x320xf32>, index, index, index, index, f32) -> vector<32xf32>
    "vector.transfer_write"(%4219, %1485, %arg1264, %arg1265, %arg1266, %arg1267, %4216) <{in_bounds = [true], operandSegmentSizes = array<i32: 1, 1, 5, 0>, permutation_map = affine_map<(d0, d1, d2, d3, d4) -> (d4)>}> : (vector<32xf32>, memref<40x40x3x3x320xf32>, index, index, index, index, index) -> ()
    "scf.yield"() : () -> ()
  }) : (index, index, index) -> ()
  "scf.reduce"() : () -> ()
}) : (index, index, index, index, index, index, index, index, index, index, index, index) -> ()
/tmp/ncnn-compile-274d00/model.capi.mlir:11473:5: error: 'scf.parallel' op remains after parallel lowering; op=scf.parallel
    scf.parallel (%arg3, %arg4) = (%c0, %c0) to (%c40, %c40) step (%c1, %c1) {
    ^
/tmp/ncnn-compile-274d00/model.capi.mlir:11473:5: note: see current operation: 
"scf.parallel"(%1054, %1054, %1020, %1020, %1011, %1011) <{operandSegmentSizes = array<i32: 2, 2, 2, 0>}> ({
^bb0(%arg1248: index, %arg1249: index):
  "scf.for"(%1054, %1018, %1011) ({
  ^bb0(%arg1250: index):
    %4178 = "arith.muli"(%arg1250, %1012) <{overflowFlags = #arith.overflow<none>}> : (index, index) -> index
    %4179 = "vector.transfer_read"(%1286, %4178, %1014) <{in_bounds = [true], operandSegmentSizes = array<i32: 1, 1, 1, 0>, permutation_map = affine_map<(d0) -> (d0)>}> : (memref<320xf32>, index, f32) -> vector<32xf32>
    "vector.transfer_write"(%4179, %1476, %1054, %arg1248, %arg1249, %4178) <{in_bounds = [true], operandSegmentSizes = array<i32: 1, 1, 4, 0>, permutation_map = affine_map<(d0, d1, d2, d3) -> (d3)>}> : (vector<32xf32>, memref<1x40x40x320xf32>, index, index, index, index) -> ()
    "scf.yield"() : () -> ()
  }) : (index, index, index) -> ()
  "scf.reduce"() : () -> ()
}) : (index, index, index, index, index, index) -> ()
/tmp/ncnn-compile-274d00/model.capi.mlir:11587:5: error: 'scf.parallel' op remains after parallel lowering; op=scf.parallel
    scf.parallel (%arg3, %arg4) = (%c0, %c0) to (%c40, %c40) step (%c1, %c1) {
    ^
/tmp/ncnn-compile-274d00/model.capi.mlir:11587:5: note: see current operation: 
"scf.parallel"(%1054, %1054, %1020, %1020, %1011, %1011) <{operandSegmentSizes = array<i32: 2, 2, 2, 0>}> ({
^bb0(%arg1228: index, %arg1229: index):
  "scf.for"(%1054, %1018, %1011) ({
  ^bb0(%arg1230: index):
    %4133 = "arith.muli"(%arg1230, %1012) <{overflowFlags = #arith.overflow<none>}> : (index, index) -> index
    %4134 = "vector.transfer_read"(%1482, %1054, %arg1228, %arg1229, %4133, %1014) <{in_bounds = [true], operandSegmentSizes = array<i32: 1, 4, 1, 0>, permutation_map = affine_map<(d0, d1, d2, d3) -> (d3)>}> : (memref<1x40x40x320xf32>, index, index, index, index, f32) -> vector<32xf32>
    "vector.transfer_write"(%4134, %1597, %1054, %arg1228, %arg1229, %4133) <{in_bounds = [true], operandSegmentSizes = array<i32: 1, 1, 4, 0>, permutation_map = affine_map<(d0, d1, d2, d3) -> (d3)>}> : (vector<32xf32>, memref<1x40x40x320xf32, strided<[564480, 13440, 320, 1], offset: 13760>>, index, index, index, index) -> ()
    "scf.yield"() : () -> ()
  }) : (index, index, index) -> ()
  "scf.reduce"() : () -> ()
}) : (index, index, index, index, index, index) -> ()
/tmp/ncnn-compile-274d00/model.capi.mlir:11600:5: error: 'scf.parallel' op remains after parallel lowering; op=scf.parallel
    scf.parallel (%arg3, %arg4) = (%c0, %c0) to (%c40, %c40) step (%c1, %c1) {
    ^
/tmp/ncnn-compile-274d00/model.capi.mlir:11600:5: note: see current operation: 
"scf.parallel"(%1054, %1054, %1020, %1020, %1011, %1011) <{operandSegmentSizes = array<i32: 2, 2, 2, 0>}> ({
^bb0(%arg1225: index, %arg1226: index):
  "scf.for"(%1054, %1018, %1011) ({
  ^bb0(%arg1227: index):
    %4131 = "arith.muli"(%arg1227, %1012) <{overflowFlags = #arith.overflow<none>}> : (index, index) -> index
    %4132 = "vector.transfer_read"(%1285, %4131, %1014) <{in_bounds = [true], operandSegmentSizes = array<i32: 1, 1, 1, 0>, permutation_map = affine_map<(d0) -> (d0)>}> : (memref<320xf32>, index, f32) -> vector<32xf32>
    "vector.transfer_write"(%4132, %1476, %1054, %arg1225, %arg1226, %4131) <{in_bounds = [true], operandSegmentSizes = array<i32: 1, 1, 4, 0>, permutation_map = affine_map<(d0, d1, d2, d3) -> (d3)>}> : (vector<32xf32>, memref<1x40x40x320xf32>, index, index, index, index) -> ()
    "scf.yield"() : () -> ()
  }) : (index, index, index) -> ()
  "scf.reduce"() : () -> ()
}) : (index, index, index, index, index, index) -> ()
/tmp/ncnn-compile-274d00/model.capi.mlir:11613:5: error: 'scf.parallel' op remains after parallel lowering; op=scf.parallel
    scf.parallel (%arg3, %arg4, %arg5, %arg6) = (%c0, %c0, %c0, %c0) to (%c40, %c40, %c3, %c3) step (%c1, %c1, %c1, %c1) {
    ^
/tmp/ncnn-compile-274d00/model.capi.mlir:11613:5: note: see current operation: 
"scf.parallel"(%1054, %1054, %1054, %1054, %1020, %1020, %1062, %1062, %1011, %1011, %1011, %1011) <{operandSegmentSizes = array<i32: 4, 4, 4, 0>}> ({
^bb0(%arg1220: index, %arg1221: index, %arg1222: index, %arg1223: index):
  "scf.for"(%1054, %1018, %1011) ({
  ^bb0(%arg1224: index):
    %4127 = "arith.muli"(%arg1224, %1012) <{overflowFlags = #arith.overflow<none>}> : (index, index) -> index
    %4128 = "affine.apply"(%arg1220, %arg1222) <{map = affine_map<(d0, d1) -> (d0 + d1)>}> : (index, index) -> index
    %4129 = "affine.apply"(%arg1221, %arg1223) <{map = affine_map<(d0, d1) -> (d0 + d1)>}> : (index, index) -> index
    %4130 = "vector.transfer_read"(%1596, %1054, %4128, %4129, %4127, %1014) <{in_bounds = [true], operandSegmentSizes = array<i32: 1, 4, 1, 0>, permutation_map = affine_map<(d0, d1, d2, d3) -> (d3)>}> : (memref<1x42x42x320xf32>, index, index, index, index, f32) -> vector<32xf32>
    "vector.transfer_write"(%4130, %1485, %arg1220, %arg1221, %arg1222, %arg1223, %4127) <{in_bounds = [true], operandSegmentSizes = array<i32: 1, 1, 5, 0>, permutation_map = affine_map<(d0, d1, d2, d3, d4) -> (d4)>}> : (vector<32xf32>, memref<40x40x3x3x320xf32>, index, index, index, index, index) -> ()
    "scf.yield"() : () -> ()
  }) : (index, index, index) -> ()
  "scf.reduce"() : () -> ()
}) : (index, index, index, index, index, index, index, index, index, index, index, index) -> ()
/tmp/ncnn-compile-274d00/model.capi.mlir:11704:5: error: 'scf.parallel' op remains after parallel lowering; op=scf.parallel
    scf.parallel (%arg3, %arg4) = (%c0, %c0) to (%c40, %c40) step (%c1, %c1) {
    ^
/tmp/ncnn-compile-274d00/model.capi.mlir:11704:5: note: see current operation: 
"scf.parallel"(%1054, %1054, %1020, %1020, %1011, %1011) <{operandSegmentSizes = array<i32: 2, 2, 2, 0>}> ({
^bb0(%arg1204: index, %arg1205: index):
  "scf.for"(%1054, %1018, %1011) ({
  ^bb0(%arg1206: index):
    %4089 = "arith.muli"(%arg1206, %1012) <{overflowFlags = #arith.overflow<none>}> : (index, index) -> index
    %4090 = "vector.transfer_read"(%1284, %4089, %1014) <{in_bounds = [true], operandSegmentSizes = array<i32: 1, 1, 1, 0>, permutation_map = affine_map<(d0) -> (d0)>}> : (memref<320xf32>, index, f32) -> vector<32xf32>
    "vector.transfer_write"(%4090, %1476, %1054, %arg1204, %arg1205, %4089) <{in_bounds = [true], operandSegmentSizes = array<i32: 1, 1, 4, 0>, permutation_map = affine_map<(d0, d1, d2, d3) -> (d3)>}> : (vector<32xf32>, memref<1x40x40x320xf32>, index, index, index, index) -> ()
    "scf.yield"() : () -> ()
  }) : (index, index, index) -> ()
  "scf.reduce"() : () -> ()
}) : (index, index, index, index, index, index) -> ()
/tmp/ncnn-compile-274d00/model.capi.mlir:11818:5: error: 'scf.parallel' op remains after parallel lowering; op=scf.parallel
    scf.parallel (%arg3, %arg4) = (%c0, %c0) to (%c40, %c40) step (%c1, %c1) {
    ^
/tmp/ncnn-compile-274d00/model.capi.mlir:11818:5: note: see current operation: 
"scf.parallel"(%1054, %1054, %1020, %1020, %1011, %1011) <{operandSegmentSizes = array<i32: 2, 2, 2, 0>}> ({
^bb0(%arg1184: index, %arg1185: index):
  "scf.for"(%1054, %1018, %1011) ({
  ^bb0(%arg1186: index):
    %4044 = "arith.muli"(%arg1186, %1012) <{overflowFlags = #arith.overflow<none>}> : (index, index) -> index
    %4045 = "vector.transfer_read"(%1482, %1054, %arg1184, %arg1185, %4044, %1014) <{in_bounds = [true], operandSegmentSizes = array<i32: 1, 4, 1, 0>, permutation_map = affine_map<(d0, d1, d2, d3) -> (d3)>}> : (memref<1x40x40x320xf32>, index, index, index, index, f32) -> vector<32xf32>
    "vector.transfer_write"(%4045, %1599, %1054, %arg1184, %arg1185, %4044) <{in_bounds = [true], operandSegmentSizes = array<i32: 1, 1, 4, 0>, permutation_map = affine_map<(d0, d1, d2, d3) -> (d3)>}> : (vector<32xf32>, memref<1x40x40x320xf32, strided<[564480, 13440, 320, 1], offset: 13760>>, index, index, index, index) -> ()
    "scf.yield"() : () -> ()
  }) : (index, index, index) -> ()
  "scf.reduce"() : () -> ()
}) : (index, index, index, index, index, index) -> ()
/tmp/ncnn-compile-274d00/model.capi.mlir:11831:5: error: 'scf.parallel' op remains after parallel lowering; op=scf.parallel
    scf.parallel (%arg3, %arg4) = (%c0, %c0) to (%c40, %c40) step (%c1, %c1) {
    ^
/tmp/ncnn-compile-274d00/model.capi.mlir:11831:5: note: see current operation: 
"scf.parallel"(%1054, %1054, %1020, %1020, %1011, %1011) <{operandSegmentSizes = array<i32: 2, 2, 2, 0>}> ({
^bb0(%arg1181: index, %arg1182: index):
  "scf.for"(%1054, %1018, %1011) ({
  ^bb0(%arg1183: index):
    %4042 = "arith.muli"(%arg1183, %1012) <{overflowFlags = #arith.overflow<none>}> : (index, index) -> index
    %4043 = "vector.transfer_read"(%1283, %4042, %1014) <{in_bounds = [true], operandSegmentSizes = array<i32: 1, 1, 1, 0>, permutation_map = affine_map<(d0) -> (d0)>}> : (memref<320xf32>, index, f32) -> vector<32xf32>
    "vector.transfer_write"(%4043, %1476, %1054, %arg1181, %arg1182, %4042) <{in_bounds = [true], operandSegmentSizes = array<i32: 1, 1, 4, 0>, permutation_map = affine_map<(d0, d1, d2, d3) -> (d3)>}> : (vector<32xf32>, memref<1x40x40x320xf32>, index, index, index, index) -> ()
    "scf.yield"() : () -> ()
  }) : (index, index, index) -> ()
  "scf.reduce"() : () -> ()
}) : (index, index, index, index, index, index) -> ()
/tmp/ncnn-compile-274d00/model.capi.mlir:11844:5: error: 'scf.parallel' op remains after parallel lowering; op=scf.parallel
    scf.parallel (%arg3, %arg4, %arg5, %arg6) = (%c0, %c0, %c0, %c0) to (%c40, %c40, %c3, %c3) step (%c1, %c1, %c1, %c1) {
    ^
/tmp/ncnn-compile-274d00/model.capi.mlir:11844:5: note: see current operation: 
"scf.parallel"(%1054, %1054, %1054, %1054, %1020, %1020, %1062, %1062, %1011, %1011, %1011, %1011) <{operandSegmentSizes = array<i32: 4, 4, 4, 0>}> ({
^bb0(%arg1176: index, %arg1177: index, %arg1178: index, %arg1179: index):
  "scf.for"(%1054, %1018, %1011) ({
  ^bb0(%arg1180: index):
    %4038 = "arith.muli"(%arg1180, %1012) <{overflowFlags = #arith.overflow<none>}> : (index, index) -> index
    %4039 = "affine.apply"(%arg1176, %arg1178) <{map = affine_map<(d0, d1) -> (d0 + d1)>}> : (index, index) -> index
    %4040 = "affine.apply"(%arg1177, %arg1179) <{map = affine_map<(d0, d1) -> (d0 + d1)>}> : (index, index) -> index
    %4041 = "vector.transfer_read"(%1598, %1054, %4039, %4040, %4038, %1014) <{in_bounds = [true], operandSegmentSizes = array<i32: 1, 4, 1, 0>, permutation_map = affine_map<(d0, d1, d2, d3) -> (d3)>}> : (memref<1x42x42x320xf32>, index, index, index, index, f32) -> vector<32xf32>
    "vector.transfer_write"(%4041, %1485, %arg1176, %arg1177, %arg1178, %arg1179, %4038) <{in_bounds = [true], operandSegmentSizes = array<i32: 1, 1, 5, 0>, permutation_map = affine_map<(d0, d1, d2, d3, d4) -> (d4)>}> : (vector<32xf32>, memref<40x40x3x3x320xf32>, index, index, index, index, index) -> ()
    "scf.yield"() : () -> ()
  }) : (index, index, index) -> ()
  "scf.reduce"() : () -> ()
}) : (index, index, index, index, index, index, index, index, index, index, index, index) -> ()
/tmp/ncnn-compile-274d00/model.capi.mlir:11935:5: error: 'scf.parallel' op remains after parallel lowering; op=scf.parallel
    scf.parallel (%arg3, %arg4) = (%c0, %c0) to (%c40, %c40) step (%c1, %c1) {
    ^
/tmp/ncnn-compile-274d00/model.capi.mlir:11935:5: note: see current operation: 
"scf.parallel"(%1054, %1054, %1020, %1020, %1011, %1011) <{operandSegmentSizes = array<i32: 2, 2, 2, 0>}> ({
^bb0(%arg1160: index, %arg1161: index):
  "scf.for"(%1054, %1018, %1011) ({
  ^bb0(%arg1162: index):
    %4000 = "arith.muli"(%arg1162, %1012) <{overflowFlags = #arith.overflow<none>}> : (index, index) -> index
    %4001 = "vector.transfer_read"(%1282, %4000, %1014) <{in_bounds = [true], operandSegmentSizes = array<i32: 1, 1, 1, 0>, permutation_map = affine_map<(d0) -> (d0)>}> : (memref<320xf32>, index, f32) -> vector<32xf32>
    "vector.transfer_write"(%4001, %1476, %1054, %arg1160, %arg1161, %4000) <{in_bounds = [true], operandSegmentSizes = array<i32: 1, 1, 4, 0>, permutation_map = affine_map<(d0, d1, d2, d3) -> (d3)>}> : (vector<32xf32>, memref<1x40x40x320xf32>, index, index, index, index) -> ()
    "scf.yield"() : () -> ()
  }) : (index, index, index) -> ()
  "scf.reduce"() : () -> ()
}) : (index, index, index, index, index, index) -> ()
/tmp/ncnn-compile-274d00/model.capi.mlir:12042:5: error: 'scf.parallel' op remains after parallel lowering; op=scf.parallel
    scf.parallel (%arg3, %arg4) = (%c0, %c0) to (%c40, %c40) step (%c1, %c1) {
    ^
/tmp/ncnn-compile-274d00/model.capi.mlir:12042:5: note: see current operation: 
"scf.parallel"(%1054, %1054, %1020, %1020, %1011, %1011) <{operandSegmentSizes = array<i32: 2, 2, 2, 0>}> ({
^bb0(%arg1140: index, %arg1141: index):
  "scf.for"(%1054, %1018, %1011) ({
  ^bb0(%arg1142: index):
    %3962 = "arith.muli"(%arg1142, %1012) <{overflowFlags = #arith.overflow<none>}> : (index, index) -> index
    %3963 = "vector.transfer_read"(%1482, %1054, %arg1140, %arg1141, %3962, %1014) <{in_bounds = [true], operandSegmentSizes = array<i32: 1, 4, 1, 0>, permutation_map = affine_map<(d0, d1, d2, d3) -> (d3)>}> : (memref<1x40x40x320xf32>, index, index, index, index, f32) -> vector<32xf32>
    "vector.transfer_write"(%3963, %1601, %1054, %arg1140, %arg1141, %3962) <{in_bounds = [true], operandSegmentSizes = array<i32: 1, 1, 4, 0>, permutation_map = affine_map<(d0, d1, d2, d3) -> (d3)>}> : (vector<32xf32>, memref<1x40x40x320xf32, strided<[564480, 13440, 320, 1], offset: 13760>>, index, index, index, index) -> ()
    "scf.yield"() : () -> ()
  }) : (index, index, index) -> ()
  "scf.reduce"() : () -> ()
}) : (index, index, index, index, index, index) -> ()
/tmp/ncnn-compile-274d00/model.capi.mlir:12055:5: error: 'scf.parallel' op remains after parallel lowering; op=scf.parallel
    scf.parallel (%arg3, %arg4) = (%c0, %c0) to (%c40, %c40) step (%c1, %c1) {
    ^
/tmp/ncnn-compile-274d00/model.capi.mlir:12055:5: note: see current operation: 
"scf.parallel"(%1054, %1054, %1020, %1020, %1011, %1011) <{operandSegmentSizes = array<i32: 2, 2, 2, 0>}> ({
^bb0(%arg1137: index, %arg1138: index):
  "scf.for"(%1054, %1018, %1011) ({
  ^bb0(%arg1139: index):
    %3960 = "arith.muli"(%arg1139, %1012) <{overflowFlags = #arith.overflow<none>}> : (index, index) -> index
    %3961 = "vector.transfer_read"(%1281, %3960, %1014) <{in_bounds = [true], operandSegmentSizes = array<i32: 1, 1, 1, 0>, permutation_map = affine_map<(d0) -> (d0)>}> : (memref<320xf32>, index, f32) -> vector<32xf32>
    "vector.transfer_write"(%3961, %1476, %1054, %arg1137, %arg1138, %3960) <{in_bounds = [true], operandSegmentSizes = array<i32: 1, 1, 4, 0>, permutation_map = affine_map<(d0, d1, d2, d3) -> (d3)>}> : (vector<32xf32>, memref<1x40x40x320xf32>, index, index, index, index) -> ()
    "scf.yield"() : () -> ()
  }) : (index, index, index) -> ()
  "scf.reduce"() : () -> ()
}) : (index, index, index, index, index, index) -> ()
/tmp/ncnn-compile-274d00/model.capi.mlir:12068:5: error: 'scf.parallel' op remains after parallel lowering; op=scf.parallel
    scf.parallel (%arg3, %arg4, %arg5, %arg6) = (%c0, %c0, %c0, %c0) to (%c40, %c40, %c3, %c3) step (%c1, %c1, %c1, %c1) {
    ^
/tmp/ncnn-compile-274d00/model.capi.mlir:12068:5: note: see current operation: 
"scf.parallel"(%1054, %1054, %1054, %1054, %1020, %1020, %1062, %1062, %1011, %1011, %1011, %1011) <{operandSegmentSizes = array<i32: 4, 4, 4, 0>}> ({
^bb0(%arg1132: index, %arg1133: index, %arg1134: index, %arg1135: index):
  "scf.for"(%1054, %1018, %1011) ({
  ^bb0(%arg1136: index):
    %3956 = "arith.muli"(%arg1136, %1012) <{overflowFlags = #arith.overflow<none>}> : (index, index) -> index
    %3957 = "affine.apply"(%arg1132, %arg1134) <{map = affine_map<(d0, d1) -> (d0 + d1)>}> : (index, index) -> index
    %3958 = "affine.apply"(%arg1133, %arg1135) <{map = affine_map<(d0, d1) -> (d0 + d1)>}> : (index, index) -> index
    %3959 = "vector.transfer_read"(%1600, %1054, %3957, %3958, %3956, %1014) <{in_bounds = [true], operandSegmentSizes = array<i32: 1, 4, 1, 0>, permutation_map = affine_map<(d0, d1, d2, d3) -> (d3)>}> : (memref<1x42x42x320xf32>, index, index, index, index, f32) -> vector<32xf32>
    "vector.transfer_write"(%3959, %1485, %arg1132, %arg1133, %arg1134, %arg1135, %3956) <{in_bounds = [true], operandSegmentSizes = array<i32: 1, 1, 5, 0>, permutation_map = affine_map<(d0, d1, d2, d3, d4) -> (d4)>}> : (vector<32xf32>, memref<40x40x3x3x320xf32>, index, index, index, index, index) -> ()
    "scf.yield"() : () -> ()
  }) : (index, index, index) -> ()
  "scf.reduce"() : () -> ()
}) : (index, index, index, index, index, index, index, index, index, index, index, index) -> ()
/tmp/ncnn-compile-274d00/model.capi.mlir:12167:5: error: 'scf.parallel' op remains after parallel lowering; op=scf.parallel
    scf.parallel (%arg3, %arg4) = (%c0, %c0) to (%c40, %c40) step (%c1, %c1) {
    ^
/tmp/ncnn-compile-274d00/model.capi.mlir:12167:5: note: see current operation: 
"scf.parallel"(%1054, %1054, %1020, %1020, %1011, %1011) <{operandSegmentSizes = array<i32: 2, 2, 2, 0>}> ({
^bb0(%arg1116: index, %arg1117: index):
  "scf.for"(%1054, %1018, %1011) ({
  ^bb0(%arg1118: index):
    %3918 = "arith.muli"(%arg1118, %1012) <{overflowFlags = #arith.overflow<none>}> : (index, index) -> index
    %3919 = "vector.transfer_read"(%1280, %3918, %1014) <{in_bounds = [true], operandSegmentSizes = array<i32: 1, 1, 1, 0>, permutation_map = affine_map<(d0) -> (d0)>}> : (memref<320xf32>, index, f32) -> vector<32xf32>
    "vector.transfer_write"(%3919, %1476, %1054, %arg1116, %arg1117, %3918) <{in_bounds = [true], operandSegmentSizes = array<i32: 1, 1, 4, 0>, permutation_map = affine_map<(d0, d1, d2, d3) -> (d3)>}> : (vector<32xf32>, memref<1x40x40x320xf32>, index, index, index, index) -> ()
    "scf.yield"() : () -> ()
  }) : (index, index, index) -> ()
  "scf.reduce"() : () -> ()
}) : (index, index, index, index, index, index) -> ()
/tmp/ncnn-compile-274d00/model.capi.mlir:12264:5: error: 'scf.parallel' op remains after parallel lowering; op=scf.parallel
    scf.parallel (%arg3, %arg4) = (%c0, %c0) to (%c40, %c40) step (%c1, %c1) {
    ^
/tmp/ncnn-compile-274d00/model.capi.mlir:12264:5: note: see current operation: 
"scf.parallel"(%1054, %1054, %1020, %1020, %1011, %1011) <{operandSegmentSizes = array<i32: 2, 2, 2, 0>}> ({
^bb0(%arg1100: index, %arg1101: index):
  "scf.for"(%1054, %1018, %1011) ({
  ^bb0(%arg1102: index):
    %3880 = "arith.muli"(%arg1102, %1012) <{overflowFlags = #arith.overflow<none>}> : (index, index) -> index
    %3881 = "vector.transfer_read"(%1603, %1054, %arg1100, %arg1101, %3880, %1014) <{in_bounds = [true], operandSegmentSizes = array<i32: 1, 4, 1, 0>, permutation_map = affine_map<(d0, d1, d2, d3) -> (d3)>}> : (memref<1x40x40x320xf32>, index, index, index, index, f32) -> vector<32xf32>
    "vector.transfer_write"(%3881, %1605, %1054, %arg1100, %arg1101, %3880) <{in_bounds = [true], operandSegmentSizes = array<i32: 1, 1, 4, 0>, permutation_map = affine_map<(d0, d1, d2, d3) -> (d3)>}> : (vector<32xf32>, memref<1x40x40x320xf32, strided<[1024000, 25600, 640, 1]>>, index, index, index, index) -> ()
    "scf.yield"() : () -> ()
  }) : (index, index, index) -> ()
  "scf.reduce"() : () -> ()
}) : (index, index, index, index, index, index) -> ()
/tmp/ncnn-compile-274d00/model.capi.mlir:12278:5: error: 'scf.parallel' op remains after parallel lowering; op=scf.parallel
    scf.parallel (%arg3, %arg4) = (%c0, %c0) to (%c40, %c40) step (%c1, %c1) {
    ^
/tmp/ncnn-compile-274d00/model.capi.mlir:12278:5: note: see current operation: 
"scf.parallel"(%1054, %1054, %1020, %1020, %1011, %1011) <{operandSegmentSizes = array<i32: 2, 2, 2, 0>}> ({
^bb0(%arg1097: index, %arg1098: index):
  "scf.for"(%1054, %1018, %1011) ({
  ^bb0(%arg1099: index):
    %3878 = "arith.muli"(%arg1099, %1012) <{overflowFlags = #arith.overflow<none>}> : (index, index) -> index
    %3879 = "vector.transfer_read"(%1482, %1054, %arg1097, %arg1098, %3878, %1014) <{in_bounds = [true], operandSegmentSizes = array<i32: 1, 4, 1, 0>, permutation_map = affine_map<(d0, d1, d2, d3) -> (d3)>}> : (memref<1x40x40x320xf32>, index, index, index, index, f32) -> vector<32xf32>
    "vector.transfer_write"(%3879, %1606, %1054, %arg1097, %arg1098, %3878) <{in_bounds = [true], operandSegmentSizes = array<i32: 1, 1, 4, 0>, permutation_map = affine_map<(d0, d1, d2, d3) -> (d3)>}> : (vector<32xf32>, memref<1x40x40x320xf32, strided<[1024000, 25600, 640, 1], offset: 320>>, index, index, index, index) -> ()
    "scf.yield"() : () -> ()
  }) : (index, index, index) -> ()
  "scf.reduce"() : () -> ()
}) : (index, index, index, index, index, index) -> ()
/tmp/ncnn-compile-274d00/model.capi.mlir:12291:5: error: 'scf.parallel' op remains after parallel lowering; op=scf.parallel
    scf.parallel (%arg3, %arg4) = (%c0, %c0) to (%c40, %c40) step (%c1, %c1) {
    ^
/tmp/ncnn-compile-274d00/model.capi.mlir:12291:5: note: see current operation: 
"scf.parallel"(%1054, %1054, %1020, %1020, %1011, %1011) <{operandSegmentSizes = array<i32: 2, 2, 2, 0>}> ({
^bb0(%arg1094: index, %arg1095: index):
  "scf.for"(%1054, %1019, %1011) ({
  ^bb0(%arg1096: index):
    %3876 = "arith.muli"(%arg1096, %1012) <{overflowFlags = #arith.overflow<none>}> : (index, index) -> index
    %3877 = "vector.transfer_read"(%1279, %3876, %1014) <{in_bounds = [true], operandSegmentSizes = array<i32: 1, 1, 1, 0>, permutation_map = affine_map<(d0) -> (d0)>}> : (memref<640xf32>, index, f32) -> vector<32xf32>
    "vector.transfer_write"(%3877, %1475, %1054, %arg1094, %arg1095, %3876) <{in_bounds = [true], operandSegmentSizes = array<i32: 1, 1, 4, 0>, permutation_map = affine_map<(d0, d1, d2, d3) -> (d3)>}> : (vector<32xf32>, memref<1x40x40x640xf32>, index, index, index, index) -> ()
    "scf.yield"() : () -> ()
  }) : (index, index, index) -> ()
  "scf.reduce"() : () -> ()
}) : (index, index, index, index, index, index) -> ()
/tmp/ncnn-compile-274d00/model.capi.mlir:12381:5: error: 'scf.parallel' op remains after parallel lowering; op=scf.parallel
    scf.parallel (%arg3, %arg4) = (%c0, %c0) to (%c40, %c40) step (%c1, %c1) {
    ^
/tmp/ncnn-compile-274d00/model.capi.mlir:12381:5: note: see current operation: 
"scf.parallel"(%1054, %1054, %1020, %1020, %1011, %1011) <{operandSegmentSizes = array<i32: 2, 2, 2, 0>}> ({
^bb0(%arg1078: index, %arg1079: index):
  "scf.for"(%1054, %1018, %1011) ({
  ^bb0(%arg1080: index):
    %3838 = "arith.muli"(%arg1080, %1012) <{overflowFlags = #arith.overflow<none>}> : (index, index) -> index
    %3839 = "vector.transfer_read"(%1278, %3838, %1014) <{in_bounds = [true], operandSegmentSizes = array<i32: 1, 1, 1, 0>, permutation_map = affine_map<(d0) -> (d0)>}> : (memref<320xf32>, index, f32) -> vector<32xf32>
    "vector.transfer_write"(%3839, %1476, %1054, %arg1078, %arg1079, %3838) <{in_bounds = [true], operandSegmentSizes = array<i32: 1, 1, 4, 0>, permutation_map = affine_map<(d0, d1, d2, d3) -> (d3)>}> : (vector<32xf32>, memref<1x40x40x320xf32>, index, index, index, index) -> ()
    "scf.yield"() : () -> ()
  }) : (index, index, index) -> ()
  "scf.reduce"() : () -> ()
}) : (index, index, index, index, index, index) -> ()
/tmp/ncnn-compile-274d00/model.capi.mlir:12516:5: error: 'scf.parallel' op remains after parallel lowering; op=scf.parallel
    scf.parallel (%arg3, %arg4) = (%c0, %c0) to (%c80, %c80) step (%c1, %c1) {
    ^
/tmp/ncnn-compile-274d00/model.capi.mlir:12516:5: note: see current operation: 
"scf.parallel"(%1054, %1054, %1068, %1068, %1011, %1011) <{operandSegmentSizes = array<i32: 2, 2, 2, 0>}> ({
^bb0(%arg1058: index, %arg1059: index):
  "scf.for"(%1054, %1018, %1011) ({
  ^bb0(%arg1060: index):
    %3775 = "arith.muli"(%arg1060, %1012) <{overflowFlags = #arith.overflow<none>}> : (index, index) -> index
    %3776 = "vector.transfer_read"(%1421, %1054, %arg1058, %arg1059, %3775, %1014) <{in_bounds = [true], operandSegmentSizes = array<i32: 1, 4, 1, 0>, permutation_map = affine_map<(d0, d1, d2, d3) -> (d3)>}> : (memref<1x80x80x320xf32>, index, index, index, index, f32) -> vector<32xf32>
    "vector.transfer_write"(%3776, %1609, %1054, %arg1058, %arg1059, %3775) <{in_bounds = [true], operandSegmentSizes = array<i32: 1, 1, 4, 0>, permutation_map = affine_map<(d0, d1, d2, d3) -> (d3)>}> : (vector<32xf32>, memref<1x80x80x320xf32, strided<[4096000, 51200, 640, 1]>>, index, index, index, index) -> ()
    "scf.yield"() : () -> ()
  }) : (index, index, index) -> ()
  "scf.reduce"() : () -> ()
}) : (index, index, index, index, index, index) -> ()
/tmp/ncnn-compile-274d00/model.capi.mlir:12530:5: error: 'scf.parallel' op remains after parallel lowering; op=scf.parallel
    scf.parallel (%arg3, %arg4) = (%c0, %c0) to (%c80, %c80) step (%c1, %c1) {
    ^
/tmp/ncnn-compile-274d00/model.capi.mlir:12530:5: note: see current operation: 
"scf.parallel"(%1054, %1054, %1068, %1068, %1011, %1011) <{operandSegmentSizes = array<i32: 2, 2, 2, 0>}> ({
^bb0(%arg1055: index, %arg1056: index):
  "scf.for"(%1054, %1018, %1011) ({
  ^bb0(%arg1057: index):
    %3773 = "arith.muli"(%arg1057, %1012) <{overflowFlags = #arith.overflow<none>}> : (index, index) -> index
    %3774 = "vector.transfer_read"(%1467, %1054, %arg1055, %arg1056, %3773, %1014) <{in_bounds = [true], operandSegmentSizes = array<i32: 1, 4, 1, 0>, permutation_map = affine_map<(d0, d1, d2, d3) -> (d3)>}> : (memref<1x80x80x320xf32>, index, index, index, index, f32) -> vector<32xf32>
    "vector.transfer_write"(%3774, %1610, %1054, %arg1055, %arg1056, %3773) <{in_bounds = [true], operandSegmentSizes = array<i32: 1, 1, 4, 0>, permutation_map = affine_map<(d0, d1, d2, d3) -> (d3)>}> : (vector<32xf32>, memref<1x80x80x320xf32, strided<[4096000, 51200, 640, 1], offset: 320>>, index, index, index, index) -> ()
    "scf.yield"() : () -> ()
  }) : (index, index, index) -> ()
  "scf.reduce"() : () -> ()
}) : (index, index, index, index, index, index) -> ()
/tmp/ncnn-compile-274d00/model.capi.mlir:12543:5: error: 'scf.parallel' op remains after parallel lowering; op=scf.parallel
    scf.parallel (%arg3, %arg4) = (%c0, %c0) to (%c80, %c80) step (%c1, %c1) {
    ^
/tmp/ncnn-compile-274d00/model.capi.mlir:12543:5: note: see current operation: 
"scf.parallel"(%1054, %1054, %1068, %1068, %1011, %1011) <{operandSegmentSizes = array<i32: 2, 2, 2, 0>}> ({
^bb0(%arg1052: index, %arg1053: index):
  "scf.for"(%1054, %1017, %1011) ({
  ^bb0(%arg1054: index):
    %3771 = "arith.muli"(%arg1054, %1012) <{overflowFlags = #arith.overflow<none>}> : (index, index) -> index
    %3772 = "vector.transfer_read"(%1277, %3771, %1014) <{in_bounds = [true], operandSegmentSizes = array<i32: 1, 1, 1, 0>, permutation_map = affine_map<(d0) -> (d0)>}> : (memref<160xf32>, index, f32) -> vector<32xf32>
    "vector.transfer_write"(%3772, %1422, %1054, %arg1052, %arg1053, %3771) <{in_bounds = [true], operandSegmentSizes = array<i32: 1, 1, 4, 0>, permutation_map = affine_map<(d0, d1, d2, d3) -> (d3)>}> : (vector<32xf32>, memref<1x80x80x160xf32>, index, index, index, index) -> ()
    "scf.yield"() : () -> ()
  }) : (index, index, index) -> ()
  "scf.reduce"() : () -> ()
}) : (index, index, index, index, index, index) -> ()
/tmp/ncnn-compile-274d00/model.capi.mlir:12633:5: error: 'scf.parallel' op remains after parallel lowering; op=scf.parallel
    scf.parallel (%arg3, %arg4) = (%c0, %c0) to (%c80, %c80) step (%c1, %c1) {
    ^
/tmp/ncnn-compile-274d00/model.capi.mlir:12633:5: note: see current operation: 
"scf.parallel"(%1054, %1054, %1068, %1068, %1011, %1011) <{operandSegmentSizes = array<i32: 2, 2, 2, 0>}> ({
^bb0(%arg1036: index, %arg1037: index):
  "scf.for"(%1054, %1017, %1011) ({
  ^bb0(%arg1038: index):
    %3733 = "arith.muli"(%arg1038, %1012) <{overflowFlags = #arith.overflow<none>}> : (index, index) -> index
    %3734 = "vector.transfer_read"(%1276, %3733, %1014) <{in_bounds = [true], operandSegmentSizes = array<i32: 1, 1, 1, 0>, permutation_map = affine_map<(d0) -> (d0)>}> : (memref<160xf32>, index, f32) -> vector<32xf32>
    "vector.transfer_write"(%3734, %1422, %1054, %arg1036, %arg1037, %3733) <{in_bounds = [true], operandSegmentSizes = array<i32: 1, 1, 4, 0>, permutation_map = affine_map<(d0, d1, d2, d3) -> (d3)>}> : (vector<32xf32>, memref<1x80x80x160xf32>, index, index, index, index) -> ()
    "scf.yield"() : () -> ()
  }) : (index, index, index) -> ()
  "scf.reduce"() : () -> ()
}) : (index, index, index, index, index, index) -> ()
/tmp/ncnn-compile-274d00/model.capi.mlir:12747:5: error: 'scf.parallel' op remains after parallel lowering; op=scf.parallel
    scf.parallel (%arg3, %arg4) = (%c0, %c0) to (%c80, %c80) step (%c1, %c1) {
    ^
/tmp/ncnn-compile-274d00/model.capi.mlir:12747:5: note: see current operation: 
"scf.parallel"(%1054, %1054, %1068, %1068, %1011, %1011) <{operandSegmentSizes = array<i32: 2, 2, 2, 0>}> ({
^bb0(%arg1016: index, %arg1017: index):
  "scf.for"(%1054, %1017, %1011) ({
  ^bb0(%arg1018: index):
    %3688 = "arith.muli"(%arg1018, %1012) <{overflowFlags = #arith.overflow<none>}> : (index, index) -> index
    %3689 = "vector.transfer_read"(%1428, %1054, %arg1016, %arg1017, %3688, %1014) <{in_bounds = [true], operandSegmentSizes = array<i32: 1, 4, 1, 0>, permutation_map = affine_map<(d0, d1, d2, d3) -> (d3)>}> : (memref<1x80x80x160xf32>, index, index, index, index, f32) -> vector<32xf32>
    "vector.transfer_write"(%3689, %1613, %1054, %arg1016, %arg1017, %3688) <{in_bounds = [true], operandSegmentSizes = array<i32: 1, 1, 4, 0>, permutation_map = affine_map<(d0, d1, d2, d3) -> (d3)>}> : (vector<32xf32>, memref<1x80x80x160xf32, strided<[1075840, 13120, 160, 1], offset: 13280>>, index, index, index, index) -> ()
    "scf.yield"() : () -> ()
  }) : (index, index, index) -> ()
  "scf.reduce"() : () -> ()
}) : (index, index, index, index, index, index) -> ()
/tmp/ncnn-compile-274d00/model.capi.mlir:12760:5: error: 'scf.parallel' op remains after parallel lowering; op=scf.parallel
    scf.parallel (%arg3, %arg4) = (%c0, %c0) to (%c80, %c80) step (%c1, %c1) {
    ^
/tmp/ncnn-compile-274d00/model.capi.mlir:12760:5: note: see current operation: 
"scf.parallel"(%1054, %1054, %1068, %1068, %1011, %1011) <{operandSegmentSizes = array<i32: 2, 2, 2, 0>}> ({
^bb0(%arg1013: index, %arg1014: index):
  "scf.for"(%1054, %1017, %1011) ({
  ^bb0(%arg1015: index):
    %3686 = "arith.muli"(%arg1015, %1012) <{overflowFlags = #arith.overflow<none>}> : (index, index) -> index
    %3687 = "vector.transfer_read"(%1275, %3686, %1014) <{in_bounds = [true], operandSegmentSizes = array<i32: 1, 1, 1, 0>, permutation_map = affine_map<(d0) -> (d0)>}> : (memref<160xf32>, index, f32) -> vector<32xf32>
    "vector.transfer_write"(%3687, %1422, %1054, %arg1013, %arg1014, %3686) <{in_bounds = [true], operandSegmentSizes = array<i32: 1, 1, 4, 0>, permutation_map = affine_map<(d0, d1, d2, d3) -> (d3)>}> : (vector<32xf32>, memref<1x80x80x160xf32>, index, index, index, index) -> ()
    "scf.yield"() : () -> ()
  }) : (index, index, index) -> ()
  "scf.reduce"() : () -> ()
}) : (index, index, index, index, index, index) -> ()
/tmp/ncnn-compile-274d00/model.capi.mlir:12773:5: error: 'scf.parallel' op remains after parallel lowering; op=scf.parallel
    scf.parallel (%arg3, %arg4, %arg5, %arg6) = (%c0, %c0, %c0, %c0) to (%c80, %c80, %c3, %c3) step (%c1, %c1, %c1, %c1) {
    ^
/tmp/ncnn-compile-274d00/model.capi.mlir:12773:5: note: see current operation: 
"scf.parallel"(%1054, %1054, %1054, %1054, %1068, %1068, %1062, %1062, %1011, %1011, %1011, %1011) <{operandSegmentSizes = array<i32: 4, 4, 4, 0>}> ({
^bb0(%arg1008: index, %arg1009: index, %arg1010: index, %arg1011: index):
  "scf.for"(%1054, %1017, %1011) ({
  ^bb0(%arg1012: index):
    %3682 = "arith.muli"(%arg1012, %1012) <{overflowFlags = #arith.overflow<none>}> : (index, index) -> index
    %3683 = "affine.apply"(%arg1008, %arg1010) <{map = affine_map<(d0, d1) -> (d0 + d1)>}> : (index, index) -> index
    %3684 = "affine.apply"(%arg1009, %arg1011) <{map = affine_map<(d0, d1) -> (d0 + d1)>}> : (index, index) -> index
    %3685 = "vector.transfer_read"(%1612, %1054, %3683, %3684, %3682, %1014) <{in_bounds = [true], operandSegmentSizes = array<i32: 1, 4, 1, 0>, permutation_map = affine_map<(d0, d1, d2, d3) -> (d3)>}> : (memref<1x82x82x160xf32>, index, index, index, index, f32) -> vector<32xf32>
    "vector.transfer_write"(%3685, %1431, %arg1008, %arg1009, %arg1010, %arg1011, %3682) <{in_bounds = [true], operandSegmentSizes = array<i32: 1, 1, 5, 0>, permutation_map = affine_map<(d0, d1, d2, d3, d4) -> (d4)>}> : (vector<32xf32>, memref<80x80x3x3x160xf32>, index, index, index, index, index) -> ()
    "scf.yield"() : () -> ()
  }) : (index, index, index) -> ()
  "scf.reduce"() : () -> ()
}) : (index, index, index, index, index, index, index, index, index, index, index, index) -> ()
/tmp/ncnn-compile-274d00/model.capi.mlir:12864:5: error: 'scf.parallel' op remains after parallel lowering; op=scf.parallel
    scf.parallel (%arg3, %arg4) = (%c0, %c0) to (%c80, %c80) step (%c1, %c1) {
    ^
/tmp/ncnn-compile-274d00/model.capi.mlir:12864:5: note: see current operation: 
"scf.parallel"(%1054, %1054, %1068, %1068, %1011, %1011) <{operandSegmentSizes = array<i32: 2, 2, 2, 0>}> ({
^bb0(%arg992: index, %arg993: index):
  "scf.for"(%1054, %1017, %1011) ({
  ^bb0(%arg994: index):
    %3644 = "arith.muli"(%arg994, %1012) <{overflowFlags = #arith.overflow<none>}> : (index, index) -> index
    %3645 = "vector.transfer_read"(%1274, %3644, %1014) <{in_bounds = [true], operandSegmentSizes = array<i32: 1, 1, 1, 0>, permutation_map = affine_map<(d0) -> (d0)>}> : (memref<160xf32>, index, f32) -> vector<32xf32>
    "vector.transfer_write"(%3645, %1422, %1054, %arg992, %arg993, %3644) <{in_bounds = [true], operandSegmentSizes = array<i32: 1, 1, 4, 0>, permutation_map = affine_map<(d0, d1, d2, d3) -> (d3)>}> : (vector<32xf32>, memref<1x80x80x160xf32>, index, index, index, index) -> ()
    "scf.yield"() : () -> ()
  }) : (index, index, index) -> ()
  "scf.reduce"() : () -> ()
}) : (index, index, index, index, index, index) -> ()
/tmp/ncnn-compile-274d00/model.capi.mlir:12978:5: error: 'scf.parallel' op remains after parallel lowering; op=scf.parallel
    scf.parallel (%arg3, %arg4) = (%c0, %c0) to (%c80, %c80) step (%c1, %c1) {
    ^
/tmp/ncnn-compile-274d00/model.capi.mlir:12978:5: note: see current operation: 
"scf.parallel"(%1054, %1054, %1068, %1068, %1011, %1011) <{operandSegmentSizes = array<i32: 2, 2, 2, 0>}> ({
^bb0(%arg972: index, %arg973: index):
  "scf.for"(%1054, %1017, %1011) ({
  ^bb0(%arg974: index):
    %3599 = "arith.muli"(%arg974, %1012) <{overflowFlags = #arith.overflow<none>}> : (index, index) -> index
    %3600 = "vector.transfer_read"(%1428, %1054, %arg972, %arg973, %3599, %1014) <{in_bounds = [true], operandSegmentSizes = array<i32: 1, 4, 1, 0>, permutation_map = affine_map<(d0, d1, d2, d3) -> (d3)>}> : (memref<1x80x80x160xf32>, index, index, index, index, f32) -> vector<32xf32>
    "vector.transfer_write"(%3600, %1615, %1054, %arg972, %arg973, %3599) <{in_bounds = [true], operandSegmentSizes = array<i32: 1, 1, 4, 0>, permutation_map = affine_map<(d0, d1, d2, d3) -> (d3)>}> : (vector<32xf32>, memref<1x80x80x160xf32, strided<[1075840, 13120, 160, 1], offset: 13280>>, index, index, index, index) -> ()
    "scf.yield"() : () -> ()
  }) : (index, index, index) -> ()
  "scf.reduce"() : () -> ()
}) : (index, index, index, index, index, index) -> ()
/tmp/ncnn-compile-274d00/model.capi.mlir:12991:5: error: 'scf.parallel' op remains after parallel lowering; op=scf.parallel
    scf.parallel (%arg3, %arg4) = (%c0, %c0) to (%c80, %c80) step (%c1, %c1) {
    ^
/tmp/ncnn-compile-274d00/model.capi.mlir:12991:5: note: see current operation: 
"scf.parallel"(%1054, %1054, %1068, %1068, %1011, %1011) <{operandSegmentSizes = array<i32: 2, 2, 2, 0>}> ({
^bb0(%arg969: index, %arg970: index):
  "scf.for"(%1054, %1017, %1011) ({
  ^bb0(%arg971: index):
    %3597 = "arith.muli"(%arg971, %1012) <{overflowFlags = #arith.overflow<none>}> : (index, index) -> index
    %3598 = "vector.transfer_read"(%1273, %3597, %1014) <{in_bounds = [true], operandSegmentSizes = array<i32: 1, 1, 1, 0>, permutation_map = affine_map<(d0) -> (d0)>}> : (memref<160xf32>, index, f32) -> vector<32xf32>
    "vector.transfer_write"(%3598, %1422, %1054, %arg969, %arg970, %3597) <{in_bounds = [true], operandSegmentSizes = array<i32: 1, 1, 4, 0>, permutation_map = affine_map<(d0, d1, d2, d3) -> (d3)>}> : (vector<32xf32>, memref<1x80x80x160xf32>, index, index, index, index) -> ()
    "scf.yield"() : () -> ()
  }) : (index, index, index) -> ()
  "scf.reduce"() : () -> ()
}) : (index, index, index, index, index, index) -> ()
/tmp/ncnn-compile-274d00/model.capi.mlir:13004:5: error: 'scf.parallel' op remains after parallel lowering; op=scf.parallel
    scf.parallel (%arg3, %arg4, %arg5, %arg6) = (%c0, %c0, %c0, %c0) to (%c80, %c80, %c3, %c3) step (%c1, %c1, %c1, %c1) {
    ^
/tmp/ncnn-compile-274d00/model.capi.mlir:13004:5: note: see current operation: 
"scf.parallel"(%1054, %1054, %1054, %1054, %1068, %1068, %1062, %1062, %1011, %1011, %1011, %1011) <{operandSegmentSizes = array<i32: 4, 4, 4, 0>}> ({
^bb0(%arg964: index, %arg965: index, %arg966: index, %arg967: index):
  "scf.for"(%1054, %1017, %1011) ({
  ^bb0(%arg968: index):
    %3593 = "arith.muli"(%arg968, %1012) <{overflowFlags = #arith.overflow<none>}> : (index, index) -> index
    %3594 = "affine.apply"(%arg964, %arg966) <{map = affine_map<(d0, d1) -> (d0 + d1)>}> : (index, index) -> index
    %3595 = "affine.apply"(%arg965, %arg967) <{map = affine_map<(d0, d1) -> (d0 + d1)>}> : (index, index) -> index
    %3596 = "vector.transfer_read"(%1614, %1054, %3594, %3595, %3593, %1014) <{in_bounds = [true], operandSegmentSizes = array<i32: 1, 4, 1, 0>, permutation_map = affine_map<(d0, d1, d2, d3) -> (d3)>}> : (memref<1x82x82x160xf32>, index, index, index, index, f32) -> vector<32xf32>
    "vector.transfer_write"(%3596, %1431, %arg964, %arg965, %arg966, %arg967, %3593) <{in_bounds = [true], operandSegmentSizes = array<i32: 1, 1, 5, 0>, permutation_map = affine_map<(d0, d1, d2, d3, d4) -> (d4)>}> : (vector<32xf32>, memref<80x80x3x3x160xf32>, index, index, index, index, index) -> ()
    "scf.yield"() : () -> ()
  }) : (index, index, index) -> ()
  "scf.reduce"() : () -> ()
}) : (index, index, index, index, index, index, index, index, index, index, index, index) -> ()
/tmp/ncnn-compile-274d00/model.capi.mlir:13095:5: error: 'scf.parallel' op remains after parallel lowering; op=scf.parallel
    scf.parallel (%arg3, %arg4) = (%c0, %c0) to (%c80, %c80) step (%c1, %c1) {
    ^
/tmp/ncnn-compile-274d00/model.capi.mlir:13095:5: note: see current operation: 
"scf.parallel"(%1054, %1054, %1068, %1068, %1011, %1011) <{operandSegmentSizes = array<i32: 2, 2, 2, 0>}> ({
^bb0(%arg948: index, %arg949: index):
  "scf.for"(%1054, %1017, %1011) ({
  ^bb0(%arg950: index):
    %3555 = "arith.muli"(%arg950, %1012) <{overflowFlags = #arith.overflow<none>}> : (index, index) -> index
    %3556 = "vector.transfer_read"(%1272, %3555, %1014) <{in_bounds = [true], operandSegmentSizes = array<i32: 1, 1, 1, 0>, permutation_map = affine_map<(d0) -> (d0)>}> : (memref<160xf32>, index, f32) -> vector<32xf32>
    "vector.transfer_write"(%3556, %1422, %1054, %arg948, %arg949, %3555) <{in_bounds = [true], operandSegmentSizes = array<i32: 1, 1, 4, 0>, permutation_map = affine_map<(d0, d1, d2, d3) -> (d3)>}> : (vector<32xf32>, memref<1x80x80x160xf32>, index, index, index, index) -> ()
    "scf.yield"() : () -> ()
  }) : (index, index, index) -> ()
  "scf.reduce"() : () -> ()
}) : (index, index, index, index, index, index) -> ()
/tmp/ncnn-compile-274d00/model.capi.mlir:13202:5: error: 'scf.parallel' op remains after parallel lowering; op=scf.parallel
    scf.parallel (%arg3, %arg4) = (%c0, %c0) to (%c80, %c80) step (%c1, %c1) {
    ^
/tmp/ncnn-compile-274d00/model.capi.mlir:13202:5: note: see current operation: 
"scf.parallel"(%1054, %1054, %1068, %1068, %1011, %1011) <{operandSegmentSizes = array<i32: 2, 2, 2, 0>}> ({
^bb0(%arg928: index, %arg929: index):
  "scf.for"(%1054, %1017, %1011) ({
  ^bb0(%arg930: index):
    %3517 = "arith.muli"(%arg930, %1012) <{overflowFlags = #arith.overflow<none>}> : (index, index) -> index
    %3518 = "vector.transfer_read"(%1428, %1054, %arg928, %arg929, %3517, %1014) <{in_bounds = [true], operandSegmentSizes = array<i32: 1, 4, 1, 0>, permutation_map = affine_map<(d0, d1, d2, d3) -> (d3)>}> : (memref<1x80x80x160xf32>, index, index, index, index, f32) -> vector<32xf32>
    "vector.transfer_write"(%3518, %1617, %1054, %arg928, %arg929, %3517) <{in_bounds = [true], operandSegmentSizes = array<i32: 1, 1, 4, 0>, permutation_map = affine_map<(d0, d1, d2, d3) -> (d3)>}> : (vector<32xf32>, memref<1x80x80x160xf32, strided<[1075840, 13120, 160, 1], offset: 13280>>, index, index, index, index) -> ()
    "scf.yield"() : () -> ()
  }) : (index, index, index) -> ()
  "scf.reduce"() : () -> ()
}) : (index, index, index, index, index, index) -> ()
/tmp/ncnn-compile-274d00/model.capi.mlir:13215:5: error: 'scf.parallel' op remains after parallel lowering; op=scf.parallel
    scf.parallel (%arg3, %arg4) = (%c0, %c0) to (%c80, %c80) step (%c1, %c1) {
    ^
/tmp/ncnn-compile-274d00/model.capi.mlir:13215:5: note: see current operation: 
"scf.parallel"(%1054, %1054, %1068, %1068, %1011, %1011) <{operandSegmentSizes = array<i32: 2, 2, 2, 0>}> ({
^bb0(%arg925: index, %arg926: index):
  "scf.for"(%1054, %1017, %1011) ({
  ^bb0(%arg927: index):
    %3515 = "arith.muli"(%arg927, %1012) <{overflowFlags = #arith.overflow<none>}> : (index, index) -> index
    %3516 = "vector.transfer_read"(%1271, %3515, %1014) <{in_bounds = [true], operandSegmentSizes = array<i32: 1, 1, 1, 0>, permutation_map = affine_map<(d0) -> (d0)>}> : (memref<160xf32>, index, f32) -> vector<32xf32>
    "vector.transfer_write"(%3516, %1422, %1054, %arg925, %arg926, %3515) <{in_bounds = [true], operandSegmentSizes = array<i32: 1, 1, 4, 0>, permutation_map = affine_map<(d0, d1, d2, d3) -> (d3)>}> : (vector<32xf32>, memref<1x80x80x160xf32>, index, index, index, index) -> ()
    "scf.yield"() : () -> ()
  }) : (index, index, index) -> ()
  "scf.reduce"() : () -> ()
}) : (index, index, index, index, index, index) -> ()
/tmp/ncnn-compile-274d00/model.capi.mlir:13228:5: error: 'scf.parallel' op remains after parallel lowering; op=scf.parallel
    scf.parallel (%arg3, %arg4, %arg5, %arg6) = (%c0, %c0, %c0, %c0) to (%c80, %c80, %c3, %c3) step (%c1, %c1, %c1, %c1) {
    ^
/tmp/ncnn-compile-274d00/model.capi.mlir:13228:5: note: see current operation: 
"scf.parallel"(%1054, %1054, %1054, %1054, %1068, %1068, %1062, %1062, %1011, %1011, %1011, %1011) <{operandSegmentSizes = array<i32: 4, 4, 4, 0>}> ({
^bb0(%arg920: index, %arg921: index, %arg922: index, %arg923: index):
  "scf.for"(%1054, %1017, %1011) ({
  ^bb0(%arg924: index):
    %3511 = "arith.muli"(%arg924, %1012) <{overflowFlags = #arith.overflow<none>}> : (index, index) -> index
    %3512 = "affine.apply"(%arg920, %arg922) <{map = affine_map<(d0, d1) -> (d0 + d1)>}> : (index, index) -> index
    %3513 = "affine.apply"(%arg921, %arg923) <{map = affine_map<(d0, d1) -> (d0 + d1)>}> : (index, index) -> index
    %3514 = "vector.transfer_read"(%1616, %1054, %3512, %3513, %3511, %1014) <{in_bounds = [true], operandSegmentSizes = array<i32: 1, 4, 1, 0>, permutation_map = affine_map<(d0, d1, d2, d3) -> (d3)>}> : (memref<1x82x82x160xf32>, index, index, index, index, f32) -> vector<32xf32>
    "vector.transfer_write"(%3514, %1431, %arg920, %arg921, %arg922, %arg923, %3511) <{in_bounds = [true], operandSegmentSizes = array<i32: 1, 1, 5, 0>, permutation_map = affine_map<(d0, d1, d2, d3, d4) -> (d4)>}> : (vector<32xf32>, memref<80x80x3x3x160xf32>, index, index, index, index, index) -> ()
    "scf.yield"() : () -> ()
  }) : (index, index, index) -> ()
  "scf.reduce"() : () -> ()
}) : (index, index, index, index, index, index, index, index, index, index, index, index) -> ()
/tmp/ncnn-compile-274d00/model.capi.mlir:13319:5: error: 'scf.parallel' op remains after parallel lowering; op=scf.parallel
    scf.parallel (%arg3, %arg4) = (%c0, %c0) to (%c80, %c80) step (%c1, %c1) {
    ^
/tmp/ncnn-compile-274d00/model.capi.mlir:13319:5: note: see current operation: 
"scf.parallel"(%1054, %1054, %1068, %1068, %1011, %1011) <{operandSegmentSizes = array<i32: 2, 2, 2, 0>}> ({
^bb0(%arg904: index, %arg905: index):
  "scf.for"(%1054, %1017, %1011) ({
  ^bb0(%arg906: index):
    %3473 = "arith.muli"(%arg906, %1012) <{overflowFlags = #arith.overflow<none>}> : (index, index) -> index
    %3474 = "vector.transfer_read"(%1270, %3473, %1014) <{in_bounds = [true], operandSegmentSizes = array<i32: 1, 1, 1, 0>, permutation_map = affine_map<(d0) -> (d0)>}> : (memref<160xf32>, index, f32) -> vector<32xf32>
    "vector.transfer_write"(%3474, %1422, %1054, %arg904, %arg905, %3473) <{in_bounds = [true], operandSegmentSizes = array<i32: 1, 1, 4, 0>, permutation_map = affine_map<(d0, d1, d2, d3) -> (d3)>}> : (vector<32xf32>, memref<1x80x80x160xf32>, index, index, index, index) -> ()
    "scf.yield"() : () -> ()
  }) : (index, index, index) -> ()
  "scf.reduce"() : () -> ()
}) : (index, index, index, index, index, index) -> ()
/tmp/ncnn-compile-274d00/model.capi.mlir:13426:5: error: 'scf.parallel' op remains after parallel lowering; op=scf.parallel
    scf.parallel (%arg3, %arg4) = (%c0, %c0) to (%c80, %c80) step (%c1, %c1) {
    ^
/tmp/ncnn-compile-274d00/model.capi.mlir:13426:5: note: see current operation: 
"scf.parallel"(%1054, %1054, %1068, %1068, %1011, %1011) <{operandSegmentSizes = array<i32: 2, 2, 2, 0>}> ({
^bb0(%arg884: index, %arg885: index):
  "scf.for"(%1054, %1017, %1011) ({
  ^bb0(%arg886: index):
    %3435 = "arith.muli"(%arg886, %1012) <{overflowFlags = #arith.overflow<none>}> : (index, index) -> index
    %3436 = "vector.transfer_read"(%1428, %1054, %arg884, %arg885, %3435, %1014) <{in_bounds = [true], operandSegmentSizes = array<i32: 1, 4, 1, 0>, permutation_map = affine_map<(d0, d1, d2, d3) -> (d3)>}> : (memref<1x80x80x160xf32>, index, index, index, index, f32) -> vector<32xf32>
    "vector.transfer_write"(%3436, %1619, %1054, %arg884, %arg885, %3435) <{in_bounds = [true], operandSegmentSizes = array<i32: 1, 1, 4, 0>, permutation_map = affine_map<(d0, d1, d2, d3) -> (d3)>}> : (vector<32xf32>, memref<1x80x80x160xf32, strided<[1075840, 13120, 160, 1], offset: 13280>>, index, index, index, index) -> ()
    "scf.yield"() : () -> ()
  }) : (index, index, index) -> ()
  "scf.reduce"() : () -> ()
}) : (index, index, index, index, index, index) -> ()
/tmp/ncnn-compile-274d00/model.capi.mlir:13439:5: error: 'scf.parallel' op remains after parallel lowering; op=scf.parallel
    scf.parallel (%arg3, %arg4) = (%c0, %c0) to (%c80, %c80) step (%c1, %c1) {
    ^
/tmp/ncnn-compile-274d00/model.capi.mlir:13439:5: note: see current operation: 
"scf.parallel"(%1054, %1054, %1068, %1068, %1011, %1011) <{operandSegmentSizes = array<i32: 2, 2, 2, 0>}> ({
^bb0(%arg881: index, %arg882: index):
  "scf.for"(%1054, %1017, %1011) ({
  ^bb0(%arg883: index):
    %3433 = "arith.muli"(%arg883, %1012) <{overflowFlags = #arith.overflow<none>}> : (index, index) -> index
    %3434 = "vector.transfer_read"(%1269, %3433, %1014) <{in_bounds = [true], operandSegmentSizes = array<i32: 1, 1, 1, 0>, permutation_map = affine_map<(d0) -> (d0)>}> : (memref<160xf32>, index, f32) -> vector<32xf32>
    "vector.transfer_write"(%3434, %1422, %1054, %arg881, %arg882, %3433) <{in_bounds = [true], operandSegmentSizes = array<i32: 1, 1, 4, 0>, permutation_map = affine_map<(d0, d1, d2, d3) -> (d3)>}> : (vector<32xf32>, memref<1x80x80x160xf32>, index, index, index, index) -> ()
    "scf.yield"() : () -> ()
  }) : (index, index, index) -> ()
  "scf.reduce"() : () -> ()
}) : (index, index, index, index, index, index) -> ()
/tmp/ncnn-compile-274d00/model.capi.mlir:13452:5: error: 'scf.parallel' op remains after parallel lowering; op=scf.parallel
    scf.parallel (%arg3, %arg4, %arg5, %arg6) = (%c0, %c0, %c0, %c0) to (%c80, %c80, %c3, %c3) step (%c1, %c1, %c1, %c1) {
    ^
/tmp/ncnn-compile-274d00/model.capi.mlir:13452:5: note: see current operation: 
"scf.parallel"(%1054, %1054, %1054, %1054, %1068, %1068, %1062, %1062, %1011, %1011, %1011, %1011) <{operandSegmentSizes = array<i32: 4, 4, 4, 0>}> ({
^bb0(%arg876: index, %arg877: index, %arg878: index, %arg879: index):
  "scf.for"(%1054, %1017, %1011) ({
  ^bb0(%arg880: index):
    %3429 = "arith.muli"(%arg880, %1012) <{overflowFlags = #arith.overflow<none>}> : (index, index) -> index
    %3430 = "affine.apply"(%arg876, %arg878) <{map = affine_map<(d0, d1) -> (d0 + d1)>}> : (index, index) -> index
    %3431 = "affine.apply"(%arg877, %arg879) <{map = affine_map<(d0, d1) -> (d0 + d1)>}> : (index, index) -> index
    %3432 = "vector.transfer_read"(%1618, %1054, %3430, %3431, %3429, %1014) <{in_bounds = [true], operandSegmentSizes = array<i32: 1, 4, 1, 0>, permutation_map = affine_map<(d0, d1, d2, d3) -> (d3)>}> : (memref<1x82x82x160xf32>, index, index, index, index, f32) -> vector<32xf32>
    "vector.transfer_write"(%3432, %1431, %arg876, %arg877, %arg878, %arg879, %3429) <{in_bounds = [true], operandSegmentSizes = array<i32: 1, 1, 5, 0>, permutation_map = affine_map<(d0, d1, d2, d3, d4) -> (d4)>}> : (vector<32xf32>, memref<80x80x3x3x160xf32>, index, index, index, index, index) -> ()
    "scf.yield"() : () -> ()
  }) : (index, index, index) -> ()
  "scf.reduce"() : () -> ()
}) : (index, index, index, index, index, index, index, index, index, index, index, index) -> ()
/tmp/ncnn-compile-274d00/model.capi.mlir:13551:5: error: 'scf.parallel' op remains after parallel lowering; op=scf.parallel
    scf.parallel (%arg3, %arg4) = (%c0, %c0) to (%c80, %c80) step (%c1, %c1) {
    ^
/tmp/ncnn-compile-274d00/model.capi.mlir:13551:5: note: see current operation: 
"scf.parallel"(%1054, %1054, %1068, %1068, %1011, %1011) <{operandSegmentSizes = array<i32: 2, 2, 2, 0>}> ({
^bb0(%arg860: index, %arg861: index):
  "scf.for"(%1054, %1017, %1011) ({
  ^bb0(%arg862: index):
    %3391 = "arith.muli"(%arg862, %1012) <{overflowFlags = #arith.overflow<none>}> : (index, index) -> index
    %3392 = "vector.transfer_read"(%1268, %3391, %1014) <{in_bounds = [true], operandSegmentSizes = array<i32: 1, 1, 1, 0>, permutation_map = affine_map<(d0) -> (d0)>}> : (memref<160xf32>, index, f32) -> vector<32xf32>
    "vector.transfer_write"(%3392, %1422, %1054, %arg860, %arg861, %3391) <{in_bounds = [true], operandSegmentSizes = array<i32: 1, 1, 4, 0>, permutation_map = affine_map<(d0, d1, d2, d3) -> (d3)>}> : (vector<32xf32>, memref<1x80x80x160xf32>, index, index, index, index) -> ()
    "scf.yield"() : () -> ()
  }) : (index, index, index) -> ()
  "scf.reduce"() : () -> ()
}) : (index, index, index, index, index, index) -> ()
/tmp/ncnn-compile-274d00/model.capi.mlir:13648:5: error: 'scf.parallel' op remains after parallel lowering; op=scf.parallel
    scf.parallel (%arg3, %arg4) = (%c0, %c0) to (%c80, %c80) step (%c1, %c1) {
    ^
/tmp/ncnn-compile-274d00/model.capi.mlir:13648:5: note: see current operation: 
"scf.parallel"(%1054, %1054, %1068, %1068, %1011, %1011) <{operandSegmentSizes = array<i32: 2, 2, 2, 0>}> ({
^bb0(%arg844: index, %arg845: index):
  "scf.for"(%1054, %1017, %1011) ({
  ^bb0(%arg846: index):
    %3353 = "arith.muli"(%arg846, %1012) <{overflowFlags = #arith.overflow<none>}> : (index, index) -> index
    %3354 = "vector.transfer_read"(%1621, %1054, %arg844, %arg845, %3353, %1014) <{in_bounds = [true], operandSegmentSizes = array<i32: 1, 4, 1, 0>, permutation_map = affine_map<(d0, d1, d2, d3) -> (d3)>}> : (memref<1x80x80x160xf32>, index, index, index, index, f32) -> vector<32xf32>
    "vector.transfer_write"(%3354, %1623, %1054, %arg844, %arg845, %3353) <{in_bounds = [true], operandSegmentSizes = array<i32: 1, 1, 4, 0>, permutation_map = affine_map<(d0, d1, d2, d3) -> (d3)>}> : (vector<32xf32>, memref<1x80x80x160xf32, strided<[2048000, 25600, 320, 1]>>, index, index, index, index) -> ()
    "scf.yield"() : () -> ()
  }) : (index, index, index) -> ()
  "scf.reduce"() : () -> ()
}) : (index, index, index, index, index, index) -> ()
/tmp/ncnn-compile-274d00/model.capi.mlir:13662:5: error: 'scf.parallel' op remains after parallel lowering; op=scf.parallel
    scf.parallel (%arg3, %arg4) = (%c0, %c0) to (%c80, %c80) step (%c1, %c1) {
    ^
/tmp/ncnn-compile-274d00/model.capi.mlir:13662:5: note: see current operation: 
"scf.parallel"(%1054, %1054, %1068, %1068, %1011, %1011) <{operandSegmentSizes = array<i32: 2, 2, 2, 0>}> ({
^bb0(%arg841: index, %arg842: index):
  "scf.for"(%1054, %1017, %1011) ({
  ^bb0(%arg843: index):
    %3351 = "arith.muli"(%arg843, %1012) <{overflowFlags = #arith.overflow<none>}> : (index, index) -> index
    %3352 = "vector.transfer_read"(%1428, %1054, %arg841, %arg842, %3351, %1014) <{in_bounds = [true], operandSegmentSizes = array<i32: 1, 4, 1, 0>, permutation_map = affine_map<(d0, d1, d2, d3) -> (d3)>}> : (memref<1x80x80x160xf32>, index, index, index, index, f32) -> vector<32xf32>
    "vector.transfer_write"(%3352, %1624, %1054, %arg841, %arg842, %3351) <{in_bounds = [true], operandSegmentSizes = array<i32: 1, 1, 4, 0>, permutation_map = affine_map<(d0, d1, d2, d3) -> (d3)>}> : (vector<32xf32>, memref<1x80x80x160xf32, strided<[2048000, 25600, 320, 1], offset: 160>>, index, index, index, index) -> ()
    "scf.yield"() : () -> ()
  }) : (index, index, index) -> ()
  "scf.reduce"() : () -> ()
}) : (index, index, index, index, index, index) -> ()
/tmp/ncnn-compile-274d00/model.capi.mlir:13675:5: error: 'scf.parallel' op remains after parallel lowering; op=scf.parallel
    scf.parallel (%arg3, %arg4) = (%c0, %c0) to (%c80, %c80) step (%c1, %c1) {
    ^
/tmp/ncnn-compile-274d00/model.capi.mlir:13675:5: note: see current operation: 
"scf.parallel"(%1054, %1054, %1068, %1068, %1011, %1011) <{operandSegmentSizes = array<i32: 2, 2, 2, 0>}> ({
^bb0(%arg838: index, %arg839: index):
  "scf.for"(%1054, %1018, %1011) ({
  ^bb0(%arg840: index):
    %3349 = "arith.muli"(%arg840, %1012) <{overflowFlags = #arith.overflow<none>}> : (index, index) -> index
    %3350 = "vector.transfer_read"(%1267, %3349, %1014) <{in_bounds = [true], operandSegmentSizes = array<i32: 1, 1, 1, 0>, permutation_map = affine_map<(d0) -> (d0)>}> : (memref<320xf32>, index, f32) -> vector<32xf32>
    "vector.transfer_write"(%3350, %1421, %1054, %arg838, %arg839, %3349) <{in_bounds = [true], operandSegmentSizes = array<i32: 1, 1, 4, 0>, permutation_map = affine_map<(d0, d1, d2, d3) -> (d3)>}> : (vector<32xf32>, memref<1x80x80x320xf32>, index, index, index, index) -> ()
    "scf.yield"() : () -> ()
  }) : (index, index, index) -> ()
  "scf.reduce"() : () -> ()
}) : (index, index, index, index, index, index) -> ()
/tmp/ncnn-compile-274d00/model.capi.mlir:13791:5: error: 'scf.parallel' op remains after parallel lowering; op=scf.parallel
    scf.parallel (%arg3, %arg4) = (%c0, %c0) to (%c80, %c80) step (%c1, %c1) {
    ^
/tmp/ncnn-compile-274d00/model.capi.mlir:13791:5: note: see current operation: 
"scf.parallel"(%1054, %1054, %1068, %1068, %1011, %1011) <{operandSegmentSizes = array<i32: 2, 2, 2, 0>}> ({
^bb0(%arg818: index, %arg819: index):
  "scf.for"(%1054, %1018, %1011) ({
  ^bb0(%arg820: index):
    %3311 = "arith.muli"(%arg820, %1012) <{overflowFlags = #arith.overflow<none>}> : (index, index) -> index
    %3312 = "vector.transfer_read"(%1627, %1054, %arg818, %arg819, %3311, %1014) <{in_bounds = [true], operandSegmentSizes = array<i32: 1, 4, 1, 0>, permutation_map = affine_map<(d0, d1, d2, d3) -> (d3)>}> : (memref<1x80x80x320xf32>, index, index, index, index, f32) -> vector<32xf32>
    "vector.transfer_write"(%3312, %1629, %1054, %arg818, %arg819, %3311) <{in_bounds = [true], operandSegmentSizes = array<i32: 1, 1, 4, 0>, permutation_map = affine_map<(d0, d1, d2, d3) -> (d3)>}> : (vector<32xf32>, memref<1x80x80x320xf32, strided<[2204480, 26560, 320, 1], offset: 26880>>, index, index, index, index) -> ()
    "scf.yield"() : () -> ()
  }) : (index, index, index) -> ()
  "scf.reduce"() : () -> ()
}) : (index, index, index, index, index, index) -> ()
/tmp/ncnn-compile-274d00/model.capi.mlir:13812:5: error: 'scf.parallel' op remains after parallel lowering; op=scf.parallel
    scf.parallel (%arg3, %arg4) = (%c0, %c0) to (%c41, %c41) step (%c1, %c1) {
    ^
/tmp/ncnn-compile-274d00/model.capi.mlir:13812:5: note: see current operation: 
"scf.parallel"(%1054, %1054, %1073, %1073, %1011, %1011) <{operandSegmentSizes = array<i32: 2, 2, 2, 0>}> ({
^bb0(%arg815: index, %arg816: index):
  "scf.for"(%1054, %1018, %1011) ({
  ^bb0(%arg817: index):
    %3309 = "arith.muli"(%arg817, %1012) <{overflowFlags = #arith.overflow<none>}> : (index, index) -> index
    %3310 = "vector.transfer_read"(%1266, %3309, %1014) <{in_bounds = [true], operandSegmentSizes = array<i32: 1, 1, 1, 0>, permutation_map = affine_map<(d0) -> (d0)>}> : (memref<320xf32>, index, f32) -> vector<32xf32>
    "vector.transfer_write"(%3310, %1630, %1054, %arg815, %arg816, %3309) <{in_bounds = [true], operandSegmentSizes = array<i32: 1, 1, 4, 0>, permutation_map = affine_map<(d0, d1, d2, d3) -> (d3)>}> : (vector<32xf32>, memref<1x41x41x320xf32>, index, index, index, index) -> ()
    "scf.yield"() : () -> ()
  }) : (index, index, index) -> ()
  "scf.reduce"() : () -> ()
}) : (index, index, index, index, index, index) -> ()
/tmp/ncnn-compile-274d00/model.capi.mlir:13826:5: error: 'scf.parallel' op remains after parallel lowering; op=scf.parallel
    scf.parallel (%arg3, %arg4, %arg5, %arg6) = (%c0, %c0, %c0, %c0) to (%c41, %c41, %c3, %c3) step (%c1, %c1, %c1, %c1) {
    ^
/tmp/ncnn-compile-274d00/model.capi.mlir:13826:5: note: see current operation: 
"scf.parallel"(%1054, %1054, %1054, %1054, %1073, %1073, %1062, %1062, %1011, %1011, %1011, %1011) <{operandSegmentSizes = array<i32: 4, 4, 4, 0>}> ({
^bb0(%arg810: index, %arg811: index, %arg812: index, %arg813: index):
  "scf.for"(%1054, %1018, %1011) ({
  ^bb0(%arg814: index):
    %3305 = "arith.muli"(%arg814, %1012) <{overflowFlags = #arith.overflow<none>}> : (index, index) -> index
    %3306 = "affine.apply"(%arg810, %arg812) <{map = affine_map<(d0, d1) -> (d0 * 2 + d1)>}> : (index, index) -> index
    %3307 = "affine.apply"(%arg811, %arg813) <{map = affine_map<(d0, d1) -> (d0 * 2 + d1)>}> : (index, index) -> index
    %3308 = "vector.transfer_read"(%1628, %1054, %3306, %3307, %3305, %1014) <{in_bounds = [true], operandSegmentSizes = array<i32: 1, 4, 1, 0>, permutation_map = affine_map<(d0, d1, d2, d3) -> (d3)>}> : (memref<1x83x83x320xf32>, index, index, index, index, f32) -> vector<32xf32>
    "vector.transfer_write"(%3308, %1472, %arg810, %arg811, %arg812, %arg813, %3305) <{in_bounds = [true], operandSegmentSizes = array<i32: 1, 1, 5, 0>, permutation_map = affine_map<(d0, d1, d2, d3, d4) -> (d4)>}> : (vector<32xf32>, memref<41x41x3x3x320xf32>, index, index, index, index, index) -> ()
    "scf.yield"() : () -> ()
  }) : (index, index, index) -> ()
  "scf.reduce"() : () -> ()
}) : (index, index, index, index, index, index, index, index, index, index, index, index) -> ()
/tmp/ncnn-compile-274d00/model.capi.mlir:13928:5: error: 'scf.parallel' op remains after parallel lowering; op=scf.parallel
    scf.parallel (%arg3, %arg4) = (%c0, %c0) to (%c40, %c40) step (%c1, %c1) {
    ^
/tmp/ncnn-compile-274d00/model.capi.mlir:13928:5: note: see current operation: 
"scf.parallel"(%1054, %1054, %1020, %1020, %1011, %1011) <{operandSegmentSizes = array<i32: 2, 2, 2, 0>}> ({
^bb0(%arg791: index, %arg792: index):
  "scf.for"(%1054, %1018, %1011) ({
  ^bb0(%arg793: index):
    %3262 = "arith.muli"(%arg793, %1012) <{overflowFlags = #arith.overflow<none>}> : (index, index) -> index
    %3263 = "vector.transfer_read"(%1476, %1054, %arg791, %arg792, %3262, %1014) <{in_bounds = [true], operandSegmentSizes = array<i32: 1, 4, 1, 0>, permutation_map = affine_map<(d0, d1, d2, d3) -> (d3)>}> : (memref<1x40x40x320xf32>, index, index, index, index, f32) -> vector<32xf32>
    "vector.transfer_write"(%3263, %1633, %1054, %arg791, %arg792, %3262) <{in_bounds = [true], operandSegmentSizes = array<i32: 1, 1, 4, 0>, permutation_map = affine_map<(d0, d1, d2, d3) -> (d3)>}> : (vector<32xf32>, memref<1x40x40x320xf32, strided<[1024000, 25600, 640, 1]>>, index, index, index, index) -> ()
    "scf.yield"() : () -> ()
  }) : (index, index, index) -> ()
  "scf.reduce"() : () -> ()
}) : (index, index, index, index, index, index) -> ()
/tmp/ncnn-compile-274d00/model.capi.mlir:13942:5: error: 'scf.parallel' op remains after parallel lowering; op=scf.parallel
    scf.parallel (%arg3, %arg4) = (%c0, %c0) to (%c40, %c40) step (%c1, %c1) {
    ^
/tmp/ncnn-compile-274d00/model.capi.mlir:13942:5: note: see current operation: 
"scf.parallel"(%1054, %1054, %1020, %1020, %1011, %1011) <{operandSegmentSizes = array<i32: 2, 2, 2, 0>}> ({
^bb0(%arg788: index, %arg789: index):
  "scf.for"(%1054, %1018, %1011) ({
  ^bb0(%arg790: index):
    %3260 = "arith.muli"(%arg790, %1012) <{overflowFlags = #arith.overflow<none>}> : (index, index) -> index
    %3261 = "vector.transfer_read"(%1482, %1054, %arg788, %arg789, %3260, %1014) <{in_bounds = [true], operandSegmentSizes = array<i32: 1, 4, 1, 0>, permutation_map = affine_map<(d0, d1, d2, d3) -> (d3)>}> : (memref<1x40x40x320xf32>, index, index, index, index, f32) -> vector<32xf32>
    "vector.transfer_write"(%3261, %1634, %1054, %arg788, %arg789, %3260) <{in_bounds = [true], operandSegmentSizes = array<i32: 1, 1, 4, 0>, permutation_map = affine_map<(d0, d1, d2, d3) -> (d3)>}> : (vector<32xf32>, memref<1x40x40x320xf32, strided<[1024000, 25600, 640, 1], offset: 320>>, index, index, index, index) -> ()
    "scf.yield"() : () -> ()
  }) : (index, index, index) -> ()
  "scf.reduce"() : () -> ()
}) : (index, index, index, index, index, index) -> ()
/tmp/ncnn-compile-274d00/model.capi.mlir:13955:5: error: 'scf.parallel' op remains after parallel lowering; op=scf.parallel
    scf.parallel (%arg3, %arg4) = (%c0, %c0) to (%c40, %c40) step (%c1, %c1) {
    ^
/tmp/ncnn-compile-274d00/model.capi.mlir:13955:5: note: see current operation: 
"scf.parallel"(%1054, %1054, %1020, %1020, %1011, %1011) <{operandSegmentSizes = array<i32: 2, 2, 2, 0>}> ({
^bb0(%arg785: index, %arg786: index):
  "scf.for"(%1054, %1018, %1011) ({
  ^bb0(%arg787: index):
    %3258 = "arith.muli"(%arg787, %1012) <{overflowFlags = #arith.overflow<none>}> : (index, index) -> index
    %3259 = "vector.transfer_read"(%1265, %3258, %1014) <{in_bounds = [true], operandSegmentSizes = array<i32: 1, 1, 1, 0>, permutation_map = affine_map<(d0) -> (d0)>}> : (memref<320xf32>, index, f32) -> vector<32xf32>
    "vector.transfer_write"(%3259, %1476, %1054, %arg785, %arg786, %3258) <{in_bounds = [true], operandSegmentSizes = array<i32: 1, 1, 4, 0>, permutation_map = affine_map<(d0, d1, d2, d3) -> (d3)>}> : (vector<32xf32>, memref<1x40x40x320xf32>, index, index, index, index) -> ()
    "scf.yield"() : () -> ()
  }) : (index, index, index) -> ()
  "scf.reduce"() : () -> ()
}) : (index, index, index, index, index, index) -> ()
/tmp/ncnn-compile-274d00/model.capi.mlir:14044:5: error: 'scf.parallel' op remains after parallel lowering; op=scf.parallel
    scf.parallel (%arg3, %arg4) = (%c0, %c0) to (%c40, %c40) step (%c1, %c1) {
    ^
/tmp/ncnn-compile-274d00/model.capi.mlir:14044:5: note: see current operation: 
"scf.parallel"(%1054, %1054, %1020, %1020, %1011, %1011) <{operandSegmentSizes = array<i32: 2, 2, 2, 0>}> ({
^bb0(%arg769: index, %arg770: index):
  "scf.for"(%1054, %1018, %1011) ({
  ^bb0(%arg771: index):
    %3220 = "arith.muli"(%arg771, %1012) <{overflowFlags = #arith.overflow<none>}> : (index, index) -> index
    %3221 = "vector.transfer_read"(%1264, %3220, %1014) <{in_bounds = [true], operandSegmentSizes = array<i32: 1, 1, 1, 0>, permutation_map = affine_map<(d0) -> (d0)>}> : (memref<320xf32>, index, f32) -> vector<32xf32>
    "vector.transfer_write"(%3221, %1476, %1054, %arg769, %arg770, %3220) <{in_bounds = [true], operandSegmentSizes = array<i32: 1, 1, 4, 0>, permutation_map = affine_map<(d0, d1, d2, d3) -> (d3)>}> : (vector<32xf32>, memref<1x40x40x320xf32>, index, index, index, index) -> ()
    "scf.yield"() : () -> ()
  }) : (index, index, index) -> ()
  "scf.reduce"() : () -> ()
}) : (index, index, index, index, index, index) -> ()
/tmp/ncnn-compile-274d00/model.capi.mlir:14151:5: error: 'scf.parallel' op remains after parallel lowering; op=scf.parallel
    scf.parallel (%arg3, %arg4) = (%c0, %c0) to (%c40, %c40) step (%c1, %c1) {
    ^
/tmp/ncnn-compile-274d00/model.capi.mlir:14151:5: note: see current operation: 
"scf.parallel"(%1054, %1054, %1020, %1020, %1011, %1011) <{operandSegmentSizes = array<i32: 2, 2, 2, 0>}> ({
^bb0(%arg749: index, %arg750: index):
  "scf.for"(%1054, %1018, %1011) ({
  ^bb0(%arg751: index):
    %3182 = "arith.muli"(%arg751, %1012) <{overflowFlags = #arith.overflow<none>}> : (index, index) -> index
    %3183 = "vector.transfer_read"(%1482, %1054, %arg749, %arg750, %3182, %1014) <{in_bounds = [true], operandSegmentSizes = array<i32: 1, 4, 1, 0>, permutation_map = affine_map<(d0, d1, d2, d3) -> (d3)>}> : (memref<1x40x40x320xf32>, index, index, index, index, f32) -> vector<32xf32>
    "vector.transfer_write"(%3183, %1636, %1054, %arg749, %arg750, %3182) <{in_bounds = [true], operandSegmentSizes = array<i32: 1, 1, 4, 0>, permutation_map = affine_map<(d0, d1, d2, d3) -> (d3)>}> : (vector<32xf32>, memref<1x40x40x320xf32, strided<[564480, 13440, 320, 1], offset: 13760>>, index, index, index, index) -> ()
    "scf.yield"() : () -> ()
  }) : (index, index, index) -> ()
  "scf.reduce"() : () -> ()
}) : (index, index, index, index, index, index) -> ()
/tmp/ncnn-compile-274d00/model.capi.mlir:14164:5: error: 'scf.parallel' op remains after parallel lowering; op=scf.parallel
    scf.parallel (%arg3, %arg4) = (%c0, %c0) to (%c40, %c40) step (%c1, %c1) {
    ^
/tmp/ncnn-compile-274d00/model.capi.mlir:14164:5: note: see current operation: 
"scf.parallel"(%1054, %1054, %1020, %1020, %1011, %1011) <{operandSegmentSizes = array<i32: 2, 2, 2, 0>}> ({
^bb0(%arg746: index, %arg747: index):
  "scf.for"(%1054, %1018, %1011) ({
  ^bb0(%arg748: index):
    %3180 = "arith.muli"(%arg748, %1012) <{overflowFlags = #arith.overflow<none>}> : (index, index) -> index
    %3181 = "vector.transfer_read"(%1263, %3180, %1014) <{in_bounds = [true], operandSegmentSizes = array<i32: 1, 1, 1, 0>, permutation_map = affine_map<(d0) -> (d0)>}> : (memref<320xf32>, index, f32) -> vector<32xf32>
    "vector.transfer_write"(%3181, %1476, %1054, %arg746, %arg747, %3180) <{in_bounds = [true], operandSegmentSizes = array<i32: 1, 1, 4, 0>, permutation_map = affine_map<(d0, d1, d2, d3) -> (d3)>}> : (vector<32xf32>, memref<1x40x40x320xf32>, index, index, index, index) -> ()
    "scf.yield"() : () -> ()
  }) : (index, index, index) -> ()
  "scf.reduce"() : () -> ()
}) : (index, index, index, index, index, index) -> ()
/tmp/ncnn-compile-274d00/model.capi.mlir:14177:5: error: 'scf.parallel' op remains after parallel lowering; op=scf.parallel
    scf.parallel (%arg3, %arg4, %arg5, %arg6) = (%c0, %c0, %c0, %c0) to (%c40, %c40, %c3, %c3) step (%c1, %c1, %c1, %c1) {
    ^
/tmp/ncnn-compile-274d00/model.capi.mlir:14177:5: note: see current operation: 
"scf.parallel"(%1054, %1054, %1054, %1054, %1020, %1020, %1062, %1062, %1011, %1011, %1011, %1011) <{operandSegmentSizes = array<i32: 4, 4, 4, 0>}> ({
^bb0(%arg741: index, %arg742: index, %arg743: index, %arg744: index):
  "scf.for"(%1054, %1018, %1011) ({
  ^bb0(%arg745: index):
    %3176 = "arith.muli"(%arg745, %1012) <{overflowFlags = #arith.overflow<none>}> : (index, index) -> index
    %3177 = "affine.apply"(%arg741, %arg743) <{map = affine_map<(d0, d1) -> (d0 + d1)>}> : (index, index) -> index
    %3178 = "affine.apply"(%arg742, %arg744) <{map = affine_map<(d0, d1) -> (d0 + d1)>}> : (index, index) -> index
    %3179 = "vector.transfer_read"(%1635, %1054, %3177, %3178, %3176, %1014) <{in_bounds = [true], operandSegmentSizes = array<i32: 1, 4, 1, 0>, permutation_map = affine_map<(d0, d1, d2, d3) -> (d3)>}> : (memref<1x42x42x320xf32>, index, index, index, index, f32) -> vector<32xf32>
    "vector.transfer_write"(%3179, %1485, %arg741, %arg742, %arg743, %arg744, %3176) <{in_bounds = [true], operandSegmentSizes = array<i32: 1, 1, 5, 0>, permutation_map = affine_map<(d0, d1, d2, d3, d4) -> (d4)>}> : (vector<32xf32>, memref<40x40x3x3x320xf32>, index, index, index, index, index) -> ()
    "scf.yield"() : () -> ()
  }) : (index, index, index) -> ()
  "scf.reduce"() : () -> ()
}) : (index, index, index, index, index, index, index, index, index, index, index, index) -> ()
/tmp/ncnn-compile-274d00/model.capi.mlir:14268:5: error: 'scf.parallel' op remains after parallel lowering; op=scf.parallel
    scf.parallel (%arg3, %arg4) = (%c0, %c0) to (%c40, %c40) step (%c1, %c1) {
    ^
/tmp/ncnn-compile-274d00/model.capi.mlir:14268:5: note: see current operation: 
"scf.parallel"(%1054, %1054, %1020, %1020, %1011, %1011) <{operandSegmentSizes = array<i32: 2, 2, 2, 0>}> ({
^bb0(%arg725: index, %arg726: index):
  "scf.for"(%1054, %1018, %1011) ({
  ^bb0(%arg727: index):
    %3138 = "arith.muli"(%arg727, %1012) <{overflowFlags = #arith.overflow<none>}> : (index, index) -> index
    %3139 = "vector.transfer_read"(%1262, %3138, %1014) <{in_bounds = [true], operandSegmentSizes = array<i32: 1, 1, 1, 0>, permutation_map = affine_map<(d0) -> (d0)>}> : (memref<320xf32>, index, f32) -> vector<32xf32>
    "vector.transfer_write"(%3139, %1476, %1054, %arg725, %arg726, %3138) <{in_bounds = [true], operandSegmentSizes = array<i32: 1, 1, 4, 0>, permutation_map = affine_map<(d0, d1, d2, d3) -> (d3)>}> : (vector<32xf32>, memref<1x40x40x320xf32>, index, index, index, index) -> ()
    "scf.yield"() : () -> ()
  }) : (index, index, index) -> ()
  "scf.reduce"() : () -> ()
}) : (index, index, index, index, index, index) -> ()
/tmp/ncnn-compile-274d00/model.capi.mlir:14375:5: error: 'scf.parallel' op remains after parallel lowering; op=scf.parallel
    scf.parallel (%arg3, %arg4) = (%c0, %c0) to (%c40, %c40) step (%c1, %c1) {
    ^
/tmp/ncnn-compile-274d00/model.capi.mlir:14375:5: note: see current operation: 
"scf.parallel"(%1054, %1054, %1020, %1020, %1011, %1011) <{operandSegmentSizes = array<i32: 2, 2, 2, 0>}> ({
^bb0(%arg705: index, %arg706: index):
  "scf.for"(%1054, %1018, %1011) ({
  ^bb0(%arg707: index):
    %3100 = "arith.muli"(%arg707, %1012) <{overflowFlags = #arith.overflow<none>}> : (index, index) -> index
    %3101 = "vector.transfer_read"(%1482, %1054, %arg705, %arg706, %3100, %1014) <{in_bounds = [true], operandSegmentSizes = array<i32: 1, 4, 1, 0>, permutation_map = affine_map<(d0, d1, d2, d3) -> (d3)>}> : (memref<1x40x40x320xf32>, index, index, index, index, f32) -> vector<32xf32>
    "vector.transfer_write"(%3101, %1638, %1054, %arg705, %arg706, %3100) <{in_bounds = [true], operandSegmentSizes = array<i32: 1, 1, 4, 0>, permutation_map = affine_map<(d0, d1, d2, d3) -> (d3)>}> : (vector<32xf32>, memref<1x40x40x320xf32, strided<[564480, 13440, 320, 1], offset: 13760>>, index, index, index, index) -> ()
    "scf.yield"() : () -> ()
  }) : (index, index, index) -> ()
  "scf.reduce"() : () -> ()
}) : (index, index, index, index, index, index) -> ()
/tmp/ncnn-compile-274d00/model.capi.mlir:14388:5: error: 'scf.parallel' op remains after parallel lowering; op=scf.parallel
    scf.parallel (%arg3, %arg4) = (%c0, %c0) to (%c40, %c40) step (%c1, %c1) {
    ^
/tmp/ncnn-compile-274d00/model.capi.mlir:14388:5: note: see current operation: 
"scf.parallel"(%1054, %1054, %1020, %1020, %1011, %1011) <{operandSegmentSizes = array<i32: 2, 2, 2, 0>}> ({
^bb0(%arg702: index, %arg703: index):
  "scf.for"(%1054, %1018, %1011) ({
  ^bb0(%arg704: index):
    %3098 = "arith.muli"(%arg704, %1012) <{overflowFlags = #arith.overflow<none>}> : (index, index) -> index
    %3099 = "vector.transfer_read"(%1261, %3098, %1014) <{in_bounds = [true], operandSegmentSizes = array<i32: 1, 1, 1, 0>, permutation_map = affine_map<(d0) -> (d0)>}> : (memref<320xf32>, index, f32) -> vector<32xf32>
    "vector.transfer_write"(%3099, %1476, %1054, %arg702, %arg703, %3098) <{in_bounds = [true], operandSegmentSizes = array<i32: 1, 1, 4, 0>, permutation_map = affine_map<(d0, d1, d2, d3) -> (d3)>}> : (vector<32xf32>, memref<1x40x40x320xf32>, index, index, index, index) -> ()
    "scf.yield"() : () -> ()
  }) : (index, index, index) -> ()
  "scf.reduce"() : () -> ()
}) : (index, index, index, index, index, index) -> ()
/tmp/ncnn-compile-274d00/model.capi.mlir:14401:5: error: 'scf.parallel' op remains after parallel lowering; op=scf.parallel
    scf.parallel (%arg3, %arg4, %arg5, %arg6) = (%c0, %c0, %c0, %c0) to (%c40, %c40, %c3, %c3) step (%c1, %c1, %c1, %c1) {
    ^
/tmp/ncnn-compile-274d00/model.capi.mlir:14401:5: note: see current operation: 
"scf.parallel"(%1054, %1054, %1054, %1054, %1020, %1020, %1062, %1062, %1011, %1011, %1011, %1011) <{operandSegmentSizes = array<i32: 4, 4, 4, 0>}> ({
^bb0(%arg697: index, %arg698: index, %arg699: index, %arg700: index):
  "scf.for"(%1054, %1018, %1011) ({
  ^bb0(%arg701: index):
    %3094 = "arith.muli"(%arg701, %1012) <{overflowFlags = #arith.overflow<none>}> : (index, index) -> index
    %3095 = "affine.apply"(%arg697, %arg699) <{map = affine_map<(d0, d1) -> (d0 + d1)>}> : (index, index) -> index
    %3096 = "affine.apply"(%arg698, %arg700) <{map = affine_map<(d0, d1) -> (d0 + d1)>}> : (index, index) -> index
    %3097 = "vector.transfer_read"(%1637, %1054, %3095, %3096, %3094, %1014) <{in_bounds = [true], operandSegmentSizes = array<i32: 1, 4, 1, 0>, permutation_map = affine_map<(d0, d1, d2, d3) -> (d3)>}> : (memref<1x42x42x320xf32>, index, index, index, index, f32) -> vector<32xf32>
    "vector.transfer_write"(%3097, %1485, %arg697, %arg698, %arg699, %arg700, %3094) <{in_bounds = [true], operandSegmentSizes = array<i32: 1, 1, 5, 0>, permutation_map = affine_map<(d0, d1, d2, d3, d4) -> (d4)>}> : (vector<32xf32>, memref<40x40x3x3x320xf32>, index, index, index, index, index) -> ()
    "scf.yield"() : () -> ()
  }) : (index, index, index) -> ()
  "scf.reduce"() : () -> ()
}) : (index, index, index, index, index, index, index, index, index, index, index, index) -> ()
/tmp/ncnn-compile-274d00/model.capi.mlir:14492:5: error: 'scf.parallel' op remains after parallel lowering; op=scf.parallel
    scf.parallel (%arg3, %arg4) = (%c0, %c0) to (%c40, %c40) step (%c1, %c1) {
    ^
/tmp/ncnn-compile-274d00/model.capi.mlir:14492:5: note: see current operation: 
"scf.parallel"(%1054, %1054, %1020, %1020, %1011, %1011) <{operandSegmentSizes = array<i32: 2, 2, 2, 0>}> ({
^bb0(%arg681: index, %arg682: index):
  "scf.for"(%1054, %1018, %1011) ({
  ^bb0(%arg683: index):
    %3056 = "arith.muli"(%arg683, %1012) <{overflowFlags = #arith.overflow<none>}> : (index, index) -> index
    %3057 = "vector.transfer_read"(%1260, %3056, %1014) <{in_bounds = [true], operandSegmentSizes = array<i32: 1, 1, 1, 0>, permutation_map = affine_map<(d0) -> (d0)>}> : (memref<320xf32>, index, f32) -> vector<32xf32>
    "vector.transfer_write"(%3057, %1476, %1054, %arg681, %arg682, %3056) <{in_bounds = [true], operandSegmentSizes = array<i32: 1, 1, 4, 0>, permutation_map = affine_map<(d0, d1, d2, d3) -> (d3)>}> : (vector<32xf32>, memref<1x40x40x320xf32>, index, index, index, index) -> ()
    "scf.yield"() : () -> ()
  }) : (index, index, index) -> ()
  "scf.reduce"() : () -> ()
}) : (index, index, index, index, index, index) -> ()
/tmp/ncnn-compile-274d00/model.capi.mlir:14599:5: error: 'scf.parallel' op remains after parallel lowering; op=scf.parallel
    scf.parallel (%arg3, %arg4) = (%c0, %c0) to (%c40, %c40) step (%c1, %c1) {
    ^
/tmp/ncnn-compile-274d00/model.capi.mlir:14599:5: note: see current operation: 
"scf.parallel"(%1054, %1054, %1020, %1020, %1011, %1011) <{operandSegmentSizes = array<i32: 2, 2, 2, 0>}> ({
^bb0(%arg661: index, %arg662: index):
  "scf.for"(%1054, %1018, %1011) ({
  ^bb0(%arg663: index):
    %3018 = "arith.muli"(%arg663, %1012) <{overflowFlags = #arith.overflow<none>}> : (index, index) -> index
    %3019 = "vector.transfer_read"(%1482, %1054, %arg661, %arg662, %3018, %1014) <{in_bounds = [true], operandSegmentSizes = array<i32: 1, 4, 1, 0>, permutation_map = affine_map<(d0, d1, d2, d3) -> (d3)>}> : (memref<1x40x40x320xf32>, index, index, index, index, f32) -> vector<32xf32>
    "vector.transfer_write"(%3019, %1640, %1054, %arg661, %arg662, %3018) <{in_bounds = [true], operandSegmentSizes = array<i32: 1, 1, 4, 0>, permutation_map = affine_map<(d0, d1, d2, d3) -> (d3)>}> : (vector<32xf32>, memref<1x40x40x320xf32, strided<[564480, 13440, 320, 1], offset: 13760>>, index, index, index, index) -> ()
    "scf.yield"() : () -> ()
  }) : (index, index, index) -> ()
  "scf.reduce"() : () -> ()
}) : (index, index, index, index, index, index) -> ()
/tmp/ncnn-compile-274d00/model.capi.mlir:14612:5: error: 'scf.parallel' op remains after parallel lowering; op=scf.parallel
    scf.parallel (%arg3, %arg4) = (%c0, %c0) to (%c40, %c40) step (%c1, %c1) {
    ^
/tmp/ncnn-compile-274d00/model.capi.mlir:14612:5: note: see current operation: 
"scf.parallel"(%1054, %1054, %1020, %1020, %1011, %1011) <{operandSegmentSizes = array<i32: 2, 2, 2, 0>}> ({
^bb0(%arg658: index, %arg659: index):
  "scf.for"(%1054, %1018, %1011) ({
  ^bb0(%arg660: index):
    %3016 = "arith.muli"(%arg660, %1012) <{overflowFlags = #arith.overflow<none>}> : (index, index) -> index
    %3017 = "vector.transfer_read"(%1259, %3016, %1014) <{in_bounds = [true], operandSegmentSizes = array<i32: 1, 1, 1, 0>, permutation_map = affine_map<(d0) -> (d0)>}> : (memref<320xf32>, index, f32) -> vector<32xf32>
    "vector.transfer_write"(%3017, %1476, %1054, %arg658, %arg659, %3016) <{in_bounds = [true], operandSegmentSizes = array<i32: 1, 1, 4, 0>, permutation_map = affine_map<(d0, d1, d2, d3) -> (d3)>}> : (vector<32xf32>, memref<1x40x40x320xf32>, index, index, index, index) -> ()
    "scf.yield"() : () -> ()
  }) : (index, index, index) -> ()
  "scf.reduce"() : () -> ()
}) : (index, index, index, index, index, index) -> ()
/tmp/ncnn-compile-274d00/model.capi.mlir:14625:5: error: 'scf.parallel' op remains after parallel lowering; op=scf.parallel
    scf.parallel (%arg3, %arg4, %arg5, %arg6) = (%c0, %c0, %c0, %c0) to (%c40, %c40, %c3, %c3) step (%c1, %c1, %c1, %c1) {
    ^
/tmp/ncnn-compile-274d00/model.capi.mlir:14625:5: note: see current operation: 
"scf.parallel"(%1054, %1054, %1054, %1054, %1020, %1020, %1062, %1062, %1011, %1011, %1011, %1011) <{operandSegmentSizes = array<i32: 4, 4, 4, 0>}> ({
^bb0(%arg653: index, %arg654: index, %arg655: index, %arg656: index):
  "scf.for"(%1054, %1018, %1011) ({
  ^bb0(%arg657: index):
    %3012 = "arith.muli"(%arg657, %1012) <{overflowFlags = #arith.overflow<none>}> : (index, index) -> index
    %3013 = "affine.apply"(%arg653, %arg655) <{map = affine_map<(d0, d1) -> (d0 + d1)>}> : (index, index) -> index
    %3014 = "affine.apply"(%arg654, %arg656) <{map = affine_map<(d0, d1) -> (d0 + d1)>}> : (index, index) -> index
    %3015 = "vector.transfer_read"(%1639, %1054, %3013, %3014, %3012, %1014) <{in_bounds = [true], operandSegmentSizes = array<i32: 1, 4, 1, 0>, permutation_map = affine_map<(d0, d1, d2, d3) -> (d3)>}> : (memref<1x42x42x320xf32>, index, index, index, index, f32) -> vector<32xf32>
    "vector.transfer_write"(%3015, %1485, %arg653, %arg654, %arg655, %arg656, %3012) <{in_bounds = [true], operandSegmentSizes = array<i32: 1, 1, 5, 0>, permutation_map = affine_map<(d0, d1, d2, d3, d4) -> (d4)>}> : (vector<32xf32>, memref<40x40x3x3x320xf32>, index, index, index, index, index) -> ()
    "scf.yield"() : () -> ()
  }) : (index, index, index) -> ()
  "scf.reduce"() : () -> ()
}) : (index, index, index, index, index, index, index, index, index, index, index, index) -> ()
/tmp/ncnn-compile-274d00/model.capi.mlir:14716:5: error: 'scf.parallel' op remains after parallel lowering; op=scf.parallel
    scf.parallel (%arg3, %arg4) = (%c0, %c0) to (%c40, %c40) step (%c1, %c1) {
    ^
/tmp/ncnn-compile-274d00/model.capi.mlir:14716:5: note: see current operation: 
"scf.parallel"(%1054, %1054, %1020, %1020, %1011, %1011) <{operandSegmentSizes = array<i32: 2, 2, 2, 0>}> ({
^bb0(%arg637: index, %arg638: index):
  "scf.for"(%1054, %1018, %1011) ({
  ^bb0(%arg639: index):
    %2974 = "arith.muli"(%arg639, %1012) <{overflowFlags = #arith.overflow<none>}> : (index, index) -> index
    %2975 = "vector.transfer_read"(%1258, %2974, %1014) <{in_bounds = [true], operandSegmentSizes = array<i32: 1, 1, 1, 0>, permutation_map = affine_map<(d0) -> (d0)>}> : (memref<320xf32>, index, f32) -> vector<32xf32>
    "vector.transfer_write"(%2975, %1476, %1054, %arg637, %arg638, %2974) <{in_bounds = [true], operandSegmentSizes = array<i32: 1, 1, 4, 0>, permutation_map = affine_map<(d0, d1, d2, d3) -> (d3)>}> : (vector<32xf32>, memref<1x40x40x320xf32>, index, index, index, index) -> ()
    "scf.yield"() : () -> ()
  }) : (index, index, index) -> ()
  "scf.reduce"() : () -> ()
}) : (index, index, index, index, index, index) -> ()
/tmp/ncnn-compile-274d00/model.capi.mlir:14823:5: error: 'scf.parallel' op remains after parallel lowering; op=scf.parallel
    scf.parallel (%arg3, %arg4) = (%c0, %c0) to (%c40, %c40) step (%c1, %c1) {
    ^
/tmp/ncnn-compile-274d00/model.capi.mlir:14823:5: note: see current operation: 
"scf.parallel"(%1054, %1054, %1020, %1020, %1011, %1011) <{operandSegmentSizes = array<i32: 2, 2, 2, 0>}> ({
^bb0(%arg617: index, %arg618: index):
  "scf.for"(%1054, %1018, %1011) ({
  ^bb0(%arg619: index):
    %2936 = "arith.muli"(%arg619, %1012) <{overflowFlags = #arith.overflow<none>}> : (index, index) -> index
    %2937 = "vector.transfer_read"(%1482, %1054, %arg617, %arg618, %2936, %1014) <{in_bounds = [true], operandSegmentSizes = array<i32: 1, 4, 1, 0>, permutation_map = affine_map<(d0, d1, d2, d3) -> (d3)>}> : (memref<1x40x40x320xf32>, index, index, index, index, f32) -> vector<32xf32>
    "vector.transfer_write"(%2937, %1642, %1054, %arg617, %arg618, %2936) <{in_bounds = [true], operandSegmentSizes = array<i32: 1, 1, 4, 0>, permutation_map = affine_map<(d0, d1, d2, d3) -> (d3)>}> : (vector<32xf32>, memref<1x40x40x320xf32, strided<[564480, 13440, 320, 1], offset: 13760>>, index, index, index, index) -> ()
    "scf.yield"() : () -> ()
  }) : (index, index, index) -> ()
  "scf.reduce"() : () -> ()
}) : (index, index, index, index, index, index) -> ()
/tmp/ncnn-compile-274d00/model.capi.mlir:14836:5: error: 'scf.parallel' op remains after parallel lowering; op=scf.parallel
    scf.parallel (%arg3, %arg4) = (%c0, %c0) to (%c40, %c40) step (%c1, %c1) {
    ^
/tmp/ncnn-compile-274d00/model.capi.mlir:14836:5: note: see current operation: 
"scf.parallel"(%1054, %1054, %1020, %1020, %1011, %1011) <{operandSegmentSizes = array<i32: 2, 2, 2, 0>}> ({
^bb0(%arg614: index, %arg615: index):
  "scf.for"(%1054, %1018, %1011) ({
  ^bb0(%arg616: index):
    %2934 = "arith.muli"(%arg616, %1012) <{overflowFlags = #arith.overflow<none>}> : (index, index) -> index
    %2935 = "vector.transfer_read"(%1257, %2934, %1014) <{in_bounds = [true], operandSegmentSizes = array<i32: 1, 1, 1, 0>, permutation_map = affine_map<(d0) -> (d0)>}> : (memref<320xf32>, index, f32) -> vector<32xf32>
    "vector.transfer_write"(%2935, %1476, %1054, %arg614, %arg615, %2934) <{in_bounds = [true], operandSegmentSizes = array<i32: 1, 1, 4, 0>, permutation_map = affine_map<(d0, d1, d2, d3) -> (d3)>}> : (vector<32xf32>, memref<1x40x40x320xf32>, index, index, index, index) -> ()
    "scf.yield"() : () -> ()
  }) : (index, index, index) -> ()
  "scf.reduce"() : () -> ()
}) : (index, index, index, index, index, index) -> ()
/tmp/ncnn-compile-274d00/model.capi.mlir:14849:5: error: 'scf.parallel' op remains after parallel lowering; op=scf.parallel
    scf.parallel (%arg3, %arg4, %arg5, %arg6) = (%c0, %c0, %c0, %c0) to (%c40, %c40, %c3, %c3) step (%c1, %c1, %c1, %c1) {
    ^
/tmp/ncnn-compile-274d00/model.capi.mlir:14849:5: note: see current operation: 
"scf.parallel"(%1054, %1054, %1054, %1054, %1020, %1020, %1062, %1062, %1011, %1011, %1011, %1011) <{operandSegmentSizes = array<i32: 4, 4, 4, 0>}> ({
^bb0(%arg609: index, %arg610: index, %arg611: index, %arg612: index):
  "scf.for"(%1054, %1018, %1011) ({
  ^bb0(%arg613: index):
    %2930 = "arith.muli"(%arg613, %1012) <{overflowFlags = #arith.overflow<none>}> : (index, index) -> index
    %2931 = "affine.apply"(%arg609, %arg611) <{map = affine_map<(d0, d1) -> (d0 + d1)>}> : (index, index) -> index
    %2932 = "affine.apply"(%arg610, %arg612) <{map = affine_map<(d0, d1) -> (d0 + d1)>}> : (index, index) -> index
    %2933 = "vector.transfer_read"(%1641, %1054, %2931, %2932, %2930, %1014) <{in_bounds = [true], operandSegmentSizes = array<i32: 1, 4, 1, 0>, permutation_map = affine_map<(d0, d1, d2, d3) -> (d3)>}> : (memref<1x42x42x320xf32>, index, index, index, index, f32) -> vector<32xf32>
    "vector.transfer_write"(%2933, %1485, %arg609, %arg610, %arg611, %arg612, %2930) <{in_bounds = [true], operandSegmentSizes = array<i32: 1, 1, 5, 0>, permutation_map = affine_map<(d0, d1, d2, d3, d4) -> (d4)>}> : (vector<32xf32>, memref<40x40x3x3x320xf32>, index, index, index, index, index) -> ()
    "scf.yield"() : () -> ()
  }) : (index, index, index) -> ()
  "scf.reduce"() : () -> ()
}) : (index, index, index, index, index, index, index, index, index, index, index, index) -> ()
/tmp/ncnn-compile-274d00/model.capi.mlir:14948:5: error: 'scf.parallel' op remains after parallel lowering; op=scf.parallel
    scf.parallel (%arg3, %arg4) = (%c0, %c0) to (%c40, %c40) step (%c1, %c1) {
    ^
/tmp/ncnn-compile-274d00/model.capi.mlir:14948:5: note: see current operation: 
"scf.parallel"(%1054, %1054, %1020, %1020, %1011, %1011) <{operandSegmentSizes = array<i32: 2, 2, 2, 0>}> ({
^bb0(%arg593: index, %arg594: index):
  "scf.for"(%1054, %1018, %1011) ({
  ^bb0(%arg595: index):
    %2892 = "arith.muli"(%arg595, %1012) <{overflowFlags = #arith.overflow<none>}> : (index, index) -> index
    %2893 = "vector.transfer_read"(%1256, %2892, %1014) <{in_bounds = [true], operandSegmentSizes = array<i32: 1, 1, 1, 0>, permutation_map = affine_map<(d0) -> (d0)>}> : (memref<320xf32>, index, f32) -> vector<32xf32>
    "vector.transfer_write"(%2893, %1476, %1054, %arg593, %arg594, %2892) <{in_bounds = [true], operandSegmentSizes = array<i32: 1, 1, 4, 0>, permutation_map = affine_map<(d0, d1, d2, d3) -> (d3)>}> : (vector<32xf32>, memref<1x40x40x320xf32>, index, index, index, index) -> ()
    "scf.yield"() : () -> ()
  }) : (index, index, index) -> ()
  "scf.reduce"() : () -> ()
}) : (index, index, index, index, index, index) -> ()
/tmp/ncnn-compile-274d00/model.capi.mlir:15045:5: error: 'scf.parallel' op remains after parallel lowering; op=scf.parallel
    scf.parallel (%arg3, %arg4) = (%c0, %c0) to (%c40, %c40) step (%c1, %c1) {
    ^
/tmp/ncnn-compile-274d00/model.capi.mlir:15045:5: note: see current operation: 
"scf.parallel"(%1054, %1054, %1020, %1020, %1011, %1011) <{operandSegmentSizes = array<i32: 2, 2, 2, 0>}> ({
^bb0(%arg577: index, %arg578: index):
  "scf.for"(%1054, %1018, %1011) ({
  ^bb0(%arg579: index):
    %2854 = "arith.muli"(%arg579, %1012) <{overflowFlags = #arith.overflow<none>}> : (index, index) -> index
    %2855 = "vector.transfer_read"(%1644, %1054, %arg577, %arg578, %2854, %1014) <{in_bounds = [true], operandSegmentSizes = array<i32: 1, 4, 1, 0>, permutation_map = affine_map<(d0, d1, d2, d3) -> (d3)>}> : (memref<1x40x40x320xf32>, index, index, index, index, f32) -> vector<32xf32>
    "vector.transfer_write"(%2855, %1646, %1054, %arg577, %arg578, %2854) <{in_bounds = [true], operandSegmentSizes = array<i32: 1, 1, 4, 0>, permutation_map = affine_map<(d0, d1, d2, d3) -> (d3)>}> : (vector<32xf32>, memref<1x40x40x320xf32, strided<[1024000, 25600, 640, 1]>>, index, index, index, index) -> ()
    "scf.yield"() : () -> ()
  }) : (index, index, index) -> ()
  "scf.reduce"() : () -> ()
}) : (index, index, index, index, index, index) -> ()
/tmp/ncnn-compile-274d00/model.capi.mlir:15059:5: error: 'scf.parallel' op remains after parallel lowering; op=scf.parallel
    scf.parallel (%arg3, %arg4) = (%c0, %c0) to (%c40, %c40) step (%c1, %c1) {
    ^
/tmp/ncnn-compile-274d00/model.capi.mlir:15059:5: note: see current operation: 
"scf.parallel"(%1054, %1054, %1020, %1020, %1011, %1011) <{operandSegmentSizes = array<i32: 2, 2, 2, 0>}> ({
^bb0(%arg574: index, %arg575: index):
  "scf.for"(%1054, %1018, %1011) ({
  ^bb0(%arg576: index):
    %2852 = "arith.muli"(%arg576, %1012) <{overflowFlags = #arith.overflow<none>}> : (index, index) -> index
    %2853 = "vector.transfer_read"(%1482, %1054, %arg574, %arg575, %2852, %1014) <{in_bounds = [true], operandSegmentSizes = array<i32: 1, 4, 1, 0>, permutation_map = affine_map<(d0, d1, d2, d3) -> (d3)>}> : (memref<1x40x40x320xf32>, index, index, index, index, f32) -> vector<32xf32>
    "vector.transfer_write"(%2853, %1647, %1054, %arg574, %arg575, %2852) <{in_bounds = [true], operandSegmentSizes = array<i32: 1, 1, 4, 0>, permutation_map = affine_map<(d0, d1, d2, d3) -> (d3)>}> : (vector<32xf32>, memref<1x40x40x320xf32, strided<[1024000, 25600, 640, 1], offset: 320>>, index, index, index, index) -> ()
    "scf.yield"() : () -> ()
  }) : (index, index, index) -> ()
  "scf.reduce"() : () -> ()
}) : (index, index, index, index, index, index) -> ()
/tmp/ncnn-compile-274d00/model.capi.mlir:15072:5: error: 'scf.parallel' op remains after parallel lowering; op=scf.parallel
    scf.parallel (%arg3, %arg4) = (%c0, %c0) to (%c40, %c40) step (%c1, %c1) {
    ^
/tmp/ncnn-compile-274d00/model.capi.mlir:15072:5: note: see current operation: 
"scf.parallel"(%1054, %1054, %1020, %1020, %1011, %1011) <{operandSegmentSizes = array<i32: 2, 2, 2, 0>}> ({
^bb0(%arg571: index, %arg572: index):
  "scf.for"(%1054, %1019, %1011) ({
  ^bb0(%arg573: index):
    %2850 = "arith.muli"(%arg573, %1012) <{overflowFlags = #arith.overflow<none>}> : (index, index) -> index
    %2851 = "vector.transfer_read"(%1255, %2850, %1014) <{in_bounds = [true], operandSegmentSizes = array<i32: 1, 1, 1, 0>, permutation_map = affine_map<(d0) -> (d0)>}> : (memref<640xf32>, index, f32) -> vector<32xf32>
    "vector.transfer_write"(%2851, %1475, %1054, %arg571, %arg572, %2850) <{in_bounds = [true], operandSegmentSizes = array<i32: 1, 1, 4, 0>, permutation_map = affine_map<(d0, d1, d2, d3) -> (d3)>}> : (vector<32xf32>, memref<1x40x40x640xf32>, index, index, index, index) -> ()
    "scf.yield"() : () -> ()
  }) : (index, index, index) -> ()
  "scf.reduce"() : () -> ()
}) : (index, index, index, index, index, index) -> ()
/tmp/ncnn-compile-274d00/model.capi.mlir:15179:5: error: 'scf.parallel' op remains after parallel lowering; op=scf.parallel
    scf.parallel (%arg3, %arg4) = (%c0, %c0) to (%c40, %c40) step (%c1, %c1) {
    ^
/tmp/ncnn-compile-274d00/model.capi.mlir:15179:5: note: see current operation: 
"scf.parallel"(%1054, %1054, %1020, %1020, %1011, %1011) <{operandSegmentSizes = array<i32: 2, 2, 2, 0>}> ({
^bb0(%arg551: index, %arg552: index):
  "scf.for"(%1054, %1019, %1011) ({
  ^bb0(%arg553: index):
    %2812 = "arith.muli"(%arg553, %1012) <{overflowFlags = #arith.overflow<none>}> : (index, index) -> index
    %2813 = "vector.transfer_read"(%1537, %1054, %arg551, %arg552, %2812, %1014) <{in_bounds = [true], operandSegmentSizes = array<i32: 1, 4, 1, 0>, permutation_map = affine_map<(d0, d1, d2, d3) -> (d3)>}> : (memref<1x40x40x640xf32>, index, index, index, index, f32) -> vector<32xf32>
    "vector.transfer_write"(%2813, %1650, %1054, %arg551, %arg552, %2812) <{in_bounds = [true], operandSegmentSizes = array<i32: 1, 1, 4, 0>, permutation_map = affine_map<(d0, d1, d2, d3) -> (d3)>}> : (vector<32xf32>, memref<1x40x40x640xf32, strided<[1183360, 27520, 640, 1], offset: 28160>>, index, index, index, index) -> ()
    "scf.yield"() : () -> ()
  }) : (index, index, index) -> ()
  "scf.reduce"() : () -> ()
}) : (index, index, index, index, index, index) -> ()
/tmp/ncnn-compile-274d00/model.capi.mlir:15200:5: error: 'scf.parallel' op remains after parallel lowering; op=scf.parallel
    scf.parallel (%arg3, %arg4) = (%c0, %c0) to (%c21, %c21) step (%c1, %c1) {
    ^
/tmp/ncnn-compile-274d00/model.capi.mlir:15200:5: note: see current operation: 
"scf.parallel"(%1054, %1054, %1078, %1078, %1011, %1011) <{operandSegmentSizes = array<i32: 2, 2, 2, 0>}> ({
^bb0(%arg548: index, %arg549: index):
  "scf.for"(%1054, %1019, %1011) ({
  ^bb0(%arg550: index):
    %2810 = "arith.muli"(%arg550, %1012) <{overflowFlags = #arith.overflow<none>}> : (index, index) -> index
    %2811 = "vector.transfer_read"(%1254, %2810, %1014) <{in_bounds = [true], operandSegmentSizes = array<i32: 1, 1, 1, 0>, permutation_map = affine_map<(d0) -> (d0)>}> : (memref<640xf32>, index, f32) -> vector<32xf32>
    "vector.transfer_write"(%2811, %1651, %1054, %arg548, %arg549, %2810) <{in_bounds = [true], operandSegmentSizes = array<i32: 1, 1, 4, 0>, permutation_map = affine_map<(d0, d1, d2, d3) -> (d3)>}> : (vector<32xf32>, memref<1x21x21x640xf32>, index, index, index, index) -> ()
    "scf.yield"() : () -> ()
  }) : (index, index, index) -> ()
  "scf.reduce"() : () -> ()
}) : (index, index, index, index, index, index) -> ()
/tmp/ncnn-compile-274d00/model.capi.mlir:15214:5: error: 'scf.parallel' op remains after parallel lowering; op=scf.parallel
    scf.parallel (%arg3, %arg4, %arg5, %arg6) = (%c0, %c0, %c0, %c0) to (%c21, %c21, %c3, %c3) step (%c1, %c1, %c1, %c1) {
    ^
/tmp/ncnn-compile-274d00/model.capi.mlir:15214:5: note: see current operation: 
"scf.parallel"(%1054, %1054, %1054, %1054, %1078, %1078, %1062, %1062, %1011, %1011, %1011, %1011) <{operandSegmentSizes = array<i32: 4, 4, 4, 0>}> ({
^bb0(%arg543: index, %arg544: index, %arg545: index, %arg546: index):
  "scf.for"(%1054, %1019, %1011) ({
  ^bb0(%arg547: index):
    %2806 = "arith.muli"(%arg547, %1012) <{overflowFlags = #arith.overflow<none>}> : (index, index) -> index
    %2807 = "affine.apply"(%arg543, %arg545) <{map = affine_map<(d0, d1) -> (d0 * 2 + d1)>}> : (index, index) -> index
    %2808 = "affine.apply"(%arg544, %arg546) <{map = affine_map<(d0, d1) -> (d0 * 2 + d1)>}> : (index, index) -> index
    %2809 = "vector.transfer_read"(%1649, %1054, %2807, %2808, %2806, %1014) <{in_bounds = [true], operandSegmentSizes = array<i32: 1, 4, 1, 0>, permutation_map = affine_map<(d0, d1, d2, d3) -> (d3)>}> : (memref<1x43x43x640xf32>, index, index, index, index, f32) -> vector<32xf32>
    "vector.transfer_write"(%2809, %1542, %arg543, %arg544, %arg545, %arg546, %2806) <{in_bounds = [true], operandSegmentSizes = array<i32: 1, 1, 5, 0>, permutation_map = affine_map<(d0, d1, d2, d3, d4) -> (d4)>}> : (vector<32xf32>, memref<21x21x3x3x640xf32>, index, index, index, index, index) -> ()
    "scf.yield"() : () -> ()
  }) : (index, index, index) -> ()
  "scf.reduce"() : () -> ()
}) : (index, index, index, index, index, index, index, index, index, index, index, index) -> ()
/tmp/ncnn-compile-274d00/model.capi.mlir:15317:5: error: 'scf.parallel' op remains after parallel lowering; op=scf.parallel
    scf.parallel (%arg3, %arg4) = (%c0, %c0) to (%c20, %c20) step (%c1, %c1) {
    ^
/tmp/ncnn-compile-274d00/model.capi.mlir:15317:5: note: see current operation: 
"scf.parallel"(%1054, %1054, %1019, %1019, %1011, %1011) <{operandSegmentSizes = array<i32: 2, 2, 2, 0>}> ({
^bb0(%arg523: index, %arg524: index):
  "scf.for"(%1054, %1019, %1011) ({
  ^bb0(%arg525: index):
    %2762 = "arith.muli"(%arg525, %1012) <{overflowFlags = #arith.overflow<none>}> : (index, index) -> index
    %2763 = "vector.transfer_read"(%1546, %1054, %arg523, %arg524, %2762, %1014) <{in_bounds = [true], operandSegmentSizes = array<i32: 1, 4, 1, 0>, permutation_map = affine_map<(d0, d1, d2, d3) -> (d3)>}> : (memref<1x20x20x640xf32>, index, index, index, index, f32) -> vector<32xf32>
    "vector.transfer_write"(%2763, %1654, %1054, %arg523, %arg524, %2762) <{in_bounds = [true], operandSegmentSizes = array<i32: 1, 1, 4, 0>, permutation_map = affine_map<(d0, d1, d2, d3) -> (d3)>}> : (vector<32xf32>, memref<1x20x20x640xf32, strided<[512000, 25600, 1280, 1]>>, index, index, index, index) -> ()
    "scf.yield"() : () -> ()
  }) : (index, index, index) -> ()
  "scf.reduce"() : () -> ()
}) : (index, index, index, index, index, index) -> ()
/tmp/ncnn-compile-274d00/model.capi.mlir:15331:5: error: 'scf.parallel' op remains after parallel lowering; op=scf.parallel
    scf.parallel (%arg3, %arg4) = (%c0, %c0) to (%c20, %c20) step (%c1, %c1) {
    ^
/tmp/ncnn-compile-274d00/model.capi.mlir:15331:5: note: see current operation: 
"scf.parallel"(%1054, %1054, %1019, %1019, %1011, %1011) <{operandSegmentSizes = array<i32: 2, 2, 2, 0>}> ({
^bb0(%arg520: index, %arg521: index):
  "scf.for"(%1054, %1019, %1011) ({
  ^bb0(%arg522: index):
    %2760 = "arith.muli"(%arg522, %1012) <{overflowFlags = #arith.overflow<none>}> : (index, index) -> index
    %2761 = "vector.transfer_read"(%1552, %1054, %arg520, %arg521, %2760, %1014) <{in_bounds = [true], operandSegmentSizes = array<i32: 1, 4, 1, 0>, permutation_map = affine_map<(d0, d1, d2, d3) -> (d3)>}> : (memref<1x20x20x640xf32>, index, index, index, index, f32) -> vector<32xf32>
    "vector.transfer_write"(%2761, %1655, %1054, %arg520, %arg521, %2760) <{in_bounds = [true], operandSegmentSizes = array<i32: 1, 1, 4, 0>, permutation_map = affine_map<(d0, d1, d2, d3) -> (d3)>}> : (vector<32xf32>, memref<1x20x20x640xf32, strided<[512000, 25600, 1280, 1], offset: 640>>, index, index, index, index) -> ()
    "scf.yield"() : () -> ()
  }) : (index, index, index) -> ()
  "scf.reduce"() : () -> ()
}) : (index, index, index, index, index, index) -> ()
/tmp/ncnn-compile-274d00/model.capi.mlir:15344:5: error: 'scf.parallel' op remains after parallel lowering; op=scf.parallel
    scf.parallel (%arg3, %arg4) = (%c0, %c0) to (%c20, %c20) step (%c1, %c1) {
    ^
/tmp/ncnn-compile-274d00/model.capi.mlir:15344:5: note: see current operation: 
"scf.parallel"(%1054, %1054, %1019, %1019, %1011, %1011) <{operandSegmentSizes = array<i32: 2, 2, 2, 0>}> ({
^bb0(%arg517: index, %arg518: index):
  "scf.for"(%1054, %1019, %1011) ({
  ^bb0(%arg519: index):
    %2758 = "arith.muli"(%arg519, %1012) <{overflowFlags = #arith.overflow<none>}> : (index, index) -> index
    %2759 = "vector.transfer_read"(%1253, %2758, %1014) <{in_bounds = [true], operandSegmentSizes = array<i32: 1, 1, 1, 0>, permutation_map = affine_map<(d0) -> (d0)>}> : (memref<640xf32>, index, f32) -> vector<32xf32>
    "vector.transfer_write"(%2759, %1546, %1054, %arg517, %arg518, %2758) <{in_bounds = [true], operandSegmentSizes = array<i32: 1, 1, 4, 0>, permutation_map = affine_map<(d0, d1, d2, d3) -> (d3)>}> : (vector<32xf32>, memref<1x20x20x640xf32>, index, index, index, index) -> ()
    "scf.yield"() : () -> ()
  }) : (index, index, index) -> ()
  "scf.reduce"() : () -> ()
}) : (index, index, index, index, index, index) -> ()
/tmp/ncnn-compile-274d00/model.capi.mlir:15444:5: error: 'scf.parallel' op remains after parallel lowering; op=scf.parallel
    scf.parallel (%arg3, %arg4) = (%c0, %c0) to (%c20, %c20) step (%c1, %c1) {
    ^
/tmp/ncnn-compile-274d00/model.capi.mlir:15444:5: note: see current operation: 
"scf.parallel"(%1054, %1054, %1019, %1019, %1011, %1011) <{operandSegmentSizes = array<i32: 2, 2, 2, 0>}> ({
^bb0(%arg498: index, %arg499: index):
  "scf.for"(%1054, %1019, %1011) ({
  ^bb0(%arg500: index):
    %2714 = "arith.muli"(%arg500, %1012) <{overflowFlags = #arith.overflow<none>}> : (index, index) -> index
    %2715 = "vector.transfer_read"(%1252, %2714, %1014) <{in_bounds = [true], operandSegmentSizes = array<i32: 1, 1, 1, 0>, permutation_map = affine_map<(d0) -> (d0)>}> : (memref<640xf32>, index, f32) -> vector<32xf32>
    "vector.transfer_write"(%2715, %1546, %1054, %arg498, %arg499, %2714) <{in_bounds = [true], operandSegmentSizes = array<i32: 1, 1, 4, 0>, permutation_map = affine_map<(d0, d1, d2, d3) -> (d3)>}> : (vector<32xf32>, memref<1x20x20x640xf32>, index, index, index, index) -> ()
    "scf.yield"() : () -> ()
  }) : (index, index, index) -> ()
  "scf.reduce"() : () -> ()
}) : (index, index, index, index, index, index) -> ()
/tmp/ncnn-compile-274d00/model.capi.mlir:15562:5: error: 'scf.parallel' op remains after parallel lowering; op=scf.parallel
    scf.parallel (%arg3, %arg4) = (%c0, %c0) to (%c20, %c20) step (%c1, %c1) {
    ^
/tmp/ncnn-compile-274d00/model.capi.mlir:15562:5: note: see current operation: 
"scf.parallel"(%1054, %1054, %1019, %1019, %1011, %1011) <{operandSegmentSizes = array<i32: 2, 2, 2, 0>}> ({
^bb0(%arg475: index, %arg476: index):
  "scf.for"(%1054, %1019, %1011) ({
  ^bb0(%arg477: index):
    %2670 = "arith.muli"(%arg477, %1012) <{overflowFlags = #arith.overflow<none>}> : (index, index) -> index
    %2671 = "vector.transfer_read"(%1552, %1054, %arg475, %arg476, %2670, %1014) <{in_bounds = [true], operandSegmentSizes = array<i32: 1, 4, 1, 0>, permutation_map = affine_map<(d0, d1, d2, d3) -> (d3)>}> : (memref<1x20x20x640xf32>, index, index, index, index, f32) -> vector<32xf32>
    "vector.transfer_write"(%2671, %1657, %1054, %arg475, %arg476, %2670) <{in_bounds = [true], operandSegmentSizes = array<i32: 1, 1, 4, 0>, permutation_map = affine_map<(d0, d1, d2, d3) -> (d3)>}> : (vector<32xf32>, memref<1x20x20x640xf32, strided<[309760, 14080, 640, 1], offset: 14720>>, index, index, index, index) -> ()
    "scf.yield"() : () -> ()
  }) : (index, index, index) -> ()
  "scf.reduce"() : () -> ()
}) : (index, index, index, index, index, index) -> ()
/tmp/ncnn-compile-274d00/model.capi.mlir:15575:5: error: 'scf.parallel' op remains after parallel lowering; op=scf.parallel
    scf.parallel (%arg3, %arg4) = (%c0, %c0) to (%c20, %c20) step (%c1, %c1) {
    ^
/tmp/ncnn-compile-274d00/model.capi.mlir:15575:5: note: see current operation: 
"scf.parallel"(%1054, %1054, %1019, %1019, %1011, %1011) <{operandSegmentSizes = array<i32: 2, 2, 2, 0>}> ({
^bb0(%arg472: index, %arg473: index):
  "scf.for"(%1054, %1019, %1011) ({
  ^bb0(%arg474: index):
    %2668 = "arith.muli"(%arg474, %1012) <{overflowFlags = #arith.overflow<none>}> : (index, index) -> index
    %2669 = "vector.transfer_read"(%1251, %2668, %1014) <{in_bounds = [true], operandSegmentSizes = array<i32: 1, 1, 1, 0>, permutation_map = affine_map<(d0) -> (d0)>}> : (memref<640xf32>, index, f32) -> vector<32xf32>
    "vector.transfer_write"(%2669, %1546, %1054, %arg472, %arg473, %2668) <{in_bounds = [true], operandSegmentSizes = array<i32: 1, 1, 4, 0>, permutation_map = affine_map<(d0, d1, d2, d3) -> (d3)>}> : (vector<32xf32>, memref<1x20x20x640xf32>, index, index, index, index) -> ()
    "scf.yield"() : () -> ()
  }) : (index, index, index) -> ()
  "scf.reduce"() : () -> ()
}) : (index, index, index, index, index, index) -> ()
/tmp/ncnn-compile-274d00/model.capi.mlir:15588:5: error: 'scf.parallel' op remains after parallel lowering; op=scf.parallel
    scf.parallel (%arg3, %arg4, %arg5, %arg6) = (%c0, %c0, %c0, %c0) to (%c20, %c20, %c3, %c3) step (%c1, %c1, %c1, %c1) {
    ^
/tmp/ncnn-compile-274d00/model.capi.mlir:15588:5: note: see current operation: 
"scf.parallel"(%1054, %1054, %1054, %1054, %1019, %1019, %1062, %1062, %1011, %1011, %1011, %1011) <{operandSegmentSizes = array<i32: 4, 4, 4, 0>}> ({
^bb0(%arg467: index, %arg468: index, %arg469: index, %arg470: index):
  "scf.for"(%1054, %1019, %1011) ({
  ^bb0(%arg471: index):
    %2664 = "arith.muli"(%arg471, %1012) <{overflowFlags = #arith.overflow<none>}> : (index, index) -> index
    %2665 = "affine.apply"(%arg467, %arg469) <{map = affine_map<(d0, d1) -> (d0 + d1)>}> : (index, index) -> index
    %2666 = "affine.apply"(%arg468, %arg470) <{map = affine_map<(d0, d1) -> (d0 + d1)>}> : (index, index) -> index
    %2667 = "vector.transfer_read"(%1656, %1054, %2665, %2666, %2664, %1014) <{in_bounds = [true], operandSegmentSizes = array<i32: 1, 4, 1, 0>, permutation_map = affine_map<(d0, d1, d2, d3) -> (d3)>}> : (memref<1x22x22x640xf32>, index, index, index, index, f32) -> vector<32xf32>
    "vector.transfer_write"(%2667, %1555, %arg467, %arg468, %arg469, %arg470, %2664) <{in_bounds = [true], operandSegmentSizes = array<i32: 1, 1, 5, 0>, permutation_map = affine_map<(d0, d1, d2, d3, d4) -> (d4)>}> : (vector<32xf32>, memref<20x20x3x3x640xf32>, index, index, index, index, index) -> ()
    "scf.yield"() : () -> ()
  }) : (index, index, index) -> ()
  "scf.reduce"() : () -> ()
}) : (index, index, index, index, index, index, index, index, index, index, index, index) -> ()
/tmp/ncnn-compile-274d00/model.capi.mlir:15690:5: error: 'scf.parallel' op remains after parallel lowering; op=scf.parallel
    scf.parallel (%arg3, %arg4) = (%c0, %c0) to (%c20, %c20) step (%c1, %c1) {
    ^
/tmp/ncnn-compile-274d00/model.capi.mlir:15690:5: note: see current operation: 
"scf.parallel"(%1054, %1054, %1019, %1019, %1011, %1011) <{operandSegmentSizes = array<i32: 2, 2, 2, 0>}> ({
^bb0(%arg448: index, %arg449: index):
  "scf.for"(%1054, %1019, %1011) ({
  ^bb0(%arg450: index):
    %2620 = "arith.muli"(%arg450, %1012) <{overflowFlags = #arith.overflow<none>}> : (index, index) -> index
    %2621 = "vector.transfer_read"(%1250, %2620, %1014) <{in_bounds = [true], operandSegmentSizes = array<i32: 1, 1, 1, 0>, permutation_map = affine_map<(d0) -> (d0)>}> : (memref<640xf32>, index, f32) -> vector<32xf32>
    "vector.transfer_write"(%2621, %1546, %1054, %arg448, %arg449, %2620) <{in_bounds = [true], operandSegmentSizes = array<i32: 1, 1, 4, 0>, permutation_map = affine_map<(d0, d1, d2, d3) -> (d3)>}> : (vector<32xf32>, memref<1x20x20x640xf32>, index, index, index, index) -> ()
    "scf.yield"() : () -> ()
  }) : (index, index, index) -> ()
  "scf.reduce"() : () -> ()
}) : (index, index, index, index, index, index) -> ()
/tmp/ncnn-compile-274d00/model.capi.mlir:15808:5: error: 'scf.parallel' op remains after parallel lowering; op=scf.parallel
    scf.parallel (%arg3, %arg4) = (%c0, %c0) to (%c20, %c20) step (%c1, %c1) {
    ^
/tmp/ncnn-compile-274d00/model.capi.mlir:15808:5: note: see current operation: 
"scf.parallel"(%1054, %1054, %1019, %1019, %1011, %1011) <{operandSegmentSizes = array<i32: 2, 2, 2, 0>}> ({
^bb0(%arg425: index, %arg426: index):
  "scf.for"(%1054, %1019, %1011) ({
  ^bb0(%arg427: index):
    %2576 = "arith.muli"(%arg427, %1012) <{overflowFlags = #arith.overflow<none>}> : (index, index) -> index
    %2577 = "vector.transfer_read"(%1552, %1054, %arg425, %arg426, %2576, %1014) <{in_bounds = [true], operandSegmentSizes = array<i32: 1, 4, 1, 0>, permutation_map = affine_map<(d0, d1, d2, d3) -> (d3)>}> : (memref<1x20x20x640xf32>, index, index, index, index, f32) -> vector<32xf32>
    "vector.transfer_write"(%2577, %1659, %1054, %arg425, %arg426, %2576) <{in_bounds = [true], operandSegmentSizes = array<i32: 1, 1, 4, 0>, permutation_map = affine_map<(d0, d1, d2, d3) -> (d3)>}> : (vector<32xf32>, memref<1x20x20x640xf32, strided<[309760, 14080, 640, 1], offset: 14720>>, index, index, index, index) -> ()
    "scf.yield"() : () -> ()
  }) : (index, index, index) -> ()
  "scf.reduce"() : () -> ()
}) : (index, index, index, index, index, index) -> ()
/tmp/ncnn-compile-274d00/model.capi.mlir:15821:5: error: 'scf.parallel' op remains after parallel lowering; op=scf.parallel
    scf.parallel (%arg3, %arg4) = (%c0, %c0) to (%c20, %c20) step (%c1, %c1) {
    ^
/tmp/ncnn-compile-274d00/model.capi.mlir:15821:5: note: see current operation: 
"scf.parallel"(%1054, %1054, %1019, %1019, %1011, %1011) <{operandSegmentSizes = array<i32: 2, 2, 2, 0>}> ({
^bb0(%arg422: index, %arg423: index):
  "scf.for"(%1054, %1019, %1011) ({
  ^bb0(%arg424: index):
    %2574 = "arith.muli"(%arg424, %1012) <{overflowFlags = #arith.overflow<none>}> : (index, index) -> index
    %2575 = "vector.transfer_read"(%1249, %2574, %1014) <{in_bounds = [true], operandSegmentSizes = array<i32: 1, 1, 1, 0>, permutation_map = affine_map<(d0) -> (d0)>}> : (memref<640xf32>, index, f32) -> vector<32xf32>
    "vector.transfer_write"(%2575, %1546, %1054, %arg422, %arg423, %2574) <{in_bounds = [true], operandSegmentSizes = array<i32: 1, 1, 4, 0>, permutation_map = affine_map<(d0, d1, d2, d3) -> (d3)>}> : (vector<32xf32>, memref<1x20x20x640xf32>, index, index, index, index) -> ()
    "scf.yield"() : () -> ()
  }) : (index, index, index) -> ()
  "scf.reduce"() : () -> ()
}) : (index, index, index, index, index, index) -> ()
/tmp/ncnn-compile-274d00/model.capi.mlir:15834:5: error: 'scf.parallel' op remains after parallel lowering; op=scf.parallel
    scf.parallel (%arg3, %arg4, %arg5, %arg6) = (%c0, %c0, %c0, %c0) to (%c20, %c20, %c3, %c3) step (%c1, %c1, %c1, %c1) {
    ^
/tmp/ncnn-compile-274d00/model.capi.mlir:15834:5: note: see current operation: 
"scf.parallel"(%1054, %1054, %1054, %1054, %1019, %1019, %1062, %1062, %1011, %1011, %1011, %1011) <{operandSegmentSizes = array<i32: 4, 4, 4, 0>}> ({
^bb0(%arg417: index, %arg418: index, %arg419: index, %arg420: index):
  "scf.for"(%1054, %1019, %1011) ({
  ^bb0(%arg421: index):
    %2570 = "arith.muli"(%arg421, %1012) <{overflowFlags = #arith.overflow<none>}> : (index, index) -> index
    %2571 = "affine.apply"(%arg417, %arg419) <{map = affine_map<(d0, d1) -> (d0 + d1)>}> : (index, index) -> index
    %2572 = "affine.apply"(%arg418, %arg420) <{map = affine_map<(d0, d1) -> (d0 + d1)>}> : (index, index) -> index
    %2573 = "vector.transfer_read"(%1658, %1054, %2571, %2572, %2570, %1014) <{in_bounds = [true], operandSegmentSizes = array<i32: 1, 4, 1, 0>, permutation_map = affine_map<(d0, d1, d2, d3) -> (d3)>}> : (memref<1x22x22x640xf32>, index, index, index, index, f32) -> vector<32xf32>
    "vector.transfer_write"(%2573, %1555, %arg417, %arg418, %arg419, %arg420, %2570) <{in_bounds = [true], operandSegmentSizes = array<i32: 1, 1, 5, 0>, permutation_map = affine_map<(d0, d1, d2, d3, d4) -> (d4)>}> : (vector<32xf32>, memref<20x20x3x3x640xf32>, index, index, index, index, index) -> ()
    "scf.yield"() : () -> ()
  }) : (index, index, index) -> ()
  "scf.reduce"() : () -> ()
}) : (index, index, index, index, index, index, index, index, index, index, index, index) -> ()
/tmp/ncnn-compile-274d00/model.capi.mlir:15936:5: error: 'scf.parallel' op remains after parallel lowering; op=scf.parallel
    scf.parallel (%arg3, %arg4) = (%c0, %c0) to (%c20, %c20) step (%c1, %c1) {
    ^
/tmp/ncnn-compile-274d00/model.capi.mlir:15936:5: note: see current operation: 
"scf.parallel"(%1054, %1054, %1019, %1019, %1011, %1011) <{operandSegmentSizes = array<i32: 2, 2, 2, 0>}> ({
^bb0(%arg398: index, %arg399: index):
  "scf.for"(%1054, %1019, %1011) ({
  ^bb0(%arg400: index):
    %2526 = "arith.muli"(%arg400, %1012) <{overflowFlags = #arith.overflow<none>}> : (index, index) -> index
    %2527 = "vector.transfer_read"(%1248, %2526, %1014) <{in_bounds = [true], operandSegmentSizes = array<i32: 1, 1, 1, 0>, permutation_map = affine_map<(d0) -> (d0)>}> : (memref<640xf32>, index, f32) -> vector<32xf32>
    "vector.transfer_write"(%2527, %1546, %1054, %arg398, %arg399, %2526) <{in_bounds = [true], operandSegmentSizes = array<i32: 1, 1, 4, 0>, permutation_map = affine_map<(d0, d1, d2, d3) -> (d3)>}> : (vector<32xf32>, memref<1x20x20x640xf32>, index, index, index, index) -> ()
    "scf.yield"() : () -> ()
  }) : (index, index, index) -> ()
  "scf.reduce"() : () -> ()
}) : (index, index, index, index, index, index) -> ()
/tmp/ncnn-compile-274d00/model.capi.mlir:16054:5: error: 'scf.parallel' op remains after parallel lowering; op=scf.parallel
    scf.parallel (%arg3, %arg4) = (%c0, %c0) to (%c20, %c20) step (%c1, %c1) {
    ^
/tmp/ncnn-compile-274d00/model.capi.mlir:16054:5: note: see current operation: 
"scf.parallel"(%1054, %1054, %1019, %1019, %1011, %1011) <{operandSegmentSizes = array<i32: 2, 2, 2, 0>}> ({
^bb0(%arg375: index, %arg376: index):
  "scf.for"(%1054, %1019, %1011) ({
  ^bb0(%arg377: index):
    %2482 = "arith.muli"(%arg377, %1012) <{overflowFlags = #arith.overflow<none>}> : (index, index) -> index
    %2483 = "vector.transfer_read"(%1552, %1054, %arg375, %arg376, %2482, %1014) <{in_bounds = [true], operandSegmentSizes = array<i32: 1, 4, 1, 0>, permutation_map = affine_map<(d0, d1, d2, d3) -> (d3)>}> : (memref<1x20x20x640xf32>, index, index, index, index, f32) -> vector<32xf32>
    "vector.transfer_write"(%2483, %1661, %1054, %arg375, %arg376, %2482) <{in_bounds = [true], operandSegmentSizes = array<i32: 1, 1, 4, 0>, permutation_map = affine_map<(d0, d1, d2, d3) -> (d3)>}> : (vector<32xf32>, memref<1x20x20x640xf32, strided<[309760, 14080, 640, 1], offset: 14720>>, index, index, index, index) -> ()
    "scf.yield"() : () -> ()
  }) : (index, index, index) -> ()
  "scf.reduce"() : () -> ()
}) : (index, index, index, index, index, index) -> ()
/tmp/ncnn-compile-274d00/model.capi.mlir:16067:5: error: 'scf.parallel' op remains after parallel lowering; op=scf.parallel
    scf.parallel (%arg3, %arg4) = (%c0, %c0) to (%c20, %c20) step (%c1, %c1) {
    ^
/tmp/ncnn-compile-274d00/model.capi.mlir:16067:5: note: see current operation: 
"scf.parallel"(%1054, %1054, %1019, %1019, %1011, %1011) <{operandSegmentSizes = array<i32: 2, 2, 2, 0>}> ({
^bb0(%arg372: index, %arg373: index):
  "scf.for"(%1054, %1019, %1011) ({
  ^bb0(%arg374: index):
    %2480 = "arith.muli"(%arg374, %1012) <{overflowFlags = #arith.overflow<none>}> : (index, index) -> index
    %2481 = "vector.transfer_read"(%1247, %2480, %1014) <{in_bounds = [true], operandSegmentSizes = array<i32: 1, 1, 1, 0>, permutation_map = affine_map<(d0) -> (d0)>}> : (memref<640xf32>, index, f32) -> vector<32xf32>
    "vector.transfer_write"(%2481, %1546, %1054, %arg372, %arg373, %2480) <{in_bounds = [true], operandSegmentSizes = array<i32: 1, 1, 4, 0>, permutation_map = affine_map<(d0, d1, d2, d3) -> (d3)>}> : (vector<32xf32>, memref<1x20x20x640xf32>, index, index, index, index) -> ()
    "scf.yield"() : () -> ()
  }) : (index, index, index) -> ()
  "scf.reduce"() : () -> ()
}) : (index, index, index, index, index, index) -> ()
/tmp/ncnn-compile-274d00/model.capi.mlir:16080:5: error: 'scf.parallel' op remains after parallel lowering; op=scf.parallel
    scf.parallel (%arg3, %arg4, %arg5, %arg6) = (%c0, %c0, %c0, %c0) to (%c20, %c20, %c3, %c3) step (%c1, %c1, %c1, %c1) {
    ^
/tmp/ncnn-compile-274d00/model.capi.mlir:16080:5: note: see current operation: 
"scf.parallel"(%1054, %1054, %1054, %1054, %1019, %1019, %1062, %1062, %1011, %1011, %1011, %1011) <{operandSegmentSizes = array<i32: 4, 4, 4, 0>}> ({
^bb0(%arg367: index, %arg368: index, %arg369: index, %arg370: index):
  "scf.for"(%1054, %1019, %1011) ({
  ^bb0(%arg371: index):
    %2476 = "arith.muli"(%arg371, %1012) <{overflowFlags = #arith.overflow<none>}> : (index, index) -> index
    %2477 = "affine.apply"(%arg367, %arg369) <{map = affine_map<(d0, d1) -> (d0 + d1)>}> : (index, index) -> index
    %2478 = "affine.apply"(%arg368, %arg370) <{map = affine_map<(d0, d1) -> (d0 + d1)>}> : (index, index) -> index
    %2479 = "vector.transfer_read"(%1660, %1054, %2477, %2478, %2476, %1014) <{in_bounds = [true], operandSegmentSizes = array<i32: 1, 4, 1, 0>, permutation_map = affine_map<(d0, d1, d2, d3) -> (d3)>}> : (memref<1x22x22x640xf32>, index, index, index, index, f32) -> vector<32xf32>
    "vector.transfer_write"(%2479, %1555, %arg367, %arg368, %arg369, %arg370, %2476) <{in_bounds = [true], operandSegmentSizes = array<i32: 1, 1, 5, 0>, permutation_map = affine_map<(d0, d1, d2, d3, d4) -> (d4)>}> : (vector<32xf32>, memref<20x20x3x3x640xf32>, index, index, index, index, index) -> ()
    "scf.yield"() : () -> ()
  }) : (index, index, index) -> ()
  "scf.reduce"() : () -> ()
}) : (index, index, index, index, index, index, index, index, index, index, index, index) -> ()
/tmp/ncnn-compile-274d00/model.capi.mlir:16182:5: error: 'scf.parallel' op remains after parallel lowering; op=scf.parallel
    scf.parallel (%arg3, %arg4) = (%c0, %c0) to (%c20, %c20) step (%c1, %c1) {
    ^
/tmp/ncnn-compile-274d00/model.capi.mlir:16182:5: note: see current operation: 
"scf.parallel"(%1054, %1054, %1019, %1019, %1011, %1011) <{operandSegmentSizes = array<i32: 2, 2, 2, 0>}> ({
^bb0(%arg348: index, %arg349: index):
  "scf.for"(%1054, %1019, %1011) ({
  ^bb0(%arg350: index):
    %2432 = "arith.muli"(%arg350, %1012) <{overflowFlags = #arith.overflow<none>}> : (index, index) -> index
    %2433 = "vector.transfer_read"(%1246, %2432, %1014) <{in_bounds = [true], operandSegmentSizes = array<i32: 1, 1, 1, 0>, permutation_map = affine_map<(d0) -> (d0)>}> : (memref<640xf32>, index, f32) -> vector<32xf32>
    "vector.transfer_write"(%2433, %1546, %1054, %arg348, %arg349, %2432) <{in_bounds = [true], operandSegmentSizes = array<i32: 1, 1, 4, 0>, permutation_map = affine_map<(d0, d1, d2, d3) -> (d3)>}> : (vector<32xf32>, memref<1x20x20x640xf32>, index, index, index, index) -> ()
    "scf.yield"() : () -> ()
  }) : (index, index, index) -> ()
  "scf.reduce"() : () -> ()
}) : (index, index, index, index, index, index) -> ()
/tmp/ncnn-compile-274d00/model.capi.mlir:16300:5: error: 'scf.parallel' op remains after parallel lowering; op=scf.parallel
    scf.parallel (%arg3, %arg4) = (%c0, %c0) to (%c20, %c20) step (%c1, %c1) {
    ^
/tmp/ncnn-compile-274d00/model.capi.mlir:16300:5: note: see current operation: 
"scf.parallel"(%1054, %1054, %1019, %1019, %1011, %1011) <{operandSegmentSizes = array<i32: 2, 2, 2, 0>}> ({
^bb0(%arg325: index, %arg326: index):
  "scf.for"(%1054, %1019, %1011) ({
  ^bb0(%arg327: index):
    %2388 = "arith.muli"(%arg327, %1012) <{overflowFlags = #arith.overflow<none>}> : (index, index) -> index
    %2389 = "vector.transfer_read"(%1552, %1054, %arg325, %arg326, %2388, %1014) <{in_bounds = [true], operandSegmentSizes = array<i32: 1, 4, 1, 0>, permutation_map = affine_map<(d0, d1, d2, d3) -> (d3)>}> : (memref<1x20x20x640xf32>, index, index, index, index, f32) -> vector<32xf32>
    "vector.transfer_write"(%2389, %1663, %1054, %arg325, %arg326, %2388) <{in_bounds = [true], operandSegmentSizes = array<i32: 1, 1, 4, 0>, permutation_map = affine_map<(d0, d1, d2, d3) -> (d3)>}> : (vector<32xf32>, memref<1x20x20x640xf32, strided<[309760, 14080, 640, 1], offset: 14720>>, index, index, index, index) -> ()
    "scf.yield"() : () -> ()
  }) : (index, index, index) -> ()
  "scf.reduce"() : () -> ()
}) : (index, index, index, index, index, index) -> ()
/tmp/ncnn-compile-274d00/model.capi.mlir:16313:5: error: 'scf.parallel' op remains after parallel lowering; op=scf.parallel
    scf.parallel (%arg3, %arg4) = (%c0, %c0) to (%c20, %c20) step (%c1, %c1) {
    ^
/tmp/ncnn-compile-274d00/model.capi.mlir:16313:5: note: see current operation: 
"scf.parallel"(%1054, %1054, %1019, %1019, %1011, %1011) <{operandSegmentSizes = array<i32: 2, 2, 2, 0>}> ({
^bb0(%arg322: index, %arg323: index):
  "scf.for"(%1054, %1019, %1011) ({
  ^bb0(%arg324: index):
    %2386 = "arith.muli"(%arg324, %1012) <{overflowFlags = #arith.overflow<none>}> : (index, index) -> index
    %2387 = "vector.transfer_read"(%1245, %2386, %1014) <{in_bounds = [true], operandSegmentSizes = array<i32: 1, 1, 1, 0>, permutation_map = affine_map<(d0) -> (d0)>}> : (memref<640xf32>, index, f32) -> vector<32xf32>
    "vector.transfer_write"(%2387, %1546, %1054, %arg322, %arg323, %2386) <{in_bounds = [true], operandSegmentSizes = array<i32: 1, 1, 4, 0>, permutation_map = affine_map<(d0, d1, d2, d3) -> (d3)>}> : (vector<32xf32>, memref<1x20x20x640xf32>, index, index, index, index) -> ()
    "scf.yield"() : () -> ()
  }) : (index, index, index) -> ()
  "scf.reduce"() : () -> ()
}) : (index, index, index, index, index, index) -> ()
/tmp/ncnn-compile-274d00/model.capi.mlir:16326:5: error: 'scf.parallel' op remains after parallel lowering; op=scf.parallel
    scf.parallel (%arg3, %arg4, %arg5, %arg6) = (%c0, %c0, %c0, %c0) to (%c20, %c20, %c3, %c3) step (%c1, %c1, %c1, %c1) {
    ^
/tmp/ncnn-compile-274d00/model.capi.mlir:16326:5: note: see current operation: 
"scf.parallel"(%1054, %1054, %1054, %1054, %1019, %1019, %1062, %1062, %1011, %1011, %1011, %1011) <{operandSegmentSizes = array<i32: 4, 4, 4, 0>}> ({
^bb0(%arg317: index, %arg318: index, %arg319: index, %arg320: index):
  "scf.for"(%1054, %1019, %1011) ({
  ^bb0(%arg321: index):
    %2382 = "arith.muli"(%arg321, %1012) <{overflowFlags = #arith.overflow<none>}> : (index, index) -> index
    %2383 = "affine.apply"(%arg317, %arg319) <{map = affine_map<(d0, d1) -> (d0 + d1)>}> : (index, index) -> index
    %2384 = "affine.apply"(%arg318, %arg320) <{map = affine_map<(d0, d1) -> (d0 + d1)>}> : (index, index) -> index
    %2385 = "vector.transfer_read"(%1662, %1054, %2383, %2384, %2382, %1014) <{in_bounds = [true], operandSegmentSizes = array<i32: 1, 4, 1, 0>, permutation_map = affine_map<(d0, d1, d2, d3) -> (d3)>}> : (memref<1x22x22x640xf32>, index, index, index, index, f32) -> vector<32xf32>
    "vector.transfer_write"(%2385, %1555, %arg317, %arg318, %arg319, %arg320, %2382) <{in_bounds = [true], operandSegmentSizes = array<i32: 1, 1, 5, 0>, permutation_map = affine_map<(d0, d1, d2, d3, d4) -> (d4)>}> : (vector<32xf32>, memref<20x20x3x3x640xf32>, index, index, index, index, index) -> ()
    "scf.yield"() : () -> ()
  }) : (index, index, index) -> ()
  "scf.reduce"() : () -> ()
}) : (index, index, index, index, index, index, index, index, index, index, index, index) -> ()
/tmp/ncnn-compile-274d00/model.capi.mlir:16436:5: error: 'scf.parallel' op remains after parallel lowering; op=scf.parallel
    scf.parallel (%arg3, %arg4) = (%c0, %c0) to (%c20, %c20) step (%c1, %c1) {
    ^
/tmp/ncnn-compile-274d00/model.capi.mlir:16436:5: note: see current operation: 
"scf.parallel"(%1054, %1054, %1019, %1019, %1011, %1011) <{operandSegmentSizes = array<i32: 2, 2, 2, 0>}> ({
^bb0(%arg298: index, %arg299: index):
  "scf.for"(%1054, %1019, %1011) ({
  ^bb0(%arg300: index):
    %2338 = "arith.muli"(%arg300, %1012) <{overflowFlags = #arith.overflow<none>}> : (index, index) -> index
    %2339 = "vector.transfer_read"(%1244, %2338, %1014) <{in_bounds = [true], operandSegmentSizes = array<i32: 1, 1, 1, 0>, permutation_map = affine_map<(d0) -> (d0)>}> : (memref<640xf32>, index, f32) -> vector<32xf32>
    "vector.transfer_write"(%2339, %1546, %1054, %arg298, %arg299, %2338) <{in_bounds = [true], operandSegmentSizes = array<i32: 1, 1, 4, 0>, permutation_map = affine_map<(d0, d1, d2, d3) -> (d3)>}> : (vector<32xf32>, memref<1x20x20x640xf32>, index, index, index, index) -> ()
    "scf.yield"() : () -> ()
  }) : (index, index, index) -> ()
  "scf.reduce"() : () -> ()
}) : (index, index, index, index, index, index) -> ()
/tmp/ncnn-compile-274d00/model.capi.mlir:16544:5: error: 'scf.parallel' op remains after parallel lowering; op=scf.parallel
    scf.parallel (%arg3, %arg4) = (%c0, %c0) to (%c20, %c20) step (%c1, %c1) {
    ^
/tmp/ncnn-compile-274d00/model.capi.mlir:16544:5: note: see current operation: 
"scf.parallel"(%1054, %1054, %1019, %1019, %1011, %1011) <{operandSegmentSizes = array<i32: 2, 2, 2, 0>}> ({
^bb0(%arg279: index, %arg280: index):
  "scf.for"(%1054, %1019, %1011) ({
  ^bb0(%arg281: index):
    %2294 = "arith.muli"(%arg281, %1012) <{overflowFlags = #arith.overflow<none>}> : (index, index) -> index
    %2295 = "vector.transfer_read"(%1665, %1054, %arg279, %arg280, %2294, %1014) <{in_bounds = [true], operandSegmentSizes = array<i32: 1, 4, 1, 0>, permutation_map = affine_map<(d0, d1, d2, d3) -> (d3)>}> : (memref<1x20x20x640xf32>, index, index, index, index, f32) -> vector<32xf32>
    "vector.transfer_write"(%2295, %1667, %1054, %arg279, %arg280, %2294) <{in_bounds = [true], operandSegmentSizes = array<i32: 1, 1, 4, 0>, permutation_map = affine_map<(d0, d1, d2, d3) -> (d3)>}> : (vector<32xf32>, memref<1x20x20x640xf32, strided<[512000, 25600, 1280, 1]>>, index, index, index, index) -> ()
    "scf.yield"() : () -> ()
  }) : (index, index, index) -> ()
  "scf.reduce"() : () -> ()
}) : (index, index, index, index, index, index) -> ()
/tmp/ncnn-compile-274d00/model.capi.mlir:16558:5: error: 'scf.parallel' op remains after parallel lowering; op=scf.parallel
    scf.parallel (%arg3, %arg4) = (%c0, %c0) to (%c20, %c20) step (%c1, %c1) {
    ^
/tmp/ncnn-compile-274d00/model.capi.mlir:16558:5: note: see current operation: 
"scf.parallel"(%1054, %1054, %1019, %1019, %1011, %1011) <{operandSegmentSizes = array<i32: 2, 2, 2, 0>}> ({
^bb0(%arg276: index, %arg277: index):
  "scf.for"(%1054, %1019, %1011) ({
  ^bb0(%arg278: index):
    %2292 = "arith.muli"(%arg278, %1012) <{overflowFlags = #arith.overflow<none>}> : (index, index) -> index
    %2293 = "vector.transfer_read"(%1552, %1054, %arg276, %arg277, %2292, %1014) <{in_bounds = [true], operandSegmentSizes = array<i32: 1, 4, 1, 0>, permutation_map = affine_map<(d0, d1, d2, d3) -> (d3)>}> : (memref<1x20x20x640xf32>, index, index, index, index, f32) -> vector<32xf32>
    "vector.transfer_write"(%2293, %1668, %1054, %arg276, %arg277, %2292) <{in_bounds = [true], operandSegmentSizes = array<i32: 1, 1, 4, 0>, permutation_map = affine_map<(d0, d1, d2, d3) -> (d3)>}> : (vector<32xf32>, memref<1x20x20x640xf32, strided<[512000, 25600, 1280, 1], offset: 640>>, index, index, index, index) -> ()
    "scf.yield"() : () -> ()
  }) : (index, index, index) -> ()
  "scf.reduce"() : () -> ()
}) : (index, index, index, index, index, index) -> ()
/tmp/ncnn-compile-274d00/model.capi.mlir:16685:5: error: 'scf.parallel' op remains after parallel lowering; op=scf.parallel
    scf.parallel (%arg3, %arg4) = (%c0, %c0) to (%c80, %c80) step (%c1, %c1) {
    ^
/tmp/ncnn-compile-274d00/model.capi.mlir:16685:5: note: see current operation: 
"scf.parallel"(%1054, %1054, %1068, %1068, %1011, %1011) <{operandSegmentSizes = array<i32: 2, 2, 2, 0>}> ({
^bb0(%arg249: index, %arg250: index):
  "scf.for"(%1054, %1018, %1011) ({
  ^bb0(%arg251: index):
    %2248 = "arith.muli"(%arg251, %1012) <{overflowFlags = #arith.overflow<none>}> : (index, index) -> index
    %2249 = "vector.transfer_read"(%1627, %1054, %arg249, %arg250, %2248, %1014) <{in_bounds = [true], operandSegmentSizes = array<i32: 1, 4, 1, 0>, permutation_map = affine_map<(d0, d1, d2, d3) -> (d3)>}> : (memref<1x80x80x320xf32>, index, index, index, index, f32) -> vector<32xf32>
    "vector.transfer_write"(%2249, %1671, %1054, %arg249, %arg250, %2248) <{in_bounds = [true], operandSegmentSizes = array<i32: 1, 1, 4, 0>, permutation_map = affine_map<(d0, d1, d2, d3) -> (d3)>}> : (vector<32xf32>, memref<1x80x80x320xf32, strided<[2151680, 26240, 320, 1], offset: 26560>>, index, index, index, index) -> ()
    "scf.yield"() : () -> ()
  }) : (index, index, index) -> ()
  "scf.reduce"() : () -> ()
}) : (index, index, index, index, index, index) -> ()
/tmp/ncnn-compile-274d00/model.capi.mlir:16698:5: error: 'scf.parallel' op remains after parallel lowering; op=scf.parallel
    scf.parallel (%arg3, %arg4) = (%c0, %c0) to (%c80, %c80) step (%c1, %c1) {
    ^
/tmp/ncnn-compile-274d00/model.capi.mlir:16698:5: note: see current operation: 
"scf.parallel"(%1054, %1054, %1068, %1068, %1011, %1011) <{operandSegmentSizes = array<i32: 2, 2, 2, 0>}> ({
^bb0(%arg246: index, %arg247: index):
  "scf.for"(%1054, %1018, %1011) ({
  ^bb0(%arg248: index):
    %2246 = "arith.muli"(%arg248, %1012) <{overflowFlags = #arith.overflow<none>}> : (index, index) -> index
    %2247 = "vector.transfer_read"(%1236, %2246, %1014) <{in_bounds = [true], operandSegmentSizes = array<i32: 1, 1, 1, 0>, permutation_map = affine_map<(d0) -> (d0)>}> : (memref<320xf32>, index, f32) -> vector<32xf32>
    "vector.transfer_write"(%2247, %1421, %1054, %arg246, %arg247, %2246) <{in_bounds = [true], operandSegmentSizes = array<i32: 1, 1, 4, 0>, permutation_map = affine_map<(d0, d1, d2, d3) -> (d3)>}> : (vector<32xf32>, memref<1x80x80x320xf32>, index, index, index, index) -> ()
    "scf.yield"() : () -> ()
  }) : (index, index, index) -> ()
  "scf.reduce"() : () -> ()
}) : (index, index, index, index, index, index) -> ()
/tmp/ncnn-compile-274d00/model.capi.mlir:16719:5: error: 'scf.parallel' op remains after parallel lowering; op=scf.parallel
    scf.parallel (%arg3, %arg4, %arg5, %arg6) = (%c0, %c0, %c0, %c0) to (%c80, %c80, %c3, %c3) step (%c1, %c1, %c1, %c1) {
    ^
/tmp/ncnn-compile-274d00/model.capi.mlir:16719:5: note: see current operation: 
"scf.parallel"(%1054, %1054, %1054, %1054, %1068, %1068, %1062, %1062, %1011, %1011, %1011, %1011) <{operandSegmentSizes = array<i32: 4, 4, 4, 0>}> ({
^bb0(%arg241: index, %arg242: index, %arg243: index, %arg244: index):
  "scf.for"(%1054, %1018, %1011) ({
  ^bb0(%arg245: index):
    %2242 = "arith.muli"(%arg245, %1012) <{overflowFlags = #arith.overflow<none>}> : (index, index) -> index
    %2243 = "affine.apply"(%arg241, %arg243) <{map = affine_map<(d0, d1) -> (d0 + d1)>}> : (index, index) -> index
    %2244 = "affine.apply"(%arg242, %arg244) <{map = affine_map<(d0, d1) -> (d0 + d1)>}> : (index, index) -> index
    %2245 = "vector.transfer_read"(%1670, %1054, %2243, %2244, %2242, %1014) <{in_bounds = [true], operandSegmentSizes = array<i32: 1, 4, 1, 0>, permutation_map = affine_map<(d0, d1, d2, d3) -> (d3)>}> : (memref<1x82x82x320xf32>, index, index, index, index, f32) -> vector<32xf32>
    "vector.transfer_write"(%2245, %1672, %arg241, %arg242, %arg243, %arg244, %2242) <{in_bounds = [true], operandSegmentSizes = array<i32: 1, 1, 5, 0>, permutation_map = affine_map<(d0, d1, d2, d3, d4) -> (d4)>}> : (vector<32xf32>, memref<80x80x3x3x320xf32>, index, index, index, index, index) -> ()
    "scf.yield"() : () -> ()
  }) : (index, index, index) -> ()
  "scf.reduce"() : () -> ()
}) : (index, index, index, index, index, index, index, index, index, index, index, index) -> ()
/tmp/ncnn-compile-274d00/model.capi.mlir:16873:5: error: 'scf.parallel' op remains after parallel lowering; op=scf.parallel
    scf.parallel (%arg3, %arg4) = (%c0, %c0) to (%c160, %c160) step (%c1, %c1) {
    ^
/tmp/ncnn-compile-274d00/model.capi.mlir:16873:5: note: see current operation: 
"scf.parallel"(%1054, %1054, %1067, %1067, %1011, %1011) <{operandSegmentSizes = array<i32: 2, 2, 2, 0>}> ({
^bb0(%arg217: index, %arg218: index):
  "scf.for"(%1054, %1018, %1011) ({
  ^bb0(%arg219: index):
    %2179 = "arith.muli"(%arg219, %1012) <{overflowFlags = #arith.overflow<none>}> : (index, index) -> index
    %2180 = "vector.transfer_read"(%1674, %1054, %arg217, %arg218, %2179, %1014) <{in_bounds = [true], operandSegmentSizes = array<i32: 1, 4, 1, 0>, permutation_map = affine_map<(d0, d1, d2, d3) -> (d3)>}> : (memref<1x160x160x320xf32>, index, index, index, index, f32) -> vector<32xf32>
    "vector.transfer_write"(%2180, %1676, %1054, %arg217, %arg218, %2179) <{in_bounds = [true], operandSegmentSizes = array<i32: 1, 1, 4, 0>, permutation_map = affine_map<(d0, d1, d2, d3) -> (d3)>}> : (vector<32xf32>, memref<1x160x160x320xf32, strided<[8398080, 51840, 320, 1], offset: 52160>>, index, index, index, index) -> ()
    "scf.yield"() : () -> ()
  }) : (index, index, index) -> ()
  "scf.reduce"() : () -> ()
}) : (index, index, index, index, index, index) -> ()
/tmp/ncnn-compile-274d00/model.capi.mlir:16886:5: error: 'scf.parallel' op remains after parallel lowering; op=scf.parallel
    scf.parallel (%arg3, %arg4) = (%c0, %c0) to (%c160, %c160) step (%c1, %c1) {
    ^
/tmp/ncnn-compile-274d00/model.capi.mlir:16886:5: note: see current operation: 
"scf.parallel"(%1054, %1054, %1067, %1067, %1011, %1011) <{operandSegmentSizes = array<i32: 2, 2, 2, 0>}> ({
^bb0(%arg214: index, %arg215: index):
  "scf.for"(%1054, %1018, %1011) ({
  ^bb0(%arg216: index):
    %2177 = "arith.muli"(%arg216, %1012) <{overflowFlags = #arith.overflow<none>}> : (index, index) -> index
    %2178 = "vector.transfer_read"(%1235, %2177, %1014) <{in_bounds = [true], operandSegmentSizes = array<i32: 1, 1, 1, 0>, permutation_map = affine_map<(d0) -> (d0)>}> : (memref<320xf32>, index, f32) -> vector<32xf32>
    "vector.transfer_write"(%2178, %1674, %1054, %arg214, %arg215, %2177) <{in_bounds = [true], operandSegmentSizes = array<i32: 1, 1, 4, 0>, permutation_map = affine_map<(d0, d1, d2, d3) -> (d3)>}> : (vector<32xf32>, memref<1x160x160x320xf32>, index, index, index, index) -> ()
    "scf.yield"() : () -> ()
  }) : (index, index, index) -> ()
  "scf.reduce"() : () -> ()
}) : (index, index, index, index, index, index) -> ()
/tmp/ncnn-compile-274d00/model.capi.mlir:16908:5: error: 'scf.parallel' op remains after parallel lowering; op=scf.parallel
    scf.parallel (%arg3, %arg4, %arg5, %arg6) = (%c0, %c0, %c0, %c0) to (%c160, %c160, %c3, %c3) step (%c1, %c1, %c1, %c1) {
    ^
/tmp/ncnn-compile-274d00/model.capi.mlir:16908:5: note: see current operation: 
"scf.parallel"(%1054, %1054, %1054, %1054, %1067, %1067, %1062, %1062, %1011, %1011, %1011, %1011) <{operandSegmentSizes = array<i32: 4, 4, 4, 0>}> ({
^bb0(%arg209: index, %arg210: index, %arg211: index, %arg212: index):
  "scf.for"(%1054, %1018, %1011) ({
  ^bb0(%arg213: index):
    %2173 = "arith.muli"(%arg213, %1012) <{overflowFlags = #arith.overflow<none>}> : (index, index) -> index
    %2174 = "affine.apply"(%arg209, %arg211) <{map = affine_map<(d0, d1) -> (d0 + d1)>}> : (index, index) -> index
    %2175 = "affine.apply"(%arg210, %arg212) <{map = affine_map<(d0, d1) -> (d0 + d1)>}> : (index, index) -> index
    %2176 = "vector.transfer_read"(%1675, %1054, %2174, %2175, %2173, %1014) <{in_bounds = [true], operandSegmentSizes = array<i32: 1, 4, 1, 0>, permutation_map = affine_map<(d0, d1, d2, d3) -> (d3)>}> : (memref<1x162x162x320xf32>, index, index, index, index, f32) -> vector<32xf32>
    "vector.transfer_write"(%2176, %1678, %arg209, %arg210, %arg211, %arg212, %2173) <{in_bounds = [true], operandSegmentSizes = array<i32: 1, 1, 5, 0>, permutation_map = affine_map<(d0, d1, d2, d3, d4) -> (d4)>}> : (vector<32xf32>, memref<160x160x3x3x320xf32>, index, index, index, index, index) -> ()
    "scf.yield"() : () -> ()
  }) : (index, index, index) -> ()
  "scf.reduce"() : () -> ()
}) : (index, index, index, index, index, index, index, index, index, index, index, index) -> ()
/tmp/ncnn-compile-274d00/model.capi.mlir:17016:5: error: 'scf.parallel' op remains after parallel lowering; op=scf.parallel
    scf.parallel (%arg3, %arg4) = (%c0, %c0) to (%c160, %c160) step (%c1, %c1) {
    ^
/tmp/ncnn-compile-274d00/model.capi.mlir:17016:5: note: see current operation: 
"scf.parallel"(%1054, %1054, %1067, %1067, %1011, %1011) <{operandSegmentSizes = array<i32: 2, 2, 2, 0>}> ({
^bb0(%arg194: index, %arg195: index):
  %2136 = "vector.transfer_read"(%1234, %1054, %1014) <{in_bounds = [true], operandSegmentSizes = array<i32: 1, 1, 1, 0>, permutation_map = affine_map<(d0) -> (d0)>}> : (memref<32xf32>, index, f32) -> vector<32xf32>
  "vector.transfer_write"(%2136, %1681, %1054, %arg194, %arg195, %1054) <{in_bounds = [true], operandSegmentSizes = array<i32: 1, 1, 4, 0>, permutation_map = affine_map<(d0, d1, d2, d3) -> (d3)>}> : (vector<32xf32>, memref<1x160x160x32xf32>, index, index, index, index) -> ()
  "scf.reduce"() : () -> ()
}) : (index, index, index, index, index, index) -> ()
/tmp/ncnn-compile-274d00/model.capi.mlir:17119:5: error: 'scf.parallel' op remains after parallel lowering; op=scf.parallel
    scf.parallel (%arg3, %arg4) = (%c0, %c0) to (%c80, %c80) step (%c1, %c1) {
    ^
/tmp/ncnn-compile-274d00/model.capi.mlir:17119:5: note: see current operation: 
"scf.parallel"(%1054, %1054, %1068, %1068, %1011, %1011) <{operandSegmentSizes = array<i32: 2, 2, 2, 0>}> ({
^bb0(%arg177: index, %arg178: index):
  "scf.for"(%1054, %1018, %1011) ({
  ^bb0(%arg180: index):
    %2100 = "arith.muli"(%arg180, %1012) <{overflowFlags = #arith.overflow<none>}> : (index, index) -> index
    %2101 = "vector.transfer_read"(%1233, %2100, %1014) <{in_bounds = [true], operandSegmentSizes = array<i32: 1, 1, 1, 0>, permutation_map = affine_map<(d0) -> (d0)>}> : (memref<351xf32>, index, f32) -> vector<32xf32>
    "vector.transfer_write"(%2101, %1685, %1054, %arg177, %arg178, %2100) <{in_bounds = [true], operandSegmentSizes = array<i32: 1, 1, 4, 0>, permutation_map = affine_map<(d0, d1, d2, d3) -> (d3)>}> : (vector<32xf32>, memref<1x80x80x351xf32>, index, index, index, index) -> ()
    "scf.yield"() : () -> ()
  }) : (index, index, index) -> ()
  "scf.for"(%1054, %1083, %1011) ({
  ^bb0(%arg179: index):
    %2098 = "arith.addi"(%arg179, %1059) <{overflowFlags = #arith.overflow<none>}> : (index, index) -> index
    %2099 = "memref.load"(%1233, %2098) : (memref<351xf32>, index) -> f32
    "memref.store"(%2099, %1685, %1054, %arg177, %arg178, %2098) : (f32, memref<1x80x80x351xf32>, index, index, index, index) -> ()
    "scf.yield"() : () -> ()
  }) : (index, index, index) -> ()
  "scf.reduce"() : () -> ()
}) : (index, index, index, index, index, index) -> ()
/tmp/ncnn-compile-274d00/model.capi.mlir:17404:5: error: 'scf.parallel' op remains after parallel lowering; op=scf.parallel
    scf.parallel (%arg3, %arg4, %arg5) = (%c0, %c0, %c0) to (%c3, %c80, %c80) step (%c1, %c1, %c1) {
    ^
/tmp/ncnn-compile-274d00/model.capi.mlir:17404:5: note: see current operation: 
"scf.parallel"(%1054, %1054, %1054, %1062, %1068, %1068, %1011, %1011, %1011) <{operandSegmentSizes = array<i32: 3, 3, 3, 0>}> ({
^bb0(%arg137: index, %arg138: index, %arg139: index):
  %1998 = "vector.transfer_read"(%1697, %arg137, %arg138, %arg139, %1054, %1014) <{in_bounds = [true], operandSegmentSizes = array<i32: 1, 4, 1, 0>, permutation_map = affine_map<(d0, d1, d2, d3) -> (d3)>}> : (memref<3x80x80x2xf32>, index, index, index, index, f32) -> vector<2xf32>
  "vector.transfer_write"(%1998, %1700, %arg137, %arg138, %arg139, %1054) <{in_bounds = [true], operandSegmentSizes = array<i32: 1, 1, 4, 0>, permutation_map = affine_map<(d0, d1, d2, d3) -> (d3)>}> : (vector<2xf32>, memref<3x80x80x2xf32, strided<[748800, 9360, 117, 1]>>, index, index, index, index) -> ()
  "scf.reduce"() : () -> ()
}) : (index, index, index, index, index, index, index, index, index) -> ()
/tmp/ncnn-compile-274d00/model.capi.mlir:17415:5: error: 'scf.parallel' op remains after parallel lowering; op=scf.parallel
    scf.parallel (%arg3, %arg4, %arg5) = (%c0, %c0, %c0) to (%c3, %c80, %c80) step (%c1, %c1, %c1) {
    ^
/tmp/ncnn-compile-274d00/model.capi.mlir:17415:5: note: see current operation: 
"scf.parallel"(%1054, %1054, %1054, %1062, %1068, %1068, %1011, %1011, %1011) <{operandSegmentSizes = array<i32: 3, 3, 3, 0>}> ({
^bb0(%arg134: index, %arg135: index, %arg136: index):
  %1997 = "vector.transfer_read"(%1696, %arg134, %arg135, %arg136, %1054, %1014) <{in_bounds = [true], operandSegmentSizes = array<i32: 1, 4, 1, 0>, permutation_map = affine_map<(d0, d1, d2, d3) -> (d3)>}> : (memref<3x80x80x2xf32>, index, index, index, index, f32) -> vector<2xf32>
  "vector.transfer_write"(%1997, %1701, %arg134, %arg135, %arg136, %1054) <{in_bounds = [true], operandSegmentSizes = array<i32: 1, 1, 4, 0>, permutation_map = affine_map<(d0, d1, d2, d3) -> (d3)>}> : (vector<2xf32>, memref<3x80x80x2xf32, strided<[748800, 9360, 117, 1], offset: 2>>, index, index, index, index) -> ()
  "scf.reduce"() : () -> ()
}) : (index, index, index, index, index, index, index, index, index) -> ()
/tmp/ncnn-compile-274d00/model.capi.mlir:17426:5: error: 'scf.parallel' op remains after parallel lowering; op=scf.parallel
    scf.parallel (%arg3, %arg4, %arg5) = (%c0, %c0, %c0) to (%c3, %c80, %c80) step (%c1, %c1, %c1) {
    ^
/tmp/ncnn-compile-274d00/model.capi.mlir:17426:5: note: see current operation: 
"scf.parallel"(%1054, %1054, %1054, %1062, %1068, %1068, %1011, %1011, %1011) <{operandSegmentSizes = array<i32: 3, 3, 3, 0>}> ({
^bb0(%arg129: index, %arg130: index, %arg131: index):
  "scf.for"(%1054, %1013, %1011) ({
  ^bb0(%arg133: index):
    %1995 = "arith.muli"(%arg133, %1012) <{overflowFlags = #arith.overflow<none>}> : (index, index) -> index
    %1996 = "vector.transfer_read"(%1699, %arg129, %arg130, %arg131, %1995, %1014) <{in_bounds = [true], operandSegmentSizes = array<i32: 1, 4, 1, 0>, permutation_map = affine_map<(d0, d1, d2, d3) -> (d3)>}> : (memref<3x80x80x81xf32>, index, index, index, index, f32) -> vector<32xf32>
    "vector.transfer_write"(%1996, %1702, %arg129, %arg130, %arg131, %1995) <{in_bounds = [true], operandSegmentSizes = array<i32: 1, 1, 4, 0>, permutation_map = affine_map<(d0, d1, d2, d3) -> (d3)>}> : (vector<32xf32>, memref<3x80x80x81xf32, strided<[748800, 9360, 117, 1], offset: 4>>, index, index, index, index) -> ()
    "scf.yield"() : () -> ()
  }) : (index, index, index) -> ()
  "scf.for"(%1054, %1021, %1011) ({
  ^bb0(%arg132: index):
    %1993 = "arith.addi"(%arg132, %1015) <{overflowFlags = #arith.overflow<none>}> : (index, index) -> index
    %1994 = "memref.load"(%1699, %arg129, %arg130, %arg131, %1993) : (memref<3x80x80x81xf32>, index, index, index, index) -> f32
    "memref.store"(%1994, %1702, %arg129, %arg130, %arg131, %1993) : (f32, memref<3x80x80x81xf32, strided<[748800, 9360, 117, 1], offset: 4>>, index, index, index, index) -> ()
    "scf.yield"() : () -> ()
  }) : (index, index, index) -> ()
  "scf.reduce"() : () -> ()
}) : (index, index, index, index, index, index, index, index, index) -> ()
/tmp/ncnn-compile-274d00/model.capi.mlir:17445:5: error: 'scf.parallel' op remains after parallel lowering; op=scf.parallel
    scf.parallel (%arg3, %arg4, %arg5) = (%c0, %c0, %c0) to (%c3, %c80, %c80) step (%c1, %c1, %c1) {
    ^
/tmp/ncnn-compile-274d00/model.capi.mlir:17445:5: note: see current operation: 
"scf.parallel"(%1054, %1054, %1054, %1062, %1068, %1068, %1011, %1011, %1011) <{operandSegmentSizes = array<i32: 3, 3, 3, 0>}> ({
^bb0(%arg126: index, %arg127: index, %arg128: index):
  %1992 = "vector.transfer_read"(%1695, %arg126, %arg127, %arg128, %1054, %1014) <{in_bounds = [true], operandSegmentSizes = array<i32: 1, 4, 1, 0>, permutation_map = affine_map<(d0, d1, d2, d3) -> (d3)>}> : (memref<3x80x80x32xf32, strided<[748800, 9360, 117, 1], offset: 85>>, index, index, index, index, f32) -> vector<32xf32>
  "vector.transfer_write"(%1992, %1703, %arg126, %arg127, %arg128, %1054) <{in_bounds = [true], operandSegmentSizes = array<i32: 1, 1, 4, 0>, permutation_map = affine_map<(d0, d1, d2, d3) -> (d3)>}> : (vector<32xf32>, memref<3x80x80x32xf32, strided<[748800, 9360, 117, 1], offset: 85>>, index, index, index, index) -> ()
  "scf.reduce"() : () -> ()
}) : (index, index, index, index, index, index, index, index, index) -> ()
/tmp/ncnn-compile-274d00/model.capi.mlir:17464:5: error: 'scf.parallel' op remains after parallel lowering; op=scf.parallel
    scf.parallel (%arg3, %arg4) = (%c0, %c0) to (%c40, %c40) step (%c1, %c1) {
    ^
/tmp/ncnn-compile-274d00/model.capi.mlir:17464:5: note: see current operation: 
"scf.parallel"(%1054, %1054, %1020, %1020, %1011, %1011) <{operandSegmentSizes = array<i32: 2, 2, 2, 0>}> ({
^bb0(%arg122: index, %arg123: index):
  "scf.for"(%1054, %1018, %1011) ({
  ^bb0(%arg125: index):
    %1990 = "arith.muli"(%arg125, %1012) <{overflowFlags = #arith.overflow<none>}> : (index, index) -> index
    %1991 = "vector.transfer_read"(%1232, %1990, %1014) <{in_bounds = [true], operandSegmentSizes = array<i32: 1, 1, 1, 0>, permutation_map = affine_map<(d0) -> (d0)>}> : (memref<351xf32>, index, f32) -> vector<32xf32>
    "vector.transfer_write"(%1991, %1705, %1054, %arg122, %arg123, %1990) <{in_bounds = [true], operandSegmentSizes = array<i32: 1, 1, 4, 0>, permutation_map = affine_map<(d0, d1, d2, d3) -> (d3)>}> : (vector<32xf32>, memref<1x40x40x351xf32>, index, index, index, index) -> ()
    "scf.yield"() : () -> ()
  }) : (index, index, index) -> ()
  "scf.for"(%1054, %1083, %1011) ({
  ^bb0(%arg124: index):
    %1988 = "arith.addi"(%arg124, %1059) <{overflowFlags = #arith.overflow<none>}> : (index, index) -> index
    %1989 = "memref.load"(%1232, %1988) : (memref<351xf32>, index) -> f32
    "memref.store"(%1989, %1705, %1054, %arg122, %arg123, %1988) : (f32, memref<1x40x40x351xf32>, index, index, index, index) -> ()
    "scf.yield"() : () -> ()
  }) : (index, index, index) -> ()
  "scf.reduce"() : () -> ()
}) : (index, index, index, index, index, index) -> ()
/tmp/ncnn-compile-274d00/model.capi.mlir:17749:5: error: 'scf.parallel' op remains after parallel lowering; op=scf.parallel
    scf.parallel (%arg3, %arg4, %arg5) = (%c0, %c0, %c0) to (%c3, %c40, %c40) step (%c1, %c1, %c1) {
    ^
/tmp/ncnn-compile-274d00/model.capi.mlir:17749:5: note: see current operation: 
"scf.parallel"(%1054, %1054, %1054, %1062, %1020, %1020, %1011, %1011, %1011) <{operandSegmentSizes = array<i32: 3, 3, 3, 0>}> ({
^bb0(%arg82: index, %arg83: index, %arg84: index):
  %1888 = "vector.transfer_read"(%1717, %arg82, %arg83, %arg84, %1054, %1014) <{in_bounds = [true], operandSegmentSizes = array<i32: 1, 4, 1, 0>, permutation_map = affine_map<(d0, d1, d2, d3) -> (d3)>}> : (memref<3x40x40x2xf32>, index, index, index, index, f32) -> vector<2xf32>
  "vector.transfer_write"(%1888, %1720, %arg82, %arg83, %arg84, %1054) <{in_bounds = [true], operandSegmentSizes = array<i32: 1, 1, 4, 0>, permutation_map = affine_map<(d0, d1, d2, d3) -> (d3)>}> : (vector<2xf32>, memref<3x40x40x2xf32, strided<[187200, 4680, 117, 1]>>, index, index, index, index) -> ()
  "scf.reduce"() : () -> ()
}) : (index, index, index, index, index, index, index, index, index) -> ()
/tmp/ncnn-compile-274d00/model.capi.mlir:17760:5: error: 'scf.parallel' op remains after parallel lowering; op=scf.parallel
    scf.parallel (%arg3, %arg4, %arg5) = (%c0, %c0, %c0) to (%c3, %c40, %c40) step (%c1, %c1, %c1) {
    ^
/tmp/ncnn-compile-274d00/model.capi.mlir:17760:5: note: see current operation: 
"scf.parallel"(%1054, %1054, %1054, %1062, %1020, %1020, %1011, %1011, %1011) <{operandSegmentSizes = array<i32: 3, 3, 3, 0>}> ({
^bb0(%arg79: index, %arg80: index, %arg81: index):
  %1887 = "vector.transfer_read"(%1716, %arg79, %arg80, %arg81, %1054, %1014) <{in_bounds = [true], operandSegmentSizes = array<i32: 1, 4, 1, 0>, permutation_map = affine_map<(d0, d1, d2, d3) -> (d3)>}> : (memref<3x40x40x2xf32>, index, index, index, index, f32) -> vector<2xf32>
  "vector.transfer_write"(%1887, %1721, %arg79, %arg80, %arg81, %1054) <{in_bounds = [true], operandSegmentSizes = array<i32: 1, 1, 4, 0>, permutation_map = affine_map<(d0, d1, d2, d3) -> (d3)>}> : (vector<2xf32>, memref<3x40x40x2xf32, strided<[187200, 4680, 117, 1], offset: 2>>, index, index, index, index) -> ()
  "scf.reduce"() : () -> ()
}) : (index, index, index, index, index, index, index, index, index) -> ()
/tmp/ncnn-compile-274d00/model.capi.mlir:17771:5: error: 'scf.parallel' op remains after parallel lowering; op=scf.parallel
    scf.parallel (%arg3, %arg4, %arg5) = (%c0, %c0, %c0) to (%c3, %c40, %c40) step (%c1, %c1, %c1) {
    ^
/tmp/ncnn-compile-274d00/model.capi.mlir:17771:5: note: see current operation: 
"scf.parallel"(%1054, %1054, %1054, %1062, %1020, %1020, %1011, %1011, %1011) <{operandSegmentSizes = array<i32: 3, 3, 3, 0>}> ({
^bb0(%arg74: index, %arg75: index, %arg76: index):
  "scf.for"(%1054, %1013, %1011) ({
  ^bb0(%arg78: index):
    %1885 = "arith.muli"(%arg78, %1012) <{overflowFlags = #arith.overflow<none>}> : (index, index) -> index
    %1886 = "vector.transfer_read"(%1719, %arg74, %arg75, %arg76, %1885, %1014) <{in_bounds = [true], operandSegmentSizes = array<i32: 1, 4, 1, 0>, permutation_map = affine_map<(d0, d1, d2, d3) -> (d3)>}> : (memref<3x40x40x81xf32>, index, index, index, index, f32) -> vector<32xf32>
    "vector.transfer_write"(%1886, %1722, %arg74, %arg75, %arg76, %1885) <{in_bounds = [true], operandSegmentSizes = array<i32: 1, 1, 4, 0>, permutation_map = affine_map<(d0, d1, d2, d3) -> (d3)>}> : (vector<32xf32>, memref<3x40x40x81xf32, strided<[187200, 4680, 117, 1], offset: 4>>, index, index, index, index) -> ()
    "scf.yield"() : () -> ()
  }) : (index, index, index) -> ()
  "scf.for"(%1054, %1021, %1011) ({
  ^bb0(%arg77: index):
    %1883 = "arith.addi"(%arg77, %1015) <{overflowFlags = #arith.overflow<none>}> : (index, index) -> index
    %1884 = "memref.load"(%1719, %arg74, %arg75, %arg76, %1883) : (memref<3x40x40x81xf32>, index, index, index, index) -> f32
    "memref.store"(%1884, %1722, %arg74, %arg75, %arg76, %1883) : (f32, memref<3x40x40x81xf32, strided<[187200, 4680, 117, 1], offset: 4>>, index, index, index, index) -> ()
    "scf.yield"() : () -> ()
  }) : (index, index, index) -> ()
  "scf.reduce"() : () -> ()
}) : (index, index, index, index, index, index, index, index, index) -> ()
/tmp/ncnn-compile-274d00/model.capi.mlir:17790:5: error: 'scf.parallel' op remains after parallel lowering; op=scf.parallel
    scf.parallel (%arg3, %arg4, %arg5) = (%c0, %c0, %c0) to (%c3, %c40, %c40) step (%c1, %c1, %c1) {
    ^
/tmp/ncnn-compile-274d00/model.capi.mlir:17790:5: note: see current operation: 
"scf.parallel"(%1054, %1054, %1054, %1062, %1020, %1020, %1011, %1011, %1011) <{operandSegmentSizes = array<i32: 3, 3, 3, 0>}> ({
^bb0(%arg71: index, %arg72: index, %arg73: index):
  %1882 = "vector.transfer_read"(%1715, %arg71, %arg72, %arg73, %1054, %1014) <{in_bounds = [true], operandSegmentSizes = array<i32: 1, 4, 1, 0>, permutation_map = affine_map<(d0, d1, d2, d3) -> (d3)>}> : (memref<3x40x40x32xf32, strided<[187200, 4680, 117, 1], offset: 85>>, index, index, index, index, f32) -> vector<32xf32>
  "vector.transfer_write"(%1882, %1723, %arg71, %arg72, %arg73, %1054) <{in_bounds = [true], operandSegmentSizes = array<i32: 1, 1, 4, 0>, permutation_map = affine_map<(d0, d1, d2, d3) -> (d3)>}> : (vector<32xf32>, memref<3x40x40x32xf32, strided<[187200, 4680, 117, 1], offset: 85>>, index, index, index, index) -> ()
  "scf.reduce"() : () -> ()
}) : (index, index, index, index, index, index, index, index, index) -> ()
/tmp/ncnn-compile-274d00/model.capi.mlir:17809:5: error: 'scf.parallel' op remains after parallel lowering; op=scf.parallel
    scf.parallel (%arg3, %arg4) = (%c0, %c0) to (%c20, %c20) step (%c1, %c1) {
    ^
/tmp/ncnn-compile-274d00/model.capi.mlir:17809:5: note: see current operation: 
"scf.parallel"(%1054, %1054, %1019, %1019, %1011, %1011) <{operandSegmentSizes = array<i32: 2, 2, 2, 0>}> ({
^bb0(%arg67: index, %arg68: index):
  "scf.for"(%1054, %1018, %1011) ({
  ^bb0(%arg70: index):
    %1880 = "arith.muli"(%arg70, %1012) <{overflowFlags = #arith.overflow<none>}> : (index, index) -> index
    %1881 = "vector.transfer_read"(%1231, %1880, %1014) <{in_bounds = [true], operandSegmentSizes = array<i32: 1, 1, 1, 0>, permutation_map = affine_map<(d0) -> (d0)>}> : (memref<351xf32>, index, f32) -> vector<32xf32>
    "vector.transfer_write"(%1881, %1725, %1054, %arg67, %arg68, %1880) <{in_bounds = [true], operandSegmentSizes = array<i32: 1, 1, 4, 0>, permutation_map = affine_map<(d0, d1, d2, d3) -> (d3)>}> : (vector<32xf32>, memref<1x20x20x351xf32>, index, index, index, index) -> ()
    "scf.yield"() : () -> ()
  }) : (index, index, index) -> ()
  "scf.for"(%1054, %1083, %1011) ({
  ^bb0(%arg69: index):
    %1878 = "arith.addi"(%arg69, %1059) <{overflowFlags = #arith.overflow<none>}> : (index, index) -> index
    %1879 = "memref.load"(%1231, %1878) : (memref<351xf32>, index) -> f32
    "memref.store"(%1879, %1725, %1054, %arg67, %arg68, %1878) : (f32, memref<1x20x20x351xf32>, index, index, index, index) -> ()
    "scf.yield"() : () -> ()
  }) : (index, index, index) -> ()
  "scf.reduce"() : () -> ()
}) : (index, index, index, index, index, index) -> ()
/tmp/ncnn-compile-274d00/model.capi.mlir:18113:5: error: 'scf.parallel' op remains after parallel lowering; op=scf.parallel
    scf.parallel (%arg3, %arg4, %arg5) = (%c0, %c0, %c0) to (%c3, %c20, %c20) step (%c1, %c1, %c1) {
    ^
/tmp/ncnn-compile-274d00/model.capi.mlir:18113:5: note: see current operation: 
"scf.parallel"(%1054, %1054, %1054, %1062, %1019, %1019, %1011, %1011, %1011) <{operandSegmentSizes = array<i32: 3, 3, 3, 0>}> ({
^bb0(%arg23: index, %arg24: index, %arg25: index):
  %1766 = "vector.transfer_read"(%1737, %arg23, %arg24, %arg25, %1054, %1014) <{in_bounds = [true], operandSegmentSizes = array<i32: 1, 4, 1, 0>, permutation_map = affine_map<(d0, d1, d2, d3) -> (d3)>}> : (memref<3x20x20x2xf32>, index, index, index, index, f32) -> vector<2xf32>
  "vector.transfer_write"(%1766, %1740, %arg23, %arg24, %arg25, %1054) <{in_bounds = [true], operandSegmentSizes = array<i32: 1, 1, 4, 0>, permutation_map = affine_map<(d0, d1, d2, d3) -> (d3)>}> : (vector<2xf32>, memref<3x20x20x2xf32, strided<[46800, 2340, 117, 1]>>, index, index, index, index) -> ()
  "scf.reduce"() : () -> ()
}) : (index, index, index, index, index, index, index, index, index) -> ()
/tmp/ncnn-compile-274d00/model.capi.mlir:18124:5: error: 'scf.parallel' op remains after parallel lowering; op=scf.parallel
    scf.parallel (%arg3, %arg4, %arg5) = (%c0, %c0, %c0) to (%c3, %c20, %c20) step (%c1, %c1, %c1) {
    ^
/tmp/ncnn-compile-274d00/model.capi.mlir:18124:5: note: see current operation: 
"scf.parallel"(%1054, %1054, %1054, %1062, %1019, %1019, %1011, %1011, %1011) <{operandSegmentSizes = array<i32: 3, 3, 3, 0>}> ({
^bb0(%arg20: index, %arg21: index, %arg22: index):
  %1765 = "vector.transfer_read"(%1736, %arg20, %arg21, %arg22, %1054, %1014) <{in_bounds = [true], operandSegmentSizes = array<i32: 1, 4, 1, 0>, permutation_map = affine_map<(d0, d1, d2, d3) -> (d3)>}> : (memref<3x20x20x2xf32>, index, index, index, index, f32) -> vector<2xf32>
  "vector.transfer_write"(%1765, %1741, %arg20, %arg21, %arg22, %1054) <{in_bounds = [true], operandSegmentSizes = array<i32: 1, 1, 4, 0>, permutation_map = affine_map<(d0, d1, d2, d3) -> (d3)>}> : (vector<2xf32>, memref<3x20x20x2xf32, strided<[46800, 2340, 117, 1], offset: 2>>, index, index, index, index) -> ()
  "scf.reduce"() : () -> ()
}) : (index, index, index, index, index, index, index, index, index) -> ()
/tmp/ncnn-compile-274d00/model.capi.mlir:18135:5: error: 'scf.parallel' op remains after parallel lowering; op=scf.parallel
    scf.parallel (%arg3, %arg4, %arg5) = (%c0, %c0, %c0) to (%c3, %c20, %c20) step (%c1, %c1, %c1) {
    ^
/tmp/ncnn-compile-274d00/model.capi.mlir:18135:5: note: see current operation: 
"scf.parallel"(%1054, %1054, %1054, %1062, %1019, %1019, %1011, %1011, %1011) <{operandSegmentSizes = array<i32: 3, 3, 3, 0>}> ({
^bb0(%arg15: index, %arg16: index, %arg17: index):
  "scf.for"(%1054, %1013, %1011) ({
  ^bb0(%arg19: index):
    %1763 = "arith.muli"(%arg19, %1012) <{overflowFlags = #arith.overflow<none>}> : (index, index) -> index
    %1764 = "vector.transfer_read"(%1739, %arg15, %arg16, %arg17, %1763, %1014) <{in_bounds = [true], operandSegmentSizes = array<i32: 1, 4, 1, 0>, permutation_map = affine_map<(d0, d1, d2, d3) -> (d3)>}> : (memref<3x20x20x81xf32>, index, index, index, index, f32) -> vector<32xf32>
    "vector.transfer_write"(%1764, %1742, %arg15, %arg16, %arg17, %1763) <{in_bounds = [true], operandSegmentSizes = array<i32: 1, 1, 4, 0>, permutation_map = affine_map<(d0, d1, d2, d3) -> (d3)>}> : (vector<32xf32>, memref<3x20x20x81xf32, strided<[46800, 2340, 117, 1], offset: 4>>, index, index, index, index) -> ()
    "scf.yield"() : () -> ()
  }) : (index, index, index) -> ()
  "scf.for"(%1054, %1021, %1011) ({
  ^bb0(%arg18: index):
    %1761 = "arith.addi"(%arg18, %1015) <{overflowFlags = #arith.overflow<none>}> : (index, index) -> index
    %1762 = "memref.load"(%1739, %arg15, %arg16, %arg17, %1761) : (memref<3x20x20x81xf32>, index, index, index, index) -> f32
    "memref.store"(%1762, %1742, %arg15, %arg16, %arg17, %1761) : (f32, memref<3x20x20x81xf32, strided<[46800, 2340, 117, 1], offset: 4>>, index, index, index, index) -> ()
    "scf.yield"() : () -> ()
  }) : (index, index, index) -> ()
  "scf.reduce"() : () -> ()
}) : (index, index, index, index, index, index, index, index, index) -> ()
/tmp/ncnn-compile-274d00/model.capi.mlir:18154:5: error: 'scf.parallel' op remains after parallel lowering; op=scf.parallel
    scf.parallel (%arg3, %arg4, %arg5) = (%c0, %c0, %c0) to (%c3, %c20, %c20) step (%c1, %c1, %c1) {
    ^
/tmp/ncnn-compile-274d00/model.capi.mlir:18154:5: note: see current operation: 
"scf.parallel"(%1054, %1054, %1054, %1062, %1019, %1019, %1011, %1011, %1011) <{operandSegmentSizes = array<i32: 3, 3, 3, 0>}> ({
^bb0(%arg12: index, %arg13: index, %arg14: index):
  %1760 = "vector.transfer_read"(%1735, %arg12, %arg13, %arg14, %1054, %1014) <{in_bounds = [true], operandSegmentSizes = array<i32: 1, 4, 1, 0>, permutation_map = affine_map<(d0, d1, d2, d3) -> (d3)>}> : (memref<3x20x20x32xf32, strided<[46800, 2340, 117, 1], offset: 85>>, index, index, index, index, f32) -> vector<32xf32>
  "vector.transfer_write"(%1760, %1743, %arg12, %arg13, %arg14, %1054) <{in_bounds = [true], operandSegmentSizes = array<i32: 1, 1, 4, 0>, permutation_map = affine_map<(d0, d1, d2, d3) -> (d3)>}> : (vector<32xf32>, memref<3x20x20x32xf32, strided<[46800, 2340, 117, 1], offset: 85>>, index, index, index, index) -> ()
  "scf.reduce"() : () -> ()
}) : (index, index, index, index, index, index, index, index, index) -> ()
/tmp/ncnn-compile-274d00/model.capi.mlir:18166:5: error: 'scf.parallel' op remains after parallel lowering; op=scf.parallel
    scf.parallel (%arg3) = (%c0) to (%c19200) step (%c1) {
    ^
/tmp/ncnn-compile-274d00/model.capi.mlir:18166:5: note: see current operation: 
"scf.parallel"(%1054, %1084, %1011) <{operandSegmentSizes = array<i32: 1, 1, 1, 0>}> ({
^bb0(%arg9: index):
  "scf.for"(%1054, %1062, %1011) ({
  ^bb0(%arg11: index):
    %1758 = "arith.muli"(%arg11, %1012) <{overflowFlags = #arith.overflow<none>}> : (index, index) -> index
    %1759 = "vector.transfer_read"(%1704, %arg9, %1758, %1014) <{in_bounds = [true], operandSegmentSizes = array<i32: 1, 2, 1, 0>, permutation_map = affine_map<(d0, d1) -> (d1)>}> : (memref<19200x117xf32>, index, index, f32) -> vector<32xf32>
    "vector.transfer_write"(%1759, %1745, %arg9, %1758) <{in_bounds = [true], operandSegmentSizes = array<i32: 1, 1, 2, 0>, permutation_map = affine_map<(d0, d1) -> (d1)>}> : (vector<32xf32>, memref<19200x117xf32, strided<[117, 1]>>, index, index) -> ()
    "scf.yield"() : () -> ()
  }) : (index, index, index) -> ()
  "scf.for"(%1054, %1078, %1011) ({
  ^bb0(%arg10: index):
    %1756 = "arith.addi"(%arg10, %1085) <{overflowFlags = #arith.overflow<none>}> : (index, index) -> index
    %1757 = "memref.load"(%1704, %arg9, %1756) : (memref<19200x117xf32>, index, index) -> f32
    "memref.store"(%1757, %1745, %arg9, %1756) : (f32, memref<19200x117xf32, strided<[117, 1]>>, index, index) -> ()
    "scf.yield"() : () -> ()
  }) : (index, index, index) -> ()
  "scf.reduce"() : () -> ()
}) : (index, index, index) -> ()
/tmp/ncnn-compile-274d00/model.capi.mlir:18185:5: error: 'scf.parallel' op remains after parallel lowering; op=scf.parallel
    scf.parallel (%arg3) = (%c0) to (%c4800) step (%c1) {
    ^
/tmp/ncnn-compile-274d00/model.capi.mlir:18185:5: note: see current operation: 
"scf.parallel"(%1054, %1086, %1011) <{operandSegmentSizes = array<i32: 1, 1, 1, 0>}> ({
^bb0(%arg6: index):
  "scf.for"(%1054, %1062, %1011) ({
  ^bb0(%arg8: index):
    %1754 = "arith.muli"(%arg8, %1012) <{overflowFlags = #arith.overflow<none>}> : (index, index) -> index
    %1755 = "vector.transfer_read"(%1724, %arg6, %1754, %1014) <{in_bounds = [true], operandSegmentSizes = array<i32: 1, 2, 1, 0>, permutation_map = affine_map<(d0, d1) -> (d1)>}> : (memref<4800x117xf32>, index, index, f32) -> vector<32xf32>
    "vector.transfer_write"(%1755, %1746, %arg6, %1754) <{in_bounds = [true], operandSegmentSizes = array<i32: 1, 1, 2, 0>, permutation_map = affine_map<(d0, d1) -> (d1)>}> : (vector<32xf32>, memref<4800x117xf32, strided<[117, 1], offset: 2246400>>, index, index) -> ()
    "scf.yield"() : () -> ()
  }) : (index, index, index) -> ()
  "scf.for"(%1054, %1078, %1011) ({
  ^bb0(%arg7: index):
    %1752 = "arith.addi"(%arg7, %1085) <{overflowFlags = #arith.overflow<none>}> : (index, index) -> index
    %1753 = "memref.load"(%1724, %arg6, %1752) : (memref<4800x117xf32>, index, index) -> f32
    "memref.store"(%1753, %1746, %arg6, %1752) : (f32, memref<4800x117xf32, strided<[117, 1], offset: 2246400>>, index, index) -> ()
    "scf.yield"() : () -> ()
  }) : (index, index, index) -> ()
  "scf.reduce"() : () -> ()
}) : (index, index, index) -> ()
/tmp/ncnn-compile-274d00/model.capi.mlir:18204:5: error: 'scf.parallel' op remains after parallel lowering; op=scf.parallel
    scf.parallel (%arg3) = (%c0) to (%c1200) step (%c1) {
    ^
/tmp/ncnn-compile-274d00/model.capi.mlir:18204:5: note: see current operation: 
"scf.parallel"(%1054, %1087, %1011) <{operandSegmentSizes = array<i32: 1, 1, 1, 0>}> ({
^bb0(%arg3: index):
  "scf.for"(%1054, %1062, %1011) ({
  ^bb0(%arg5: index):
    %1750 = "arith.muli"(%arg5, %1012) <{overflowFlags = #arith.overflow<none>}> : (index, index) -> index
    %1751 = "vector.transfer_read"(%1744, %arg3, %1750, %1014) <{in_bounds = [true], operandSegmentSizes = array<i32: 1, 2, 1, 0>, permutation_map = affine_map<(d0, d1) -> (d1)>}> : (memref<1200x117xf32>, index, index, f32) -> vector<32xf32>
    "vector.transfer_write"(%1751, %1747, %arg3, %1750) <{in_bounds = [true], operandSegmentSizes = array<i32: 1, 1, 2, 0>, permutation_map = affine_map<(d0, d1) -> (d1)>}> : (vector<32xf32>, memref<1200x117xf32, strided<[117, 1], offset: 2808000>>, index, index) -> ()
    "scf.yield"() : () -> ()
  }) : (index, index, index) -> ()
  "scf.for"(%1054, %1078, %1011) ({
  ^bb0(%arg4: index):
    %1748 = "arith.addi"(%arg4, %1085) <{overflowFlags = #arith.overflow<none>}> : (index, index) -> index
    %1749 = "memref.load"(%1744, %arg3, %1748) : (memref<1200x117xf32>, index, index) -> f32
    "memref.store"(%1749, %1747, %arg3, %1748) : (f32, memref<1200x117xf32, strided<[117, 1], offset: 2808000>>, index, index) -> ()
    "scf.yield"() : () -> ()
  }) : (index, index, index) -> ()
  "scf.reduce"() : () -> ()
}) : (index, index, index) -> ()
ncnn-compile: error: command failed with exit code 1: "/tmp/ncnn-compiler-stage-p25-baseline-20260925-01/bin/ncnn-mlir-opt" "--ncnn-memref-to-llvm-pipeline=threads=1 vector-lowering=true vector-math=libmvec vector-math-abi=_ZGVdN8 vector-math-lanes=8" "/tmp/ncnn-compile-274d00/model.capi.mlir" "-o" "/tmp/ncnn-compile-274d00/model.llvm.mlir"
